id,value
07-01-2026 09:15||NIFTY27JAN2624100PE,0.1627527145309655
07-01-2026 09:15||NIFTY27JAN2625500CE,0.1130593771771181
07-01-2026 09:15||NIFTY27JAN2625800CE,0.101523991462524
07-01-2026 09:20||NIFTY27JAN2624000PE,0.1694551632380179
07-01-2026 09:20||NIFTY27JAN2624200PE,0.1588208569458781
07-01-2026 09:20||NIFTY27JAN2624800PE,0.1281794077438048
07-01-2026 09:20||NIFTY27JAN2625000PE,0.1184089998621533
07-01-2026 09:20||NIFTY27JAN2625300CE,0.1025780743320402
07-01-2026 09:20||NIFTY27JAN2625400CE,0.1083546887841563
07-01-2026 09:20||NIFTY27JAN2625800CE,0.1077624780448586
07-01-2026 09:20||NIFTY27JAN2625900CE,0.1042316475922127
07-01-2026 09:25||NIFTY27JAN2624300PE,0.154110775946254
07-01-2026 09:25||NIFTY27JAN2625100PE,0.1129540400361719
07-01-2026 09:25||NIFTY27JAN2625300CE,0.0954362653492674
07-01-2026 09:25||NIFTY27JAN2626500CE,0.0846700027831256
07-01-2026 09:30||NIFTY27JAN2623900PE,0.176524341107647
07-01-2026 09:30||NIFTY27JAN2624300PE,0.1527572724428017
07-01-2026 09:30||NIFTY27JAN2625900CE,0.1021584255752431
07-01-2026 09:30||NIFTY27JAN2626400CE,0.0893021564833043
07-01-2026 09:35||NIFTY27JAN2623900PE,0.1768511085737341
07-01-2026 09:35||NIFTY27JAN2624600PE,0.1375273808587448
07-01-2026 09:35||NIFTY27JAN2625100PE,0.1113154746760215
07-01-2026 09:35||NIFTY27JAN2625900CE,0.1039262080905242
07-01-2026 09:35||NIFTY27JAN2626100CE,0.0962682747604471
07-01-2026 09:40||NIFTY27JAN2625100PE,0.1137463110713953
07-01-2026 09:40||NIFTY27JAN2625600CE,0.0862787528550416
07-01-2026 09:40||NIFTY27JAN2625800CE,0.0866876119255184
07-01-2026 09:40||NIFTY27JAN2625900CE,0.0859983687401749
07-01-2026 09:40||NIFTY27JAN2626200CE,0.0830234679262663
07-01-2026 09:45||NIFTY27JAN2625000PE,0.1157278541972071
07-01-2026 09:45||NIFTY27JAN2625200CE,0.1274467661662084
07-01-2026 09:45||NIFTY27JAN2625900CE,0.0998270849322798
07-01-2026 09:45||NIFTY27JAN2626400CE,0.0891270547617264
07-01-2026 09:50||NIFTY27JAN2623800PE,0.1789072643849252
07-01-2026 09:50||NIFTY27JAN2624500PE,0.1411224447699443
07-01-2026 09:50||NIFTY27JAN2624900PE,0.1208935403968897
07-01-2026 09:50||NIFTY27JAN2625200CE,0.1310297587735232
07-01-2026 09:50||NIFTY27JAN2625500CE,0.1096736161760534
07-01-2026 09:50||NIFTY27JAN2625600CE,0.1061176612052833
07-01-2026 09:50||NIFTY27JAN2626400CE,0.0881678263298173
07-01-2026 09:55||NIFTY27JAN2624300PE,0.1515615668401593
07-01-2026 09:55||NIFTY27JAN2624700PE,0.1306159402756562
07-01-2026 09:55||NIFTY27JAN2625000PE,0.115153550201876
07-01-2026 09:55||NIFTY27JAN2625500CE,0.1228957603055014
07-01-2026 09:55||NIFTY27JAN2625800CE,0.1115983113729014
07-01-2026 09:55||NIFTY27JAN2625900CE,0.1077122332281186
07-01-2026 10:00||NIFTY27JAN2624600PE,0.1377282052801356
07-01-2026 10:00||NIFTY27JAN2625000PE,0.1172792906708963
07-01-2026 10:00||NIFTY27JAN2625900CE,0.1014326670366065
07-01-2026 10:00||NIFTY27JAN2626100CE,0.0942024753638014
07-01-2026 10:00||NIFTY27JAN2626500CE,0.0881150233298787
07-01-2026 10:05||NIFTY27JAN2625200CE,0.0546034866841407
07-01-2026 10:05||NIFTY27JAN2625500CE,0.1082309388996144
07-01-2026 10:05||NIFTY27JAN2626300CE,0.0926205645856872
07-01-2026 10:10||NIFTY27JAN2623800PE,0.1854833486828492
07-01-2026 10:10||NIFTY27JAN2623900PE,0.1791825588362306
07-01-2026 10:10||NIFTY27JAN2624200PE,0.1603881367868311
07-01-2026 10:10||NIFTY27JAN2625500CE,0.1078366797665939
07-01-2026 10:10||NIFTY27JAN2625600CE,0.107369340581115
07-01-2026 10:10||NIFTY27JAN2625700CE,0.1062211429667989
07-01-2026 10:10||NIFTY27JAN2625900CE,0.1024607363417248
07-01-2026 10:10||NIFTY27JAN2626000CE,0.1001296312153501
07-01-2026 10:15||NIFTY27JAN2623900PE,0.1785361103623309
07-01-2026 10:15||NIFTY27JAN2625700CE,0.0920176233099564
07-01-2026 10:15||NIFTY27JAN2626100CE,0.0874814209708585
07-01-2026 10:15||NIFTY27JAN2626200CE,0.0866181466951232
07-01-2026 10:15||NIFTY27JAN2626500CE,0.0829025860543783
07-01-2026 10:20||NIFTY27JAN2624000PE,0.172219859109622
07-01-2026 10:20||NIFTY27JAN2624200PE,0.16124284813112
07-01-2026 10:20||NIFTY27JAN2624300PE,0.1558424442568524
07-01-2026 10:20||NIFTY27JAN2624500PE,0.1451808480257528
07-01-2026 10:20||NIFTY27JAN2625500CE,0.1108013358852966
07-01-2026 10:20||NIFTY27JAN2625700CE,0.1014046568815348
07-01-2026 10:20||NIFTY27JAN2626100CE,0.0905336697624281
07-01-2026 10:25||NIFTY27JAN2624000PE,0.170843538645843
07-01-2026 10:25||NIFTY27JAN2624100PE,0.1652492793707785
07-01-2026 10:25||NIFTY27JAN2625600CE,0.0996689518022397
07-01-2026 10:25||NIFTY27JAN2625700CE,0.0959171367497227
07-01-2026 10:25||NIFTY27JAN2626100CE,0.0897513971798085
07-01-2026 10:30||NIFTY27JAN2624200PE,0.1590756808319305
07-01-2026 10:30||NIFTY27JAN2625100PE,0.1104166571684488
07-01-2026 10:30||NIFTY27JAN2625500CE,0.116389871386007
07-01-2026 10:30||NIFTY27JAN2625600CE,0.1105743480320323
07-01-2026 10:30||NIFTY27JAN2626000CE,0.0960262051273817
07-01-2026 10:30||NIFTY27JAN2626200CE,0.0919736073231681
07-01-2026 10:30||NIFTY27JAN2626300CE,0.0902732830617183
07-01-2026 10:35||NIFTY27JAN2623800PE,0.1810349549397379
07-01-2026 10:35||NIFTY27JAN2624200PE,0.1590046434786804
07-01-2026 10:35||NIFTY27JAN2624500PE,0.1425492462917518
07-01-2026 10:35||NIFTY27JAN2625000PE,0.1162155432543107
07-01-2026 10:35||NIFTY27JAN2625400CE,0.1215369690705426
07-01-2026 10:35||NIFTY27JAN2625500CE,0.1148544826350291
07-01-2026 10:35||NIFTY27JAN2626100CE,0.0951997484573776
07-01-2026 10:35||NIFTY27JAN2626300CE,0.0916845387801441
07-01-2026 10:40||NIFTY27JAN2623900PE,0.1772434025269138
07-01-2026 10:40||NIFTY27JAN2624900PE,0.1221962043647635
07-01-2026 10:40||NIFTY27JAN2625100PE,0.1116689215290898
07-01-2026 10:40||NIFTY27JAN2625200CE,0.1304411300423197
07-01-2026 10:40||NIFTY27JAN2625400CE,0.1166705973274956
07-01-2026 10:40||NIFTY27JAN2625600CE,0.1069497961425694
07-01-2026 10:40||NIFTY27JAN2625800CE,0.0999135296987562
07-01-2026 10:40||NIFTY27JAN2626100CE,0.0927496510445809
07-01-2026 10:40||NIFTY27JAN2626300CE,0.0891932955813588
07-01-2026 10:45||NIFTY27JAN2624000PE,0.1705759725591819
07-01-2026 10:45||NIFTY27JAN2625100PE,0.1111948846803195
07-01-2026 10:45||NIFTY27JAN2625300CE,0.1205883667227306
07-01-2026 10:45||NIFTY27JAN2626000CE,0.0947188845066385
07-01-2026 10:45||NIFTY27JAN2626400CE,0.0871130539867601
07-01-2026 10:50||NIFTY27JAN2623900PE,0.1765089284364364
07-01-2026 10:50||NIFTY27JAN2624200PE,0.1595983469958768
07-01-2026 10:50||NIFTY27JAN2625600CE,0.1121342793524628
07-01-2026 10:50||NIFTY27JAN2625800CE,0.1045411041480607
07-01-2026 10:55||NIFTY27JAN2624300PE,0.1557100688268425
07-01-2026 10:55||NIFTY27JAN2624900PE,0.1234805943455234
07-01-2026 10:55||NIFTY27JAN2625500CE,0.1025994191021274
07-01-2026 11:00||NIFTY27JAN2624200PE,0.1606598021696201
07-01-2026 11:00||NIFTY27JAN2626500CE,0.0896934855718887
07-01-2026 11:05||NIFTY27JAN2624300PE,0.1565323245074238
07-01-2026 11:05||NIFTY27JAN2624600PE,0.1405363377855631
07-01-2026 11:05||NIFTY27JAN2624800PE,0.1299484186866468
07-01-2026 11:05||NIFTY27JAN2625200CE,0.0236832140620317
07-01-2026 11:05||NIFTY27JAN2626000CE,0.0960454066655078
07-01-2026 11:05||NIFTY27JAN2626200CE,0.0887772914614739
07-01-2026 11:10||NIFTY27JAN2624400PE,0.1500399449873663
07-01-2026 11:10||NIFTY27JAN2624800PE,0.1289585381799271
07-01-2026 11:10||NIFTY27JAN2625200CE,0.086092991058784
07-01-2026 11:10||NIFTY27JAN2625500CE,0.1067238286590495
07-01-2026 11:10||NIFTY27JAN2625700CE,0.1007163111675374
07-01-2026 11:10||NIFTY27JAN2625900CE,0.0949629429862555
07-01-2026 11:10||NIFTY27JAN2626300CE,0.0864334395548978
07-01-2026 11:15||NIFTY27JAN2624000PE,0.1707883054767796
07-01-2026 11:15||NIFTY27JAN2624800PE,0.1274831398612212
07-01-2026 11:15||NIFTY27JAN2625400CE,0.1206864362044408
07-01-2026 11:15||NIFTY27JAN2626100CE,0.0958034119464115
07-01-2026 11:15||NIFTY27JAN2626300CE,0.0921383590497835
07-01-2026 11:20||NIFTY27JAN2623800PE,0.180332225547083
07-01-2026 11:20||NIFTY27JAN2624200PE,0.1597955579772759
07-01-2026 11:20||NIFTY27JAN2624900PE,0.1221563140139682
07-01-2026 11:20||NIFTY27JAN2625300CE,0.1282418356759767
07-01-2026 11:20||NIFTY27JAN2625700CE,0.1004921777185972
07-01-2026 11:20||NIFTY27JAN2626000CE,0.0921020608840754
07-01-2026 11:25||NIFTY27JAN2623800PE,0.1795271188113361
07-01-2026 11:25||NIFTY27JAN2624400PE,0.1481167151086331
07-01-2026 11:25||NIFTY27JAN2624800PE,0.12663399563484
07-01-2026 11:25||NIFTY27JAN2625300CE,0.1355965770910814
07-01-2026 11:25||NIFTY27JAN2625700CE,0.106457365868148
07-01-2026 11:25||NIFTY27JAN2625800CE,0.1020605610206522
07-01-2026 11:25||NIFTY27JAN2625900CE,0.0985047873126994
07-01-2026 11:25||NIFTY27JAN2626000CE,0.0956391027965939
07-01-2026 11:25||NIFTY27JAN2626200CE,0.0913910867027307
07-01-2026 11:30||NIFTY27JAN2624300PE,0.1541950609298455
07-01-2026 11:30||NIFTY27JAN2624400PE,0.1486515347274882
07-01-2026 11:35||NIFTY27JAN2624900PE,0.1225325415273266
07-01-2026 11:35||NIFTY27JAN2626300CE,0.0872599733092369
07-01-2026 11:40||NIFTY27JAN2624000PE,0.1705903190683116
07-01-2026 11:40||NIFTY27JAN2624500PE,0.143234096341667
07-01-2026 11:40||NIFTY27JAN2625200CE,0.1110545020479879
07-01-2026 11:40||NIFTY27JAN2625900CE,0.1007310392722336
07-01-2026 11:45||NIFTY27JAN2624000PE,0.1700235835780532
07-01-2026 11:45||NIFTY27JAN2625000PE,0.1157770920163254
07-01-2026 11:45||NIFTY27JAN2625500CE,0.1189296683716863
07-01-2026 11:45||NIFTY27JAN2625600CE,0.1126451316487602
07-01-2026 11:45||NIFTY27JAN2626400CE,0.088733088438501
07-01-2026 11:50||NIFTY27JAN2624000PE,0.1700524757945383
07-01-2026 11:50||NIFTY27JAN2624600PE,0.1372206062366494
07-01-2026 11:50||NIFTY27JAN2625700CE,0.1010319335230479
07-01-2026 11:50||NIFTY27JAN2626400CE,0.0857912143281695
07-01-2026 11:55||NIFTY27JAN2623900PE,0.1755900340524716
07-01-2026 11:55||NIFTY27JAN2625200CE,0.1490059249013445
07-01-2026 11:55||NIFTY27JAN2625400CE,0.1236531422329534
07-01-2026 11:55||NIFTY27JAN2626100CE,0.092996118133847
07-01-2026 11:55||NIFTY27JAN2626300CE,0.0897076462998929
07-01-2026 12:00||NIFTY27JAN2624300PE,0.1522585980868447
07-01-2026 12:00||NIFTY27JAN2624500PE,0.141303807104959
07-01-2026 12:00||NIFTY27JAN2625500CE,0.118784837562257
07-01-2026 12:00||NIFTY27JAN2625600CE,0.1110929352211085
07-01-2026 12:00||NIFTY27JAN2626400CE,0.0874722557447029
07-01-2026 12:05||NIFTY27JAN2624200PE,0.1572540108519349
07-01-2026 12:05||NIFTY27JAN2624300PE,0.1517480339322624
07-01-2026 12:05||NIFTY27JAN2625300CE,0.1456501114818775
07-01-2026 12:05||NIFTY27JAN2625900CE,0.0996064714129506
07-01-2026 12:05||NIFTY27JAN2626000CE,0.0970563575532102
07-01-2026 12:05||NIFTY27JAN2626300CE,0.091583294495942
07-01-2026 12:05||NIFTY27JAN2626400CE,0.0894512945488115
07-01-2026 12:10||NIFTY27JAN2624000PE,0.168241630886644
07-01-2026 12:10||NIFTY27JAN2625200CE,0.1665364284852075
07-01-2026 12:10||NIFTY27JAN2625600CE,0.1152837430493786
07-01-2026 12:10||NIFTY27JAN2626500CE,0.0870230965508657
07-01-2026 12:15||NIFTY27JAN2624300PE,0.1513941058190877
07-01-2026 12:15||NIFTY27JAN2625000PE,0.1140195005375379
07-01-2026 12:15||NIFTY27JAN2625100PE,0.1083511126235324
07-01-2026 12:15||NIFTY27JAN2625300CE,0.1491141814113827
07-01-2026 12:15||NIFTY27JAN2625500CE,0.1251559054763369
07-01-2026 12:15||NIFTY27JAN2625600CE,0.1164933850636215
07-01-2026 12:20||NIFTY27JAN2624000PE,0.1682710367459257
07-01-2026 12:20||NIFTY27JAN2624400PE,0.1457695601904685
07-01-2026 12:20||NIFTY27JAN2625100PE,0.1100994373067638
07-01-2026 12:20||NIFTY27JAN2626100CE,0.0959842889231194
07-01-2026 12:25||NIFTY27JAN2624400PE,0.1462075410639154
07-01-2026 12:25||NIFTY27JAN2624600PE,0.135797288405904
07-01-2026 12:25||NIFTY27JAN2624700PE,0.1306943720130257
07-01-2026 12:25||NIFTY27JAN2625300CE,0.1337712108905839
07-01-2026 12:25||NIFTY27JAN2626300CE,0.0904785894417732
07-01-2026 12:30||NIFTY27JAN2623800PE,0.1793998699101082
07-01-2026 12:30||NIFTY27JAN2624000PE,0.1681485061983944
07-01-2026 12:30||NIFTY27JAN2624100PE,0.1625994549131248
07-01-2026 12:30||NIFTY27JAN2624500PE,0.1411535865992189
07-01-2026 12:30||NIFTY27JAN2624600PE,0.135927288200288
07-01-2026 12:30||NIFTY27JAN2625200CE,0.1367351665778924
07-01-2026 12:30||NIFTY27JAN2626300CE,0.0916311838604898
07-01-2026 12:35||NIFTY27JAN2625100PE,0.1099972758939212
07-01-2026 12:35||NIFTY27JAN2625300CE,0.1291938415515895
07-01-2026 12:35||NIFTY27JAN2625400CE,0.1225012650576212
07-01-2026 12:35||NIFTY27JAN2626300CE,0.0914155746336613
07-01-2026 12:35||NIFTY27JAN2626500CE,0.0868114285981167
07-01-2026 12:40||NIFTY27JAN2625100PE,0.1108937135524132
07-01-2026 12:40||NIFTY27JAN2625700CE,0.0987692849128473
07-01-2026 12:45||NIFTY27JAN2623800PE,0.1774747622202003
07-01-2026 12:45||NIFTY27JAN2624000PE,0.1665285987107175
07-01-2026 12:45||NIFTY27JAN2624900PE,0.1191665628110854
07-01-2026 12:45||NIFTY27JAN2625000PE,0.1142355899245855
07-01-2026 12:45||NIFTY27JAN2625800CE,0.1024448739693041
07-01-2026 12:45||NIFTY27JAN2626400CE,0.0877426837770172
07-01-2026 12:50||NIFTY27JAN2624400PE,0.1450950317113556
07-01-2026 12:50||NIFTY27JAN2624700PE,0.1293145033803553
07-01-2026 12:50||NIFTY27JAN2625100PE,0.1086497850308338
07-01-2026 12:50||NIFTY27JAN2626300CE,0.0905892402064279
07-01-2026 12:55||NIFTY27JAN2623800PE,0.1794943469790428
07-01-2026 12:55||NIFTY27JAN2623900PE,0.173621976454713
07-01-2026 12:55||NIFTY27JAN2625100PE,0.1083579139485211
07-01-2026 12:55||NIFTY27JAN2625200CE,0.1269337260342996
07-01-2026 12:55||NIFTY27JAN2625300CE,0.1247223802620028
07-01-2026 13:00||NIFTY27JAN2624000PE,0.168337312352628
07-01-2026 13:00||NIFTY27JAN2624400PE,0.1458763531989343
07-01-2026 13:00||NIFTY27JAN2624600PE,0.1349681667915659
07-01-2026 13:00||NIFTY27JAN2625300CE,0.1300461007884966
07-01-2026 13:00||NIFTY27JAN2625800CE,0.1049883948743305
07-01-2026 13:05||NIFTY27JAN2623900PE,0.1741843798426413
07-01-2026 13:05||NIFTY27JAN2624700PE,0.1299352600517845
07-01-2026 13:05||NIFTY27JAN2625200CE,0.1179512533731094
07-01-2026 13:05||NIFTY27JAN2625400CE,0.1176067934973482
07-01-2026 13:05||NIFTY27JAN2626100CE,0.093544088719988
07-01-2026 13:10||NIFTY27JAN2624400PE,0.1461094073909914
07-01-2026 13:10||NIFTY27JAN2624700PE,0.1303537922980115
07-01-2026 13:10||NIFTY27JAN2625400CE,0.1180835903810675
07-01-2026 13:10||NIFTY27JAN2625900CE,0.0976381183156292
07-01-2026 13:10||NIFTY27JAN2626400CE,0.0867035500616656
07-01-2026 13:15||NIFTY27JAN2624600PE,0.1350574420663634
07-01-2026 13:15||NIFTY27JAN2625400CE,0.1219396019854745
07-01-2026 13:15||NIFTY27JAN2625500CE,0.1171469687047777
07-01-2026 13:15||NIFTY27JAN2625700CE,0.108149692279829
07-01-2026 13:15||NIFTY27JAN2625800CE,0.1040438986893202
07-01-2026 13:15||NIFTY27JAN2626400CE,0.0878430813859281
07-01-2026 13:20||NIFTY27JAN2624000PE,0.1672979860897435
07-01-2026 13:20||NIFTY27JAN2624500PE,0.1402553469097214
07-01-2026 13:20||NIFTY27JAN2624800PE,0.1244553165285795
07-01-2026 13:20||NIFTY27JAN2624900PE,0.1193298291922341
07-01-2026 13:20||NIFTY27JAN2625000PE,0.1142932651319612
07-01-2026 13:20||NIFTY27JAN2626300CE,0.0874511550201284
07-01-2026 13:25||NIFTY27JAN2624200PE,0.15534442220469
07-01-2026 13:25||NIFTY27JAN2624600PE,0.1333475599034468
07-01-2026 13:25||NIFTY27JAN2624700PE,0.1280131612767863
07-01-2026 13:25||NIFTY27JAN2625100PE,0.1080490409989128
07-01-2026 13:25||NIFTY27JAN2626300CE,0.0891270832100916
07-01-2026 13:25||NIFTY27JAN2626400CE,0.0872532327986177
07-01-2026 13:25||NIFTY27JAN2626500CE,0.0854289024621409
07-01-2026 13:30||NIFTY27JAN2624000PE,0.1664406910492425
07-01-2026 13:30||NIFTY27JAN2624400PE,0.1440652776446362
07-01-2026 13:30||NIFTY27JAN2624600PE,0.1332513292600523
07-01-2026 13:30||NIFTY27JAN2624900PE,0.11749423589366
07-01-2026 13:30||NIFTY27JAN2625300CE,0.1372727978546307
07-01-2026 13:30||NIFTY27JAN2625700CE,0.1097387376984489
07-01-2026 13:30||NIFTY27JAN2625800CE,0.1049390716613716
07-01-2026 13:30||NIFTY27JAN2626500CE,0.0869807772303414
07-01-2026 13:35||NIFTY27JAN2623900PE,0.172704984827131
07-01-2026 13:35||NIFTY27JAN2624200PE,0.1555093730723807
07-01-2026 13:35||NIFTY27JAN2624300PE,0.1498527080331235
07-01-2026 13:35||NIFTY27JAN2625100PE,0.107213341165287
07-01-2026 13:35||NIFTY27JAN2625200CE,0.1632905964228508
07-01-2026 13:35||NIFTY27JAN2625300CE,0.1491457478891169
07-01-2026 13:40||NIFTY27JAN2624300PE,0.1495108674351395
07-01-2026 13:40||NIFTY27JAN2625000PE,0.1124836907900532
07-01-2026 13:40||NIFTY27JAN2625700CE,0.1095022775477528
07-01-2026 13:40||NIFTY27JAN2626100CE,0.0943710708414488
07-01-2026 13:45||NIFTY27JAN2623900PE,0.172509174806038
07-01-2026 13:45||NIFTY27JAN2624200PE,0.1547335426528314
07-01-2026 13:45||NIFTY27JAN2624600PE,0.1329012442146759
07-01-2026 13:45||NIFTY27JAN2625200CE,0.1442796792211338
07-01-2026 13:45||NIFTY27JAN2625400CE,0.1306305793500447
07-01-2026 13:50||NIFTY27JAN2623800PE,0.1787649703476415
07-01-2026 13:50||NIFTY27JAN2623900PE,0.1728948572003931
07-01-2026 13:50||NIFTY27JAN2624100PE,0.1611834702830364
07-01-2026 13:55||NIFTY27JAN2624400PE,0.1442825284929452
07-01-2026 13:55||NIFTY27JAN2625100PE,0.1076818690059044
07-01-2026 13:55||NIFTY27JAN2625300CE,0.1332391162401279
07-01-2026 13:55||NIFTY27JAN2625800CE,0.1073739457678303
07-01-2026 13:55||NIFTY27JAN2626400CE,0.0894141678107908
07-01-2026 14:00||NIFTY27JAN2623800PE,0.1762422137576075
07-01-2026 14:00||NIFTY27JAN2623900PE,0.1714526483794019
07-01-2026 14:00||NIFTY27JAN2625400CE,0.1193697224779654
07-01-2026 14:00||NIFTY27JAN2625500CE,0.1153420661261209
07-01-2026 14:00||NIFTY27JAN2625900CE,0.1013242568820465
07-01-2026 14:00||NIFTY27JAN2626200CE,0.0930505518538087
07-01-2026 14:05||NIFTY27JAN2624000PE,0.1667947315525156
07-01-2026 14:05||NIFTY27JAN2624200PE,0.1558997050365667
07-01-2026 14:05||NIFTY27JAN2624400PE,0.1451515066280829
07-01-2026 14:05||NIFTY27JAN2625900CE,0.0994273636324545
07-01-2026 14:05||NIFTY27JAN2626000CE,0.0961920049888811
07-01-2026 14:05||NIFTY27JAN2626300CE,0.088568545269113
07-01-2026 14:10||NIFTY27JAN2623800PE,0.1763119407156872
07-01-2026 14:10||NIFTY27JAN2624000PE,0.1668316561085188
07-01-2026 14:10||NIFTY27JAN2624700PE,0.1297026946358185
07-01-2026 14:10||NIFTY27JAN2626100CE,0.0912236289239025
07-01-2026 14:10||NIFTY27JAN2626200CE,0.0886172531029004
07-01-2026 14:10||NIFTY27JAN2626400CE,0.0858697355877452
07-01-2026 14:15||NIFTY27JAN2625200CE,0.1267782734733962
07-01-2026 14:15||NIFTY27JAN2625600CE,0.106278038554995
07-01-2026 14:15||NIFTY27JAN2625900CE,0.0959841482593745
07-01-2026 14:15||NIFTY27JAN2626200CE,0.0890356759676002
07-01-2026 14:20||NIFTY27JAN2623800PE,0.1744264474464909
07-01-2026 14:20||NIFTY27JAN2624500PE,0.1397031363655595
07-01-2026 14:20||NIFTY27JAN2625400CE,0.1181420285787758
07-01-2026 14:20||NIFTY27JAN2625700CE,0.1048455410883671
07-01-2026 14:20||NIFTY27JAN2626300CE,0.0876830482540958
07-01-2026 14:25||NIFTY27JAN2623900PE,0.17255816503495
07-01-2026 14:25||NIFTY27JAN2625400CE,0.1187480120255031
07-01-2026 14:25||NIFTY27JAN2625700CE,0.1065595515346243
07-01-2026 14:25||NIFTY27JAN2625900CE,0.0995334727523844
07-01-2026 14:25||NIFTY27JAN2626300CE,0.0890649496006508
07-01-2026 14:30||NIFTY27JAN2624800PE,0.1239306397797796
07-01-2026 14:30||NIFTY27JAN2625100PE,0.1087178706857117
07-01-2026 14:30||NIFTY27JAN2625300CE,0.1179122462480403
07-01-2026 14:30||NIFTY27JAN2626300CE,0.0855815201228541
07-01-2026 14:35||NIFTY27JAN2624000PE,0.16665761168092
07-01-2026 14:35||NIFTY27JAN2624100PE,0.1614781092674432
07-01-2026 14:35||NIFTY27JAN2624400PE,0.1454172013285952
07-01-2026 14:35||NIFTY27JAN2624700PE,0.1290811877675358
07-01-2026 14:35||NIFTY27JAN2625000PE,0.1130852497755281
07-01-2026 14:35||NIFTY27JAN2626400CE,0.0879833494347066
07-01-2026 14:35||NIFTY27JAN2626500CE,0.0857513732780634
07-01-2026 14:40||NIFTY27JAN2623800PE,0.1769880232181113
07-01-2026 14:40||NIFTY27JAN2624100PE,0.1624695420037858
07-01-2026 14:40||NIFTY27JAN2625100PE,0.1073936109226766
07-01-2026 14:40||NIFTY27JAN2625400CE,0.1187245576111256
07-01-2026 14:40||NIFTY27JAN2626200CE,0.091409877792796
07-01-2026 14:45||NIFTY27JAN2623800PE,0.1780466954815131
07-01-2026 14:45||NIFTY27JAN2624000PE,0.168475680219298
07-01-2026 14:45||NIFTY27JAN2624200PE,0.157515805614927
07-01-2026 14:45||NIFTY27JAN2624500PE,0.1408791873530332
07-01-2026 14:45||NIFTY27JAN2624900PE,0.1193124676277869
07-01-2026 14:50||NIFTY27JAN2623900PE,0.1728027835303382
07-01-2026 14:50||NIFTY27JAN2624900PE,0.118139139137292
07-01-2026 14:50||NIFTY27JAN2625600CE,0.1174697371906412
07-01-2026 14:50||NIFTY27JAN2626400CE,0.0891200503764474
07-01-2026 14:50||NIFTY27JAN2626500CE,0.0872019024333736
07-01-2026 14:55||NIFTY27JAN2624100PE,0.163431153819496
07-01-2026 14:55||NIFTY27JAN2624300PE,0.1523441090603791
07-01-2026 14:55||NIFTY27JAN2624600PE,0.1357016151636183
07-01-2026 14:55||NIFTY27JAN2625900CE,0.09794429904197
07-01-2026 14:55||NIFTY27JAN2626300CE,0.0882744595184026
07-01-2026 15:00||NIFTY27JAN2623900PE,0.1742347949520912
07-01-2026 15:00||NIFTY27JAN2625100PE,0.109838083858562
07-01-2026 15:00||NIFTY27JAN2625700CE,0.1011146424669183
07-01-2026 15:00||NIFTY27JAN2626000CE,0.092559756078144
07-01-2026 15:00||NIFTY27JAN2626400CE,0.085712409828439
07-01-2026 15:05||NIFTY27JAN2624200PE,0.1584660192131012
07-01-2026 15:05||NIFTY27JAN2624500PE,0.1420972766542293
07-01-2026 15:05||NIFTY27JAN2625400CE,0.1096665106065628
07-01-2026 15:05||NIFTY27JAN2626000CE,0.0924583944748581
07-01-2026 15:05||NIFTY27JAN2626400CE,0.0851369538347781
07-01-2026 15:10||NIFTY27JAN2623800PE,0.1789273239364551
07-01-2026 15:10||NIFTY27JAN2624000PE,0.1702024256465359
07-01-2026 15:10||NIFTY27JAN2624400PE,0.1487790954372428
07-01-2026 15:10||NIFTY27JAN2624500PE,0.1432580630727303
07-01-2026 15:10||NIFTY27JAN2626500CE,0.0844710279618333
07-01-2026 15:15||NIFTY27JAN2624200PE,0.1599963746011502
07-01-2026 15:15||NIFTY27JAN2624900PE,0.1217264373966963
07-01-2026 15:15||NIFTY27JAN2625100PE,0.1111389561464727
07-01-2026 15:15||NIFTY27JAN2625600CE,0.0945358795311293
07-01-2026 15:20||NIFTY27JAN2624100PE,0.1648450336073425
07-01-2026 15:20||NIFTY27JAN2625900CE,0.0924272220680065
07-01-2026 15:20||NIFTY27JAN2626300CE,0.0860847646633301
07-01-2026 15:25||NIFTY27JAN2624700PE,0.1316924005359965
07-01-2026 15:25||NIFTY27JAN2625500CE,0.1041113742108312
07-01-2026 15:25||NIFTY27JAN2626100CE,0.0890418522775045
07-01-2026 15:25||NIFTY27JAN2626400CE,0.0838672788272781
07-01-2026 15:25||NIFTY27JAN2626500CE,0.0821896601272484
08-01-2026 09:15||NIFTY27JAN2624100PE,0.1654348217752871
08-01-2026 09:15||NIFTY27JAN2624300PE,0.1536881517917655
08-01-2026 09:15||NIFTY27JAN2625100PE,0.1092548666906778
08-01-2026 09:15||NIFTY27JAN2625300CE,0.1082452153669382
08-01-2026 09:15||NIFTY27JAN2626300CE,0.0870431892806967
08-01-2026 09:20||NIFTY27JAN2623800PE,0.1822780259455811
08-01-2026 09:20||NIFTY27JAN2624100PE,0.1653032763471411
08-01-2026 09:20||NIFTY27JAN2624800PE,0.1258040410033564
08-01-2026 09:20||NIFTY27JAN2624900PE,0.1205739893491776
08-01-2026 09:20||NIFTY27JAN2625300CE,0.0952463600481342
08-01-2026 09:20||NIFTY27JAN2625900CE,0.0870476772115803
08-01-2026 09:20||NIFTY27JAN2626000CE,0.08628348534707
08-01-2026 09:20||NIFTY27JAN2626400CE,0.0814997532036277
08-01-2026 09:20||NIFTY27JAN2626500CE,0.0802891394044524
08-01-2026 09:25||NIFTY27JAN2623900PE,0.1766981351708561
08-01-2026 09:25||NIFTY27JAN2624100PE,0.1635110607960687
08-01-2026 09:25||NIFTY27JAN2624200PE,0.1574322741470032
08-01-2026 09:25||NIFTY27JAN2625300CE,0.1060176031983185
08-01-2026 09:25||NIFTY27JAN2626200CE,0.0838682899592422
08-01-2026 09:25||NIFTY27JAN2626400CE,0.0829580189004985
08-01-2026 09:30||NIFTY27JAN2624100PE,0.1627394535585282
08-01-2026 09:30||NIFTY27JAN2624700PE,0.1285372727489182
08-01-2026 09:30||NIFTY27JAN2624800PE,0.1232935595824677
08-01-2026 09:30||NIFTY27JAN2624900PE,0.1182113506582233
08-01-2026 09:30||NIFTY27JAN2625000PE,0.1133016213999723
08-01-2026 09:30||NIFTY27JAN2626200CE,0.0884986803346425
08-01-2026 09:30||NIFTY27JAN2626300CE,0.0873605025924738
08-01-2026 09:35||NIFTY27JAN2623900PE,0.1732555968520497
08-01-2026 09:35||NIFTY27JAN2624100PE,0.1621826418842429
08-01-2026 09:35||NIFTY27JAN2624400PE,0.1452695012918458
08-01-2026 09:35||NIFTY27JAN2625300CE,0.1313331109819045
08-01-2026 09:35||NIFTY27JAN2625400CE,0.1236690101313319
08-01-2026 09:35||NIFTY27JAN2626100CE,0.0963036020796675
08-01-2026 09:35||NIFTY27JAN2626200CE,0.094143995729738
08-01-2026 09:35||NIFTY27JAN2626500CE,0.0883357842095973
08-01-2026 09:40||NIFTY27JAN2623800PE,0.1813651442477837
08-01-2026 09:40||NIFTY27JAN2624800PE,0.1250738533267986
08-01-2026 09:40||NIFTY27JAN2624900PE,0.11984689060616
08-01-2026 09:40||NIFTY27JAN2625000PE,0.1147761910011943
08-01-2026 09:40||NIFTY27JAN2625200CE,0.0417424403525027
08-01-2026 09:40||NIFTY27JAN2625700CE,0.0954872699696691
08-01-2026 09:40||NIFTY27JAN2626200CE,0.0846663449008098
08-01-2026 09:40||NIFTY27JAN2626400CE,0.0836569492606947
08-01-2026 09:45||NIFTY27JAN2624200PE,0.1582623490578611
08-01-2026 09:45||NIFTY27JAN2624600PE,0.1356373951461232
08-01-2026 09:45||NIFTY27JAN2625400CE,0.1050472728211167
08-01-2026 09:45||NIFTY27JAN2625900CE,0.0934399129565968
08-01-2026 09:45||NIFTY27JAN2626500CE,0.0843536536868048
08-01-2026 09:50||NIFTY27JAN2624400PE,0.1464336788108556
08-01-2026 09:50||NIFTY27JAN2625100PE,0.1091437671473194
08-01-2026 09:50||NIFTY27JAN2625500CE,0.1162232816913163
08-01-2026 09:50||NIFTY27JAN2625600CE,0.1121534031355391
08-01-2026 09:50||NIFTY27JAN2626400CE,0.0889192797305422
08-01-2026 09:55||NIFTY27JAN2624200PE,0.1600854007214543
08-01-2026 09:55||NIFTY27JAN2624600PE,0.1369651333192454
08-01-2026 09:55||NIFTY27JAN2625000PE,0.1158504710466915
08-01-2026 09:55||NIFTY27JAN2625100PE,0.1106213628699205
08-01-2026 09:55||NIFTY27JAN2625300CE,0.1151891739453729
08-01-2026 09:55||NIFTY27JAN2626000CE,0.0902161330687261
08-01-2026 09:55||NIFTY27JAN2626200CE,0.0867331270920716
08-01-2026 10:00||NIFTY27JAN2624600PE,0.1366007090136486
08-01-2026 10:00||NIFTY27JAN2625900CE,0.0880468188047811
08-01-2026 10:00||NIFTY27JAN2626100CE,0.0860691982158629
08-01-2026 10:00||NIFTY27JAN2626200CE,0.0853072757569864
08-01-2026 10:05||NIFTY27JAN2624800PE,0.1250400076973084
08-01-2026 10:05||NIFTY27JAN2625500CE,0.1035953890171414
08-01-2026 10:05||NIFTY27JAN2625800CE,0.0906233170831987
08-01-2026 10:05||NIFTY27JAN2626000CE,0.0874944347139727
08-01-2026 10:05||NIFTY27JAN2626500CE,0.0828343482328032
08-01-2026 10:10||NIFTY27JAN2624100PE,0.1630660561327506
08-01-2026 10:10||NIFTY27JAN2625000PE,0.1124466006085213
08-01-2026 10:10||NIFTY27JAN2625100PE,0.1068288600043736
08-01-2026 10:10||NIFTY27JAN2625200CE,0.1599278657283273
08-01-2026 10:10||NIFTY27JAN2625600CE,0.1079783461830052
08-01-2026 10:10||NIFTY27JAN2625800CE,0.0994030021138178
08-01-2026 10:10||NIFTY27JAN2626400CE,0.086278148038226
08-01-2026 10:15||NIFTY27JAN2625100PE,0.1092112911746222
08-01-2026 10:15||NIFTY27JAN2625700CE,0.0930062532416859
08-01-2026 10:15||NIFTY27JAN2625800CE,0.0900998802785172
08-01-2026 10:15||NIFTY27JAN2626500CE,0.0822041155350254
08-01-2026 10:20||NIFTY27JAN2625200CE,0.1167203579598372
08-01-2026 10:20||NIFTY27JAN2626400CE,0.0865125698158252
08-01-2026 10:25||NIFTY27JAN2623900PE,0.1739530710473734
08-01-2026 10:25||NIFTY27JAN2624000PE,0.1684673136993582
08-01-2026 10:25||NIFTY27JAN2624400PE,0.1455903733953861
08-01-2026 10:25||NIFTY27JAN2624800PE,0.1233486451062865
08-01-2026 10:25||NIFTY27JAN2625000PE,0.1129260108494295
08-01-2026 10:25||NIFTY27JAN2625100PE,0.1076890658750029
08-01-2026 10:25||NIFTY27JAN2625200CE,0.1265158154526917
08-01-2026 10:25||NIFTY27JAN2625500CE,0.1105402582240823
08-01-2026 10:25||NIFTY27JAN2625600CE,0.1063560326043918
08-01-2026 10:25||NIFTY27JAN2625700CE,0.1026570840056641
08-01-2026 10:25||NIFTY27JAN2626100CE,0.0919840361529766
08-01-2026 10:25||NIFTY27JAN2626500CE,0.0862228706304768
08-01-2026 10:30||NIFTY27JAN2623800PE,0.1779342317925383
08-01-2026 10:30||NIFTY27JAN2624000PE,0.1685930558971388
08-01-2026 10:30||NIFTY27JAN2624400PE,0.1459047662882974
08-01-2026 10:30||NIFTY27JAN2624500PE,0.1402989340157547
08-01-2026 10:30||NIFTY27JAN2626000CE,0.0943761889518275
08-01-2026 10:30||NIFTY27JAN2626400CE,0.0871523785134659
08-01-2026 10:30||NIFTY27JAN2626500CE,0.0852685501808037
08-01-2026 10:35||NIFTY27JAN2624000PE,0.16920453984421
08-01-2026 10:35||NIFTY27JAN2624200PE,0.1577522889421971
08-01-2026 10:35||NIFTY27JAN2625800CE,0.0945700925605869
08-01-2026 10:35||NIFTY27JAN2626300CE,0.086749926855415
08-01-2026 10:35||NIFTY27JAN2626500CE,0.0843703386718156
08-01-2026 10:40||NIFTY27JAN2624000PE,0.167891790701121
08-01-2026 10:40||NIFTY27JAN2624300PE,0.1508514924645291
08-01-2026 10:40||NIFTY27JAN2625000PE,0.1128518283024362
08-01-2026 10:40||NIFTY27JAN2625500CE,0.1129964864739694
08-01-2026 10:40||NIFTY27JAN2625900CE,0.0966539928734344
08-01-2026 10:40||NIFTY27JAN2626100CE,0.0915698731629107
08-01-2026 10:40||NIFTY27JAN2626300CE,0.0882828610646721
08-01-2026 10:40||NIFTY27JAN2626400CE,0.0872549470780789
08-01-2026 10:45||NIFTY27JAN2623900PE,0.1738259557069382
08-01-2026 10:45||NIFTY27JAN2624200PE,0.1563955361896904
08-01-2026 10:45||NIFTY27JAN2625200CE,0.1326537295817078
08-01-2026 10:45||NIFTY27JAN2625300CE,0.1241056642273931
08-01-2026 10:45||NIFTY27JAN2625600CE,0.1039804232902558
08-01-2026 10:45||NIFTY27JAN2626400CE,0.0860410472199589
08-01-2026 10:45||NIFTY27JAN2626500CE,0.0845275722197913
08-01-2026 10:50||NIFTY27JAN2623900PE,0.1733223566733178
08-01-2026 10:50||NIFTY27JAN2625500CE,0.1045670335243715
08-01-2026 10:50||NIFTY27JAN2625800CE,0.0951952156308353
08-01-2026 10:50||NIFTY27JAN2626100CE,0.0906279964450436
08-01-2026 10:50||NIFTY27JAN2626500CE,0.0849634845306191
08-01-2026 10:55||NIFTY27JAN2624000PE,0.1674517450417428
08-01-2026 10:55||NIFTY27JAN2624700PE,0.128325958593008
08-01-2026 10:55||NIFTY27JAN2624800PE,0.123129521516756
08-01-2026 10:55||NIFTY27JAN2625100PE,0.1098675888981097
08-01-2026 10:55||NIFTY27JAN2625400CE,0.1161822556935544
08-01-2026 10:55||NIFTY27JAN2625600CE,0.1042042992593705
08-01-2026 11:00||NIFTY27JAN2623800PE,0.1769120844673465
08-01-2026 11:00||NIFTY27JAN2623900PE,0.1718396133827142
08-01-2026 11:00||NIFTY27JAN2624000PE,0.1668132291068404
08-01-2026 11:00||NIFTY27JAN2624300PE,0.1503297233312199
08-01-2026 11:00||NIFTY27JAN2624600PE,0.1342671526073941
08-01-2026 11:00||NIFTY27JAN2625000PE,0.1139800143049061
08-01-2026 11:00||NIFTY27JAN2625100PE,0.1087276985825906
08-01-2026 11:00||NIFTY27JAN2626200CE,0.0903268245094578
08-01-2026 11:00||NIFTY27JAN2626500CE,0.0864488818360091
08-01-2026 11:05||NIFTY27JAN2623800PE,0.1833914775394255
08-01-2026 11:05||NIFTY27JAN2624200PE,0.1559758561587805
08-01-2026 11:05||NIFTY27JAN2624400PE,0.1447856689491932
08-01-2026 11:05||NIFTY27JAN2624800PE,0.1241781734733167
08-01-2026 11:05||NIFTY27JAN2625400CE,0.1186433823646089
08-01-2026 11:05||NIFTY27JAN2626000CE,0.0940545338216929
08-01-2026 11:05||NIFTY27JAN2626200CE,0.0907965622599404
08-01-2026 11:05||NIFTY27JAN2626300CE,0.0895103888777553
08-01-2026 11:10||NIFTY27JAN2624000PE,0.1670583011317229
08-01-2026 11:10||NIFTY27JAN2624200PE,0.1555949200226727
08-01-2026 11:10||NIFTY27JAN2624400PE,0.1450606584496254
08-01-2026 11:10||NIFTY27JAN2624600PE,0.1350552778893428
08-01-2026 11:10||NIFTY27JAN2624700PE,0.1301310554205891
08-01-2026 11:10||NIFTY27JAN2625200CE,0.1470969001416592
08-01-2026 11:10||NIFTY27JAN2625600CE,0.104869236963296
08-01-2026 11:10||NIFTY27JAN2625900CE,0.0948100445641952
08-01-2026 11:10||NIFTY27JAN2626000CE,0.0929202376872514
08-01-2026 11:15||NIFTY27JAN2624100PE,0.1636238774217493
08-01-2026 11:15||NIFTY27JAN2624200PE,0.1579301375248806
08-01-2026 11:15||NIFTY27JAN2624900PE,0.120917609212265
08-01-2026 11:15||NIFTY27JAN2625200CE,0.1370947487271795
08-01-2026 11:15||NIFTY27JAN2626200CE,0.0907366872484773
08-01-2026 11:15||NIFTY27JAN2626400CE,0.0882487942754955
08-01-2026 11:20||NIFTY27JAN2624300PE,0.154283412235562
08-01-2026 11:20||NIFTY27JAN2625700CE,0.0959802294244725
08-01-2026 11:20||NIFTY27JAN2626400CE,0.0878727104048493
08-01-2026 11:20||NIFTY27JAN2626500CE,0.0861237504134921
08-01-2026 11:25||NIFTY27JAN2623800PE,0.177484093188163
08-01-2026 11:25||NIFTY27JAN2624300PE,0.1533350990215259
08-01-2026 11:25||NIFTY27JAN2624400PE,0.1477580697072718
08-01-2026 11:25||NIFTY27JAN2624700PE,0.1309680070473389
08-01-2026 11:25||NIFTY27JAN2625400CE,0.123561824521534
08-01-2026 11:25||NIFTY27JAN2626200CE,0.0944648437639527
08-01-2026 11:30||NIFTY27JAN2623800PE,0.1787252757249559
08-01-2026 11:30||NIFTY27JAN2624100PE,0.1639965555180868
08-01-2026 11:30||NIFTY27JAN2624200PE,0.1582564039016067
08-01-2026 11:30||NIFTY27JAN2625200CE,0.1564017923052494
08-01-2026 11:30||NIFTY27JAN2625400CE,0.1299867900100644
08-01-2026 11:30||NIFTY27JAN2625500CE,0.1195348841643979
08-01-2026 11:30||NIFTY27JAN2625800CE,0.1013187445587349
08-01-2026 11:30||NIFTY27JAN2626000CE,0.09643411020432
08-01-2026 11:30||NIFTY27JAN2626100CE,0.0951060183922836
08-01-2026 11:35||NIFTY27JAN2623800PE,0.1795125229221094
08-01-2026 11:35||NIFTY27JAN2624100PE,0.1636462315264931
08-01-2026 11:35||NIFTY27JAN2624400PE,0.1464895425086558
08-01-2026 11:35||NIFTY27JAN2624500PE,0.1409630368526609
08-01-2026 11:35||NIFTY27JAN2624700PE,0.1301183236230583
08-01-2026 11:35||NIFTY27JAN2624900PE,0.1194662953349483
08-01-2026 11:35||NIFTY27JAN2625200CE,0.1247066982620355
08-01-2026 11:35||NIFTY27JAN2625300CE,0.1226537394603734
08-01-2026 11:35||NIFTY27JAN2626500CE,0.0900878213191739
08-01-2026 11:40||NIFTY27JAN2624100PE,0.1640016376025854
08-01-2026 11:40||NIFTY27JAN2624200PE,0.1583503342154424
08-01-2026 11:40||NIFTY27JAN2624400PE,0.1470986470819877
08-01-2026 11:40||NIFTY27JAN2624900PE,0.1200517686321025
08-01-2026 11:40||NIFTY27JAN2625600CE,0.1045322035302814
08-01-2026 11:40||NIFTY27JAN2625800CE,0.0985934883186786
08-01-2026 11:45||NIFTY27JAN2624200PE,0.1579150433156054
08-01-2026 11:45||NIFTY27JAN2625500CE,0.1085852887346574
08-01-2026 11:45||NIFTY27JAN2625900CE,0.0955689182281005
08-01-2026 11:45||NIFTY27JAN2626100CE,0.0921465375109357
08-01-2026 11:50||NIFTY27JAN2623800PE,0.1801526116798509
08-01-2026 11:50||NIFTY27JAN2625700CE,0.1058919033221765
08-01-2026 11:50||NIFTY27JAN2625800CE,0.1026048824937543
08-01-2026 11:50||NIFTY27JAN2626500CE,0.0897634298524949
08-01-2026 11:55||NIFTY27JAN2624200PE,0.1585593349311982
08-01-2026 11:55||NIFTY27JAN2624700PE,0.1312187929010518
08-01-2026 11:55||NIFTY27JAN2625100PE,0.112674880358824
08-01-2026 11:55||NIFTY27JAN2625400CE,0.1079233960626525
08-01-2026 11:55||NIFTY27JAN2625600CE,0.1000760780614004
08-01-2026 11:55||NIFTY27JAN2625800CE,0.09517318900032
08-01-2026 12:00||NIFTY27JAN2624500PE,0.1417155788818241
08-01-2026 12:00||NIFTY27JAN2624700PE,0.1320355303624697
08-01-2026 12:00||NIFTY27JAN2625000PE,0.117691699381364
08-01-2026 12:00||NIFTY27JAN2625500CE,0.1057295884914623
08-01-2026 12:00||NIFTY27JAN2626300CE,0.0921184850894789
08-01-2026 12:05||NIFTY27JAN2624000PE,0.1678248152782025
08-01-2026 12:05||NIFTY27JAN2624200PE,0.1553378440794158
08-01-2026 12:05||NIFTY27JAN2624500PE,0.1388969375118795
08-01-2026 12:05||NIFTY27JAN2624900PE,0.1193010543088342
08-01-2026 12:05||NIFTY27JAN2625300CE,0.1368678008467028
08-01-2026 12:05||NIFTY27JAN2625800CE,0.1100059880960458
08-01-2026 12:05||NIFTY27JAN2625900CE,0.1069838139434748
08-01-2026 12:05||NIFTY27JAN2626400CE,0.0978677325381764
08-01-2026 12:10||NIFTY27JAN2624000PE,0.1693990051943062
08-01-2026 12:10||NIFTY27JAN2624400PE,0.1462448888216016
08-01-2026 12:15||NIFTY27JAN2624100PE,0.1662665787517497
08-01-2026 12:15||NIFTY27JAN2624400PE,0.1490986754335696
08-01-2026 12:15||NIFTY27JAN2625200CE,0.1278731872925367
08-01-2026 12:15||NIFTY27JAN2625400CE,0.1170701189962336
08-01-2026 12:15||NIFTY27JAN2625500CE,0.1121062625867394
08-01-2026 12:15||NIFTY27JAN2625700CE,0.1045226150657257
08-01-2026 12:20||NIFTY27JAN2624800PE,0.128438223521938
08-01-2026 12:20||NIFTY27JAN2625800CE,0.104670607873184
08-01-2026 12:20||NIFTY27JAN2626300CE,0.0954140592663087
08-01-2026 12:25||NIFTY27JAN2624100PE,0.1690632408172319
08-01-2026 12:25||NIFTY27JAN2624400PE,0.1509235730760945
08-01-2026 12:25||NIFTY27JAN2624900PE,0.1227438237491581
08-01-2026 12:25||NIFTY27JAN2625700CE,0.1070228789728909
08-01-2026 12:25||NIFTY27JAN2626000CE,0.0992468180997337
08-01-2026 12:30||NIFTY27JAN2624200PE,0.1635321279798534
08-01-2026 12:30||NIFTY27JAN2624300PE,0.1576345343442291
08-01-2026 12:30||NIFTY27JAN2625100PE,0.1151014255338608
08-01-2026 12:30||NIFTY27JAN2625700CE,0.1021967007301932
08-01-2026 12:30||NIFTY27JAN2626000CE,0.0955701805706122
08-01-2026 12:35||NIFTY27JAN2624800PE,0.1268243609004115
08-01-2026 12:35||NIFTY27JAN2625000PE,0.1166378438143514
08-01-2026 12:35||NIFTY27JAN2625400CE,0.1263515366073112
08-01-2026 12:35||NIFTY27JAN2625500CE,0.1204997512108213
08-01-2026 12:35||NIFTY27JAN2625800CE,0.1075480402908527
08-01-2026 12:35||NIFTY27JAN2626100CE,0.0998777721713157
08-01-2026 12:35||NIFTY27JAN2626200CE,0.0981496170945581
08-01-2026 12:40||NIFTY27JAN2624100PE,0.1679604073128391
08-01-2026 12:40||NIFTY27JAN2624400PE,0.150052073902567
08-01-2026 12:40||NIFTY27JAN2624800PE,0.1267415930991033
08-01-2026 12:40||NIFTY27JAN2625000PE,0.1165601789126093
08-01-2026 12:40||NIFTY27JAN2625200CE,0.1382535116839307
08-01-2026 12:40||NIFTY27JAN2626000CE,0.1011469397765033
08-01-2026 12:45||NIFTY27JAN2624400PE,0.1507379201112764
08-01-2026 12:45||NIFTY27JAN2624600PE,0.1391667120419079
08-01-2026 12:45||NIFTY27JAN2625000PE,0.1177851047981945
08-01-2026 12:45||NIFTY27JAN2625300CE,0.1250198791076578
08-01-2026 12:45||NIFTY27JAN2625800CE,0.1033971718168282
08-01-2026 12:45||NIFTY27JAN2626200CE,0.0972409190971905
08-01-2026 12:45||NIFTY27JAN2626300CE,0.095997391367552
08-01-2026 12:50||NIFTY27JAN2623800PE,0.180922505516776
08-01-2026 12:50||NIFTY27JAN2624900PE,0.1215012019253379
08-01-2026 12:50||NIFTY27JAN2625600CE,0.114060497239166
08-01-2026 12:50||NIFTY27JAN2626300CE,0.0967869709478819
08-01-2026 12:50||NIFTY27JAN2626400CE,0.0958145254335599
08-01-2026 12:55||NIFTY27JAN2624200PE,0.1613995944448374
08-01-2026 12:55||NIFTY27JAN2624300PE,0.1553686080682193
08-01-2026 12:55||NIFTY27JAN2624400PE,0.1494250459357546
08-01-2026 12:55||NIFTY27JAN2626100CE,0.0989484155142747
08-01-2026 13:00||NIFTY27JAN2624200PE,0.1622806392357161
08-01-2026 13:00||NIFTY27JAN2624500PE,0.1437323559217539
08-01-2026 13:00||NIFTY27JAN2624600PE,0.1377138628877681
08-01-2026 13:00||NIFTY27JAN2624700PE,0.1319455338773792
08-01-2026 13:00||NIFTY27JAN2625000PE,0.1166681151333807
08-01-2026 13:00||NIFTY27JAN2625100PE,0.111840146799205
08-01-2026 13:00||NIFTY27JAN2625400CE,0.1263200793581755
08-01-2026 13:00||NIFTY27JAN2625800CE,0.108848136411314
08-01-2026 13:05||NIFTY27JAN2623800PE,0.1839459856182776
08-01-2026 13:05||NIFTY27JAN2624600PE,0.1390866461433487
08-01-2026 13:05||NIFTY27JAN2625700CE,0.1077477600530947
08-01-2026 13:05||NIFTY27JAN2625800CE,0.1045519324440293
08-01-2026 13:05||NIFTY27JAN2626000CE,0.099335309368198
08-01-2026 13:05||NIFTY27JAN2626100CE,0.0973228928122895
08-01-2026 13:05||NIFTY27JAN2626200CE,0.095713098791288
08-01-2026 13:05||NIFTY27JAN2626300CE,0.0945097816614344
08-01-2026 13:10||NIFTY27JAN2624100PE,0.167958488329508
08-01-2026 13:10||NIFTY27JAN2624900PE,0.1210041516611438
08-01-2026 13:10||NIFTY27JAN2625400CE,0.1217872505678665
08-01-2026 13:10||NIFTY27JAN2625700CE,0.1085096926313714
08-01-2026 13:10||NIFTY27JAN2625800CE,0.1055572654465966
08-01-2026 13:10||NIFTY27JAN2626100CE,0.0993421123771718
08-01-2026 13:10||NIFTY27JAN2626200CE,0.0977466689021478
08-01-2026 13:15||NIFTY27JAN2624300PE,0.1572294819211029
08-01-2026 13:15||NIFTY27JAN2625000PE,0.1165093399601725
08-01-2026 13:15||NIFTY27JAN2625900CE,0.1006104605646244
08-01-2026 13:15||NIFTY27JAN2626300CE,0.0946623958525556
08-01-2026 13:20||NIFTY27JAN2623800PE,0.1841348118875597
08-01-2026 13:20||NIFTY27JAN2624000PE,0.1741355070942344
08-01-2026 13:20||NIFTY27JAN2624400PE,0.1504764658089477
08-01-2026 13:20||NIFTY27JAN2625000PE,0.1163553560161575
08-01-2026 13:20||NIFTY27JAN2625300CE,0.1304286890096825
08-01-2026 13:20||NIFTY27JAN2625400CE,0.1223770016504323
08-01-2026 13:20||NIFTY27JAN2626200CE,0.0965684550948052
08-01-2026 13:25||NIFTY27JAN2624600PE,0.1397968522178415
08-01-2026 13:25||NIFTY27JAN2624900PE,0.1232678995356073
08-01-2026 13:25||NIFTY27JAN2625400CE,0.1159064310856551
08-01-2026 13:25||NIFTY27JAN2625500CE,0.1095199186647544
08-01-2026 13:25||NIFTY27JAN2625900CE,0.0973624607195757
08-01-2026 13:25||NIFTY27JAN2626000CE,0.0963225287789719
08-01-2026 13:25||NIFTY27JAN2626100CE,0.0955645290379406
08-01-2026 13:30||NIFTY27JAN2624300PE,0.1540237420530452
08-01-2026 13:30||NIFTY27JAN2624400PE,0.1479616643242949
08-01-2026 13:30||NIFTY27JAN2625600CE,0.11486450189173
08-01-2026 13:30||NIFTY27JAN2625700CE,0.1107699264703365
08-01-2026 13:30||NIFTY27JAN2626100CE,0.1013825919930441
08-01-2026 13:30||NIFTY27JAN2626500CE,0.0939718788831745
08-01-2026 13:35||NIFTY27JAN2624600PE,0.1377880301768494
08-01-2026 13:35||NIFTY27JAN2624700PE,0.1320172587822834
08-01-2026 13:35||NIFTY27JAN2624800PE,0.1263611922002111
08-01-2026 13:35||NIFTY27JAN2624900PE,0.1208425503756054
08-01-2026 13:40||NIFTY27JAN2624100PE,0.1669674435320502
08-01-2026 13:40||NIFTY27JAN2624800PE,0.1250501724439512
08-01-2026 13:40||NIFTY27JAN2624900PE,0.1197396211274645
08-01-2026 13:40||NIFTY27JAN2625300CE,0.1267259006025095
08-01-2026 13:40||NIFTY27JAN2625600CE,0.1125406166148494
08-01-2026 13:40||NIFTY27JAN2625700CE,0.1089029160427858
08-01-2026 13:40||NIFTY27JAN2626000CE,0.1007258718486186
08-01-2026 13:40||NIFTY27JAN2626200CE,0.0971901186411497
08-01-2026 13:40||NIFTY27JAN2626300CE,0.0958917244783335
08-01-2026 13:45||NIFTY27JAN2624600PE,0.136556638067113
08-01-2026 13:45||NIFTY27JAN2624700PE,0.1306454184608099
08-01-2026 13:45||NIFTY27JAN2625100PE,0.1097459494532068
08-01-2026 13:45||NIFTY27JAN2625600CE,0.1126008772450111
08-01-2026 13:45||NIFTY27JAN2625700CE,0.1095980023205994
08-01-2026 13:50||NIFTY27JAN2624600PE,0.1359115928178762
08-01-2026 13:50||NIFTY27JAN2625500CE,0.116760607590609
08-01-2026 13:55||NIFTY27JAN2624200PE,0.1609634389279741
08-01-2026 13:55||NIFTY27JAN2624600PE,0.1361774698062335
08-01-2026 13:55||NIFTY27JAN2625000PE,0.1139233155756542
08-01-2026 13:55||NIFTY27JAN2625200CE,0.137612487230384
08-01-2026 13:55||NIFTY27JAN2625700CE,0.1063792943813817
08-01-2026 14:00||NIFTY27JAN2623800PE,0.1860388787400937
08-01-2026 14:00||NIFTY27JAN2623900PE,0.179875472597085
08-01-2026 14:00||NIFTY27JAN2625300CE,0.1095195214256919
08-01-2026 14:00||NIFTY27JAN2625400CE,0.1096197095583653
08-01-2026 14:00||NIFTY27JAN2625900CE,0.0980683745745846
08-01-2026 14:00||NIFTY27JAN2626000CE,0.0952076562720545
08-01-2026 14:00||NIFTY27JAN2626100CE,0.0927552707478357
08-01-2026 14:00||NIFTY27JAN2626200CE,0.0909532572175985
08-01-2026 14:00||NIFTY27JAN2626300CE,0.0900380882091491
08-01-2026 14:05||NIFTY27JAN2623900PE,0.1788925760697289
08-01-2026 14:05||NIFTY27JAN2624500PE,0.1423437716707155
08-01-2026 14:05||NIFTY27JAN2625300CE,0.112810792257275
08-01-2026 14:05||NIFTY27JAN2626000CE,0.0958066287125625
08-01-2026 14:05||NIFTY27JAN2626200CE,0.0926878438420207
08-01-2026 14:05||NIFTY27JAN2626300CE,0.0916282038190695
08-01-2026 14:05||NIFTY27JAN2626500CE,0.0892903689405974
08-01-2026 14:10||NIFTY27JAN2624800PE,0.1241556711515597
08-01-2026 14:10||NIFTY27JAN2625000PE,0.1137758605364987
08-01-2026 14:10||NIFTY27JAN2625200CE,0.1218731440781927
08-01-2026 14:10||NIFTY27JAN2625300CE,0.1208486616798739
08-01-2026 14:10||NIFTY27JAN2625700CE,0.109786148746262
08-01-2026 14:15||NIFTY27JAN2623800PE,0.1833941742777304
08-01-2026 14:15||NIFTY27JAN2624200PE,0.1598801773071035
08-01-2026 14:15||NIFTY27JAN2624300PE,0.1536770103147531
08-01-2026 14:15||NIFTY27JAN2625000PE,0.1129244691845574
08-01-2026 14:15||NIFTY27JAN2625200CE,0.1283677679893351
08-01-2026 14:15||NIFTY27JAN2625600CE,0.1124509002069748
08-01-2026 14:15||NIFTY27JAN2626100CE,0.0963964042636706
08-01-2026 14:15||NIFTY27JAN2626400CE,0.0922395160775644
08-01-2026 14:20||NIFTY27JAN2624500PE,0.1412289589776681
08-01-2026 14:20||NIFTY27JAN2625000PE,0.1131815483784167
08-01-2026 14:20||NIFTY27JAN2625700CE,0.1031296891126519
08-01-2026 14:20||NIFTY27JAN2626400CE,0.0898709372123738
08-01-2026 14:25||NIFTY27JAN2624600PE,0.1362906381940133
08-01-2026 14:25||NIFTY27JAN2624800PE,0.1248558609309086
08-01-2026 14:25||NIFTY27JAN2625200CE,0.121513571540103
08-01-2026 14:25||NIFTY27JAN2625600CE,0.1064468792290707
08-01-2026 14:25||NIFTY27JAN2625900CE,0.0963826179367043
08-01-2026 14:25||NIFTY27JAN2626000CE,0.0947844598531347
08-01-2026 14:30||NIFTY27JAN2624500PE,0.140138513524402
08-01-2026 14:30||NIFTY27JAN2626200CE,0.0979966452612277
08-01-2026 14:30||NIFTY27JAN2626400CE,0.0939039701818074
08-01-2026 14:30||NIFTY27JAN2626500CE,0.0918995115148415
08-01-2026 14:35||NIFTY27JAN2624200PE,0.1602374401844815
08-01-2026 14:35||NIFTY27JAN2624800PE,0.1233986328013195
08-01-2026 14:35||NIFTY27JAN2625100PE,0.1089337719887402
08-01-2026 14:35||NIFTY27JAN2626100CE,0.0941386121233969
08-01-2026 14:40||NIFTY27JAN2624200PE,0.15939357860287
08-01-2026 14:40||NIFTY27JAN2624600PE,0.1350078602094717
08-01-2026 14:40||NIFTY27JAN2625000PE,0.1127958678284195
08-01-2026 14:40||NIFTY27JAN2625300CE,0.1201872007668066
08-01-2026 14:40||NIFTY27JAN2625400CE,0.115966453040406
08-01-2026 14:40||NIFTY27JAN2625500CE,0.1120445721057296
08-01-2026 14:40||NIFTY27JAN2626200CE,0.0930521254028088
08-01-2026 14:40||NIFTY27JAN2626300CE,0.0915591314534292
08-01-2026 14:45||NIFTY27JAN2624000PE,0.1707188421895628
08-01-2026 14:45||NIFTY27JAN2624700PE,0.1286337047816141
08-01-2026 14:45||NIFTY27JAN2625000PE,0.1121821665939073
08-01-2026 14:45||NIFTY27JAN2625300CE,0.122937139021688
08-01-2026 14:45||NIFTY27JAN2625700CE,0.1060226385621357
08-01-2026 14:50||NIFTY27JAN2624100PE,0.1654874774861687
08-01-2026 14:50||NIFTY27JAN2624300PE,0.1535623638927871
08-01-2026 14:50||NIFTY27JAN2625100PE,0.1093990250242783
08-01-2026 14:50||NIFTY27JAN2625400CE,0.1113287392537169
08-01-2026 14:50||NIFTY27JAN2625500CE,0.1066448614133229
08-01-2026 14:50||NIFTY27JAN2626000CE,0.0929625230082695
08-01-2026 14:50||NIFTY27JAN2626200CE,0.0903902139321195
08-01-2026 14:55||NIFTY27JAN2626300CE,0.091164823725861
08-01-2026 15:00||NIFTY27JAN2623900PE,0.1750470574872009
08-01-2026 15:00||NIFTY27JAN2624000PE,0.1691869797714588
08-01-2026 15:00||NIFTY27JAN2624900PE,0.1174806918010544
08-01-2026 15:00||NIFTY27JAN2625100PE,0.108332732307418
08-01-2026 15:00||NIFTY27JAN2625200CE,0.1332154577388751
08-01-2026 15:00||NIFTY27JAN2625600CE,0.0982710852852919
08-01-2026 15:00||NIFTY27JAN2625700CE,0.095294298409103
08-01-2026 15:00||NIFTY27JAN2626300CE,0.0892055602484261
08-01-2026 15:00||NIFTY27JAN2626400CE,0.0881592691330833
08-01-2026 15:05||NIFTY27JAN2624400PE,0.142441462456322
08-01-2026 15:05||NIFTY27JAN2624800PE,0.11965028891137
08-01-2026 15:05||NIFTY27JAN2624900PE,0.1145612488455957
08-01-2026 15:05||NIFTY27JAN2626000CE,0.0977520473150962
08-01-2026 15:05||NIFTY27JAN2626100CE,0.0958481662372075
08-01-2026 15:05||NIFTY27JAN2626200CE,0.094353954304845
08-01-2026 15:10||NIFTY27JAN2624000PE,0.1667590888989362
08-01-2026 15:10||NIFTY27JAN2624200PE,0.1550128132738579
08-01-2026 15:10||NIFTY27JAN2624600PE,0.131480996132521
08-01-2026 15:10||NIFTY27JAN2625100PE,0.1058329599951244
08-01-2026 15:10||NIFTY27JAN2625700CE,0.1040165531907361
08-01-2026 15:10||NIFTY27JAN2626100CE,0.0947279774377904
08-01-2026 15:10||NIFTY27JAN2626300CE,0.0921787941320867
08-01-2026 15:10||NIFTY27JAN2626500CE,0.0900145031264552
08-01-2026 15:15||NIFTY27JAN2624800PE,0.1200694986697236
08-01-2026 15:15||NIFTY27JAN2625100PE,0.1059818179091604
08-01-2026 15:15||NIFTY27JAN2625500CE,0.1103565592661627
08-01-2026 15:15||NIFTY27JAN2626100CE,0.0942738052535144
08-01-2026 15:20||NIFTY27JAN2624000PE,0.16681493515789
08-01-2026 15:20||NIFTY27JAN2624500PE,0.137182506809277
08-01-2026 15:20||NIFTY27JAN2624800PE,0.1202953261899468
08-01-2026 15:20||NIFTY27JAN2625000PE,0.1106406359442565
08-01-2026 15:20||NIFTY27JAN2625600CE,0.104081598265095
08-01-2026 15:20||NIFTY27JAN2626100CE,0.0931035655998139
08-01-2026 15:20||NIFTY27JAN2626400CE,0.089272905955839
08-01-2026 15:20||NIFTY27JAN2626500CE,0.0882027851564187
08-01-2026 15:25||NIFTY27JAN2623800PE,0.1809671427118018
08-01-2026 15:25||NIFTY27JAN2624100PE,0.1614500240321497
08-01-2026 15:25||NIFTY27JAN2624300PE,0.1494275883074813
08-01-2026 15:25||NIFTY27JAN2624600PE,0.1320763957630102
08-01-2026 15:25||NIFTY27JAN2625100PE,0.1084283081837936
08-01-2026 15:25||NIFTY27JAN2625800CE,0.095535635774144
08-01-2026 15:25||NIFTY27JAN2626100CE,0.0919294361166059
09-01-2026 09:15||NIFTY27JAN2624400PE,0.1449729163862671
09-01-2026 09:15||NIFTY27JAN2625000PE,0.1120048205867772
09-01-2026 09:15||NIFTY27JAN2625400CE,0.1260544435644518
09-01-2026 09:15||NIFTY27JAN2625500CE,0.1205607424979552
09-01-2026 09:15||NIFTY27JAN2625800CE,0.1070453251013807
09-01-2026 09:15||NIFTY27JAN2626300CE,0.0941122992363905
09-01-2026 09:20||NIFTY27JAN2624100PE,0.1635367551933822
09-01-2026 09:20||NIFTY27JAN2624200PE,0.1578643969470372
09-01-2026 09:20||NIFTY27JAN2624800PE,0.124453308836444
09-01-2026 09:20||NIFTY27JAN2625000PE,0.1152501775761095
09-01-2026 09:20||NIFTY27JAN2625300CE,0.1104429995505991
09-01-2026 09:25||NIFTY27JAN2624100PE,0.1601387811365167
09-01-2026 09:25||NIFTY27JAN2625000PE,0.1116246631701692
09-01-2026 09:25||NIFTY27JAN2625400CE,0.1194498030272108
09-01-2026 09:25||NIFTY27JAN2626100CE,0.094065706805235
09-01-2026 09:30||NIFTY27JAN2624300PE,0.1485041605142177
09-01-2026 09:30||NIFTY27JAN2624500PE,0.1372747520588207
09-01-2026 09:30||NIFTY27JAN2624600PE,0.131838938634964
09-01-2026 09:30||NIFTY27JAN2625300CE,0.1143275744894575
09-01-2026 09:30||NIFTY27JAN2625400CE,0.1113232741808968
09-01-2026 09:30||NIFTY27JAN2626100CE,0.0928213470068682
09-01-2026 09:30||NIFTY27JAN2626400CE,0.0905936090766723
09-01-2026 09:35||NIFTY27JAN2624800PE,0.1196983743708074
09-01-2026 09:35||NIFTY27JAN2626000CE,0.0974700347742487
09-01-2026 09:35||NIFTY27JAN2626200CE,0.0939410820040496
09-01-2026 09:40||NIFTY27JAN2625500CE,0.1371855218034109
09-01-2026 09:40||NIFTY27JAN2625600CE,0.1318180402283813
09-01-2026 09:40||NIFTY27JAN2625700CE,0.1261707283349271
09-01-2026 09:40||NIFTY27JAN2625900CE,0.1150605706022392
09-01-2026 09:45||NIFTY27JAN2624000PE,0.1647835483548334
09-01-2026 09:45||NIFTY27JAN2624300PE,0.1471428893414657
09-01-2026 09:45||NIFTY27JAN2624400PE,0.1411966582466588
09-01-2026 09:45||NIFTY27JAN2624700PE,0.1238905387157555
09-01-2026 09:45||NIFTY27JAN2624900PE,0.1132905485038266
09-01-2026 09:45||NIFTY27JAN2625600CE,0.1246278470384362
09-01-2026 09:45||NIFTY27JAN2625900CE,0.108434828200568
09-01-2026 09:50||NIFTY27JAN2624100PE,0.1597938768815307
09-01-2026 09:50||NIFTY27JAN2624400PE,0.1420668551031051
09-01-2026 09:50||NIFTY27JAN2624600PE,0.1304895968074937
09-01-2026 09:50||NIFTY27JAN2624700PE,0.1249314341304462
09-01-2026 09:50||NIFTY27JAN2624900PE,0.1145270019001496
09-01-2026 09:50||NIFTY27JAN2625300CE,0.1382377738504189
09-01-2026 09:50||NIFTY27JAN2625600CE,0.1192537550586584
09-01-2026 09:50||NIFTY27JAN2626000CE,0.1028381753098817
09-01-2026 09:50||NIFTY27JAN2626100CE,0.1001024053904569
09-01-2026 09:50||NIFTY27JAN2626400CE,0.0946796205822054
09-01-2026 09:55||NIFTY27JAN2623800PE,0.1765994823378883
09-01-2026 09:55||NIFTY27JAN2624800PE,0.1203473443008494
09-01-2026 09:55||NIFTY27JAN2624900PE,0.1153858003198727
09-01-2026 09:55||NIFTY27JAN2625000PE,0.1109213041939038
09-01-2026 09:55||NIFTY27JAN2625200CE,0.1334792255007576
09-01-2026 10:00||NIFTY27JAN2624100PE,0.1619442621094968
09-01-2026 10:00||NIFTY27JAN2624300PE,0.1499185992851093
09-01-2026 10:00||NIFTY27JAN2625100PE,0.108270264562001
09-01-2026 10:00||NIFTY27JAN2625500CE,0.1064882819969474
09-01-2026 10:00||NIFTY27JAN2626100CE,0.0931020879461157
09-01-2026 10:05||NIFTY27JAN2624500PE,0.1361511355088884
09-01-2026 10:05||NIFTY27JAN2624800PE,0.1195891766436698
09-01-2026 10:05||NIFTY27JAN2625600CE,0.1200086829655228
09-01-2026 10:05||NIFTY27JAN2626100CE,0.0979927200243703
09-01-2026 10:10||NIFTY27JAN2624400PE,0.1431465151638135
09-01-2026 10:10||NIFTY27JAN2626300CE,0.0912403225826943
09-01-2026 10:10||NIFTY27JAN2626400CE,0.0903705109743107
09-01-2026 10:15||NIFTY27JAN2625100PE,0.107363050564084
09-01-2026 10:15||NIFTY27JAN2625600CE,0.1081910509945415
09-01-2026 10:15||NIFTY27JAN2626200CE,0.092118379359534
09-01-2026 10:15||NIFTY27JAN2626300CE,0.0911741639671142
09-01-2026 10:20||NIFTY27JAN2623900PE,0.1733615289675061
09-01-2026 10:20||NIFTY27JAN2624000PE,0.1669437664070213
09-01-2026 10:20||NIFTY27JAN2625200CE,0.1443359766376296
09-01-2026 10:20||NIFTY27JAN2625700CE,0.1124026113974283
09-01-2026 10:25||NIFTY27JAN2624200PE,0.1546682551532268
09-01-2026 10:25||NIFTY27JAN2625000PE,0.1094357652450007
09-01-2026 10:25||NIFTY27JAN2625600CE,0.1203785272807177
09-01-2026 10:25||NIFTY27JAN2626200CE,0.0966981219127585
09-01-2026 10:25||NIFTY27JAN2626500CE,0.0916806158090701
09-01-2026 10:30||NIFTY27JAN2624300PE,0.1500289460575264
09-01-2026 10:30||NIFTY27JAN2624900PE,0.1167854564157075
09-01-2026 10:35||NIFTY27JAN2624300PE,0.1487508032638896
09-01-2026 10:35||NIFTY27JAN2624800PE,0.1202590824151997
09-01-2026 10:35||NIFTY27JAN2626300CE,0.0915266513580733
09-01-2026 10:40||NIFTY27JAN2624000PE,0.1660723995753882
09-01-2026 10:40||NIFTY27JAN2624700PE,0.1248097246925648
09-01-2026 10:40||NIFTY27JAN2625000PE,0.1094401403687922
09-01-2026 10:40||NIFTY27JAN2625500CE,0.1166226050595117
09-01-2026 10:40||NIFTY27JAN2626000CE,0.0973925334778523
09-01-2026 10:40||NIFTY27JAN2626100CE,0.0953809087872513
09-01-2026 10:40||NIFTY27JAN2626400CE,0.0908692435874696
09-01-2026 10:40||NIFTY27JAN2626500CE,0.0892952476376088
09-01-2026 10:45||NIFTY27JAN2624400PE,0.1424288584972221
09-01-2026 10:45||NIFTY27JAN2625000PE,0.1095335395021201
09-01-2026 10:45||NIFTY27JAN2625200CE,0.133082060510671
09-01-2026 10:45||NIFTY27JAN2625400CE,0.1200535417058845
09-01-2026 10:45||NIFTY27JAN2625500CE,0.1140562073656806
09-01-2026 10:45||NIFTY27JAN2626300CE,0.0908543021105299
09-01-2026 10:50||NIFTY27JAN2624100PE,0.1607906673434554
09-01-2026 10:50||NIFTY27JAN2625800CE,0.0946265608000382
09-01-2026 10:50||NIFTY27JAN2625900CE,0.0928164471006201
09-01-2026 10:50||NIFTY27JAN2626000CE,0.0914562941751209
09-01-2026 10:50||NIFTY27JAN2626400CE,0.0878873937915734
09-01-2026 10:50||NIFTY27JAN2626500CE,0.0871828522776776
09-01-2026 10:55||NIFTY27JAN2623800PE,0.17477031218516
09-01-2026 10:55||NIFTY27JAN2624700PE,0.1244213070948628
09-01-2026 10:55||NIFTY27JAN2624900PE,0.1143831030916579
09-01-2026 10:55||NIFTY27JAN2626300CE,0.0914329741412827
09-01-2026 11:00||NIFTY27JAN2624900PE,0.1126058619735113
09-01-2026 11:00||NIFTY27JAN2625000PE,0.1080147147321977
09-01-2026 11:00||NIFTY27JAN2625200CE,0.1663679573543738
09-01-2026 11:00||NIFTY27JAN2625700CE,0.1002359682834216
09-01-2026 11:00||NIFTY27JAN2625800CE,0.0971299587754879
09-01-2026 11:05||NIFTY27JAN2624000PE,0.1631653361608253
09-01-2026 11:05||NIFTY27JAN2624400PE,0.1393115455910891
09-01-2026 11:05||NIFTY27JAN2625100PE,0.1044255895910397
09-01-2026 11:05||NIFTY27JAN2625300CE,0.1251850800686119
09-01-2026 11:05||NIFTY27JAN2625500CE,0.1137830094346671
09-01-2026 11:05||NIFTY27JAN2625700CE,0.1051370366639483
09-01-2026 11:10||NIFTY27JAN2623900PE,0.1705288636503033
09-01-2026 11:10||NIFTY27JAN2624700PE,0.1235093097728074
09-01-2026 11:10||NIFTY27JAN2625100PE,0.1064423988928644
09-01-2026 11:10||NIFTY27JAN2625200CE,0.1195795167198785
09-01-2026 11:10||NIFTY27JAN2625500CE,0.105446292693141
09-01-2026 11:10||NIFTY27JAN2625800CE,0.0950651746047738
09-01-2026 11:15||NIFTY27JAN2624200PE,0.1517713345237668
09-01-2026 11:15||NIFTY27JAN2624600PE,0.128469096646515
09-01-2026 11:15||NIFTY27JAN2625700CE,0.1018151684148656
09-01-2026 11:15||NIFTY27JAN2626400CE,0.0916587959538419
09-01-2026 11:20||NIFTY27JAN2625200CE,0.1314704469969702
09-01-2026 11:20||NIFTY27JAN2625500CE,0.11037197634792
09-01-2026 11:25||NIFTY27JAN2624600PE,0.127576668905583
09-01-2026 11:25||NIFTY27JAN2625100PE,0.1034934726211961
09-01-2026 11:25||NIFTY27JAN2625600CE,0.1092353440180655
09-01-2026 11:30||NIFTY27JAN2624000PE,0.1632420063716018
09-01-2026 11:30||NIFTY27JAN2624100PE,0.1576361562645991
09-01-2026 11:30||NIFTY27JAN2624500PE,0.1342907457567489
09-01-2026 11:30||NIFTY27JAN2624600PE,0.1285887109097791
09-01-2026 11:30||NIFTY27JAN2624900PE,0.1129094491694703
09-01-2026 11:30||NIFTY27JAN2625000PE,0.1083762411664688
09-01-2026 11:30||NIFTY27JAN2625300CE,0.1209843518309818
09-01-2026 11:30||NIFTY27JAN2626200CE,0.0899916024652265
09-01-2026 11:35||NIFTY27JAN2624100PE,0.1569296531785933
09-01-2026 11:35||NIFTY27JAN2624600PE,0.1281617427044952
09-01-2026 11:35||NIFTY27JAN2625200CE,0.1206161976279731
09-01-2026 11:35||NIFTY27JAN2625300CE,0.1164881722246266
09-01-2026 11:35||NIFTY27JAN2625700CE,0.101063980515319
09-01-2026 11:35||NIFTY27JAN2625800CE,0.098284102029195
09-01-2026 11:40||NIFTY27JAN2624600PE,0.1276540156791921
09-01-2026 11:40||NIFTY27JAN2624700PE,0.122462724732343
09-01-2026 11:40||NIFTY27JAN2625000PE,0.1084254585988035
09-01-2026 11:40||NIFTY27JAN2625300CE,0.1181170360332208
09-01-2026 11:40||NIFTY27JAN2625800CE,0.0980726951174795
09-01-2026 11:40||NIFTY27JAN2625900CE,0.0959395687338738
09-01-2026 11:45||NIFTY27JAN2625900CE,0.0967961067801259
09-01-2026 11:45||NIFTY27JAN2626000CE,0.0953346620795727
09-01-2026 11:45||NIFTY27JAN2626200CE,0.0934086685720236
09-01-2026 11:45||NIFTY27JAN2626500CE,0.0920809693895395
09-01-2026 11:50||NIFTY27JAN2625000PE,0.1083322342990125
09-01-2026 11:50||NIFTY27JAN2625200CE,0.1186878085713608
09-01-2026 11:50||NIFTY27JAN2625400CE,0.1124635943808553
09-01-2026 11:50||NIFTY27JAN2625500CE,0.109300549257037
09-01-2026 11:50||NIFTY27JAN2626000CE,0.0965089366570742
09-01-2026 11:50||NIFTY27JAN2626500CE,0.0931195045981544
09-01-2026 11:55||NIFTY27JAN2624200PE,0.1505761595312773
09-01-2026 11:55||NIFTY27JAN2624300PE,0.1445683617655996
09-01-2026 11:55||NIFTY27JAN2624500PE,0.1331434205839846
09-01-2026 11:55||NIFTY27JAN2624900PE,0.1132151670890504
09-01-2026 11:55||NIFTY27JAN2625400CE,0.1144038503286653
09-01-2026 11:55||NIFTY27JAN2625600CE,0.106129938789676
09-01-2026 11:55||NIFTY27JAN2625800CE,0.1000761847374628
09-01-2026 11:55||NIFTY27JAN2626300CE,0.0938694181244842
09-01-2026 12:00||NIFTY27JAN2623800PE,0.1728596129929071
09-01-2026 12:00||NIFTY27JAN2624400PE,0.1379664939032512
09-01-2026 12:00||NIFTY27JAN2624800PE,0.1155067412838269
09-01-2026 12:00||NIFTY27JAN2625600CE,0.1110316679155912
09-01-2026 12:00||NIFTY27JAN2625800CE,0.1038353961444439
09-01-2026 12:00||NIFTY27JAN2626300CE,0.0950225176065254
09-01-2026 12:05||NIFTY27JAN2624600PE,0.1280769042704288
09-01-2026 12:05||NIFTY27JAN2625500CE,0.1088042840953595
09-01-2026 12:05||NIFTY27JAN2626000CE,0.0953356721307841
09-01-2026 12:05||NIFTY27JAN2626500CE,0.0931003836364164
09-01-2026 12:10||NIFTY27JAN2624200PE,0.1513769766551604
09-01-2026 12:10||NIFTY27JAN2624300PE,0.1453854993636245
09-01-2026 12:10||NIFTY27JAN2625500CE,0.1059588710036586
09-01-2026 12:10||NIFTY27JAN2625900CE,0.0961350105182674
09-01-2026 12:10||NIFTY27JAN2626300CE,0.0933349061062197
09-01-2026 12:15||NIFTY27JAN2623800PE,0.1752081225485294
09-01-2026 12:15||NIFTY27JAN2624100PE,0.1562273936192366
09-01-2026 12:15||NIFTY27JAN2624200PE,0.1498037847566251
09-01-2026 12:15||NIFTY27JAN2624300PE,0.1436419667590361
09-01-2026 12:15||NIFTY27JAN2625400CE,0.1109291007132966
09-01-2026 12:15||NIFTY27JAN2625500CE,0.1064452753769036
09-01-2026 12:15||NIFTY27JAN2625800CE,0.0999582340984357
09-01-2026 12:15||NIFTY27JAN2625900CE,0.0984802653693056
09-01-2026 12:15||NIFTY27JAN2626200CE,0.0929595325586773
09-01-2026 12:15||NIFTY27JAN2626300CE,0.0913088350467334
09-01-2026 12:15||NIFTY27JAN2626400CE,0.0894363539747121
09-01-2026 12:15||NIFTY27JAN2626500CE,0.0873003706806881
09-01-2026 12:20||NIFTY27JAN2624000PE,0.162295345515912
09-01-2026 12:20||NIFTY27JAN2624700PE,0.1210280554958159
09-01-2026 12:20||NIFTY27JAN2624800PE,0.1160315557964805
09-01-2026 12:20||NIFTY27JAN2625000PE,0.1072712981189198
09-01-2026 12:25||NIFTY27JAN2624200PE,0.150135312105437
09-01-2026 12:25||NIFTY27JAN2624400PE,0.1383619421502242
09-01-2026 12:25||NIFTY27JAN2624600PE,0.1271768840295219
09-01-2026 12:25||NIFTY27JAN2625000PE,0.1084727625991296
09-01-2026 12:30||NIFTY27JAN2623800PE,0.1658988961117579
09-01-2026 12:30||NIFTY27JAN2624400PE,0.137655418710472
09-01-2026 12:30||NIFTY27JAN2624900PE,0.1119425457347495
09-01-2026 12:30||NIFTY27JAN2626400CE,0.0946156014198169
09-01-2026 12:35||NIFTY27JAN2624100PE,0.1574277732704828
09-01-2026 12:35||NIFTY27JAN2624300PE,0.1455466778644766
09-01-2026 12:35||NIFTY27JAN2624700PE,0.1245035805881076
09-01-2026 12:35||NIFTY27JAN2624900PE,0.1154322334742901
09-01-2026 12:35||NIFTY27JAN2625700CE,0.0974700478035489
09-01-2026 12:35||NIFTY27JAN2626400CE,0.0957218953471004
09-01-2026 12:40||NIFTY27JAN2624100PE,0.1576741396678418
09-01-2026 12:40||NIFTY27JAN2625800CE,0.0988668145828216
09-01-2026 12:40||NIFTY27JAN2626100CE,0.0962564921393316
09-01-2026 12:45||NIFTY27JAN2623900PE,0.1701353631113734
09-01-2026 12:45||NIFTY27JAN2624100PE,0.1576708072927968
09-01-2026 12:45||NIFTY27JAN2624200PE,0.1514176768602604
09-01-2026 12:45||NIFTY27JAN2625100PE,0.1072337139724069
09-01-2026 12:45||NIFTY27JAN2625300CE,0.1060951225735951
09-01-2026 12:45||NIFTY27JAN2625800CE,0.097045022956538
09-01-2026 12:45||NIFTY27JAN2625900CE,0.0960620694026818
09-01-2026 12:45||NIFTY27JAN2626000CE,0.0954734509297238
09-01-2026 12:45||NIFTY27JAN2626400CE,0.0980142267940877
09-01-2026 12:50||NIFTY27JAN2623800PE,0.1788867798164923
09-01-2026 12:50||NIFTY27JAN2624100PE,0.1554152064553404
09-01-2026 12:50||NIFTY27JAN2625300CE,0.1214681339438027
09-01-2026 12:50||NIFTY27JAN2625500CE,0.1110820860575474
09-01-2026 12:50||NIFTY27JAN2626200CE,0.098053116264906
09-01-2026 12:55||NIFTY27JAN2624100PE,0.1572959311863156
09-01-2026 12:55||NIFTY27JAN2624500PE,0.1328684977798939
09-01-2026 12:55||NIFTY27JAN2624800PE,0.1173398884142531
09-01-2026 12:55||NIFTY27JAN2625600CE,0.1040712250472672
09-01-2026 12:55||NIFTY27JAN2625700CE,0.1015608911261028
09-01-2026 13:00||NIFTY27JAN2624200PE,0.1507875997131024
09-01-2026 13:00||NIFTY27JAN2624900PE,0.1134870357657711
09-01-2026 13:00||NIFTY27JAN2625200CE,0.1159679397492101
09-01-2026 13:00||NIFTY27JAN2625600CE,0.1038841271678132
09-01-2026 13:00||NIFTY27JAN2625800CE,0.0994517517361197
09-01-2026 13:00||NIFTY27JAN2626400CE,0.0980073119007567
09-01-2026 13:05||NIFTY27JAN2623900PE,0.1701678592012862
09-01-2026 13:05||NIFTY27JAN2624100PE,0.1583860863815527
09-01-2026 13:05||NIFTY27JAN2624300PE,0.1456216684813476
09-01-2026 13:05||NIFTY27JAN2624400PE,0.1391961670228982
09-01-2026 13:05||NIFTY27JAN2624700PE,0.1212323064932398
09-01-2026 13:05||NIFTY27JAN2624800PE,0.1160771349252503
09-01-2026 13:05||NIFTY27JAN2624900PE,0.1115287561205124
09-01-2026 13:05||NIFTY27JAN2625000PE,0.107697224061813
09-01-2026 13:05||NIFTY27JAN2626000CE,0.0981009865500004
09-01-2026 13:05||NIFTY27JAN2626400CE,0.0986654002997772
09-01-2026 13:05||NIFTY27JAN2626500CE,0.0994628695259981
09-01-2026 13:10||NIFTY27JAN2624000PE,0.1635357014050942
09-01-2026 13:10||NIFTY27JAN2624100PE,0.1572731659960394
09-01-2026 13:10||NIFTY27JAN2624300PE,0.14493991355347
09-01-2026 13:10||NIFTY27JAN2625200CE,0.1198603677047097
09-01-2026 13:10||NIFTY27JAN2625900CE,0.0991704586764989
09-01-2026 13:10||NIFTY27JAN2626100CE,0.0973962106071184
09-01-2026 13:10||NIFTY27JAN2626400CE,0.098619150264141
09-01-2026 13:15||NIFTY27JAN2624100PE,0.1573408780858288
09-01-2026 13:15||NIFTY27JAN2624400PE,0.1389097005579379
09-01-2026 13:15||NIFTY27JAN2625000PE,0.1084034693147511
09-01-2026 13:15||NIFTY27JAN2625300CE,0.1163204635059906
09-01-2026 13:15||NIFTY27JAN2625700CE,0.1035956954564433
09-01-2026 13:15||NIFTY27JAN2625800CE,0.1015230119240442
09-01-2026 13:15||NIFTY27JAN2625900CE,0.0998966294792394
09-01-2026 13:15||NIFTY27JAN2626100CE,0.0979879306415124
09-01-2026 13:15||NIFTY27JAN2626200CE,0.0977080074785375
09-01-2026 13:20||NIFTY27JAN2624100PE,0.1574992305973745
09-01-2026 13:20||NIFTY27JAN2625000PE,0.1083990527112865
09-01-2026 13:20||NIFTY27JAN2625200CE,0.1207821787314921
09-01-2026 13:20||NIFTY27JAN2625600CE,0.1036607097865604
09-01-2026 13:25||NIFTY27JAN2624500PE,0.1332675367059203
09-01-2026 13:25||NIFTY27JAN2625100PE,0.1059546194226899
09-01-2026 13:25||NIFTY27JAN2625300CE,0.1168300504389031
09-01-2026 13:25||NIFTY27JAN2626200CE,0.0972743855651563
09-01-2026 13:30||NIFTY27JAN2624300PE,0.145819822774803
09-01-2026 13:30||NIFTY27JAN2624900PE,0.1148872780926902
09-01-2026 13:30||NIFTY27JAN2625900CE,0.0960175090144932
09-01-2026 13:30||NIFTY27JAN2626400CE,0.096592441951742
09-01-2026 13:35||NIFTY27JAN2623900PE,0.1692729529475992
09-01-2026 13:35||NIFTY27JAN2624100PE,0.1578562614738282
09-01-2026 13:35||NIFTY27JAN2624400PE,0.1389057261689757
09-01-2026 13:35||NIFTY27JAN2624600PE,0.126765242447247
09-01-2026 13:35||NIFTY27JAN2625100PE,0.1052703070952072
09-01-2026 13:35||NIFTY27JAN2625300CE,0.1213655278739018
09-01-2026 13:35||NIFTY27JAN2625400CE,0.1161932289434021
09-01-2026 13:35||NIFTY27JAN2625900CE,0.1005462275269258
09-01-2026 13:35||NIFTY27JAN2626100CE,0.0984637602321569
09-01-2026 13:40||NIFTY27JAN2624500PE,0.1341059189621362
09-01-2026 13:40||NIFTY27JAN2624800PE,0.118763431296917
09-01-2026 13:40||NIFTY27JAN2625100PE,0.1081163918353385
09-01-2026 13:40||NIFTY27JAN2625300CE,0.1064575944352289
09-01-2026 13:40||NIFTY27JAN2625500CE,0.1006541385710543
09-01-2026 13:40||NIFTY27JAN2626500CE,0.0977874899677139
09-01-2026 13:45||NIFTY27JAN2623900PE,0.1688127100476352
09-01-2026 13:45||NIFTY27JAN2624100PE,0.1559405320230256
09-01-2026 13:45||NIFTY27JAN2624300PE,0.1437586098998027
09-01-2026 13:45||NIFTY27JAN2624400PE,0.1379684698429823
09-01-2026 13:45||NIFTY27JAN2625200CE,0.1124186062935248
09-01-2026 13:45||NIFTY27JAN2626000CE,0.0964429671792607
09-01-2026 13:50||NIFTY27JAN2623800PE,0.1688179408167182
09-01-2026 13:50||NIFTY27JAN2624600PE,0.1279203975502227
09-01-2026 13:50||NIFTY27JAN2624700PE,0.1228742574122723
09-01-2026 13:50||NIFTY27JAN2625400CE,0.1086468428477622
09-01-2026 13:50||NIFTY27JAN2625800CE,0.0984087020767074
09-01-2026 13:50||NIFTY27JAN2626100CE,0.0958124607354714
09-01-2026 13:55||NIFTY27JAN2624000PE,0.1602850234192987
09-01-2026 13:55||NIFTY27JAN2625400CE,0.1172839592030655
09-01-2026 13:55||NIFTY27JAN2625500CE,0.1130237532934101
09-01-2026 13:55||NIFTY27JAN2626400CE,0.1005028497657227
09-01-2026 14:00||NIFTY27JAN2624200PE,0.1505009009054609
09-01-2026 14:00||NIFTY27JAN2624300PE,0.1445660787693738
09-01-2026 14:00||NIFTY27JAN2624400PE,0.1388203566843971
09-01-2026 14:00||NIFTY27JAN2625500CE,0.1055705242418437
09-01-2026 14:00||NIFTY27JAN2625800CE,0.0983197888878798
09-01-2026 14:00||NIFTY27JAN2626000CE,0.0958511761748105
09-01-2026 14:05||NIFTY27JAN2624100PE,0.1560272345967751
09-01-2026 14:05||NIFTY27JAN2624300PE,0.1438685961029897
09-01-2026 14:05||NIFTY27JAN2624400PE,0.1380606455108391
09-01-2026 14:05||NIFTY27JAN2625200CE,0.1252756983107008
09-01-2026 14:05||NIFTY27JAN2625400CE,0.1146123353326361
09-01-2026 14:10||NIFTY27JAN2624300PE,0.1438888103323659
09-01-2026 14:10||NIFTY27JAN2624700PE,0.1228981999396763
09-01-2026 14:10||NIFTY27JAN2625300CE,0.1130240787808996
09-01-2026 14:10||NIFTY27JAN2626300CE,0.0964758086423857
09-01-2026 14:10||NIFTY27JAN2626400CE,0.0969266301926028
09-01-2026 14:10||NIFTY27JAN2626500CE,0.0973497604044478
09-01-2026 14:15||NIFTY27JAN2625500CE,0.1054315402048241
09-01-2026 14:20||NIFTY27JAN2624100PE,0.1561901497894
09-01-2026 14:20||NIFTY27JAN2624300PE,0.1441223415233378
09-01-2026 14:20||NIFTY27JAN2624400PE,0.1383070616291497
09-01-2026 14:20||NIFTY27JAN2625000PE,0.1088064715671756
09-01-2026 14:20||NIFTY27JAN2625200CE,0.1146451083315341
09-01-2026 14:20||NIFTY27JAN2625400CE,0.108811457687028
09-01-2026 14:20||NIFTY27JAN2625900CE,0.0974104870280954
09-01-2026 14:25||NIFTY27JAN2624100PE,0.1569934785747937
09-01-2026 14:25||NIFTY27JAN2624200PE,0.1509332968314343
09-01-2026 14:25||NIFTY27JAN2624300PE,0.1449067723655882
09-01-2026 14:25||NIFTY27JAN2625100PE,0.1069253998140255
09-01-2026 14:25||NIFTY27JAN2625300CE,0.1100809687536608
09-01-2026 14:25||NIFTY27JAN2625600CE,0.1004336548904346
09-01-2026 14:30||NIFTY27JAN2624000PE,0.1613652416309038
09-01-2026 14:30||NIFTY27JAN2624200PE,0.1485232551122814
09-01-2026 14:30||NIFTY27JAN2625900CE,0.1005853680261657
09-01-2026 14:30||NIFTY27JAN2626300CE,0.0989896347120468
09-01-2026 14:35||NIFTY27JAN2624200PE,0.1491055848230298
09-01-2026 14:35||NIFTY27JAN2624300PE,0.1432884044892522
09-01-2026 14:35||NIFTY27JAN2624600PE,0.1270120111106301
09-01-2026 14:35||NIFTY27JAN2625800CE,0.1001765002518114
09-01-2026 14:40||NIFTY27JAN2623800PE,0.1742770189668292
09-01-2026 14:40||NIFTY27JAN2625200CE,0.1242318797860293
09-01-2026 14:40||NIFTY27JAN2625600CE,0.1067338264715465
09-01-2026 14:40||NIFTY27JAN2625900CE,0.0998150980928498
09-01-2026 14:40||NIFTY27JAN2626100CE,0.0980944287836369
09-01-2026 14:40||NIFTY27JAN2626400CE,0.0999618064020366
09-01-2026 14:45||NIFTY27JAN2624500PE,0.1326411452047611
09-01-2026 14:45||NIFTY27JAN2624600PE,0.1272348677373456
09-01-2026 14:45||NIFTY27JAN2625300CE,0.1145710149323708
09-01-2026 14:45||NIFTY27JAN2625600CE,0.1044760155246125
09-01-2026 14:50||NIFTY27JAN2623900PE,0.16900517740253
09-01-2026 14:50||NIFTY27JAN2626000CE,0.0973039800383815
09-01-2026 14:50||NIFTY27JAN2626300CE,0.0976164159367396
09-01-2026 14:55||NIFTY27JAN2623900PE,0.1685508566767879
09-01-2026 14:55||NIFTY27JAN2624000PE,0.1624430296912996
09-01-2026 14:55||NIFTY27JAN2624800PE,0.1173307940096944
09-01-2026 14:55||NIFTY27JAN2625600CE,0.1027942711743621
09-01-2026 14:55||NIFTY27JAN2625900CE,0.0972250213592272
09-01-2026 15:00||NIFTY27JAN2624000PE,0.1618588701065778
09-01-2026 15:00||NIFTY27JAN2624300PE,0.143772160859391
09-01-2026 15:00||NIFTY27JAN2625400CE,0.1129111094549385
09-01-2026 15:00||NIFTY27JAN2625600CE,0.1054318349978713
09-01-2026 15:00||NIFTY27JAN2625700CE,0.1025836493189821
09-01-2026 15:00||NIFTY27JAN2625800CE,0.1003274224812794
09-01-2026 15:00||NIFTY27JAN2626500CE,0.1008246441852361
09-01-2026 15:05||NIFTY27JAN2624200PE,0.1501696569870465
09-01-2026 15:05||NIFTY27JAN2624300PE,0.1440558468306941
09-01-2026 15:05||NIFTY27JAN2625000PE,0.1068125068641094
09-01-2026 15:05||NIFTY27JAN2625100PE,0.1020209571357964
09-01-2026 15:05||NIFTY27JAN2625600CE,0.1053479599967367
09-01-2026 15:05||NIFTY27JAN2626500CE,0.1008105262773874
09-01-2026 15:10||NIFTY27JAN2623800PE,0.1729488445517254
09-01-2026 15:10||NIFTY27JAN2624000PE,0.1619373700552625
09-01-2026 15:10||NIFTY27JAN2624600PE,0.1267759470403344
09-01-2026 15:10||NIFTY27JAN2625000PE,0.1080253380058226
09-01-2026 15:10||NIFTY27JAN2625100PE,0.1035587735995635
09-01-2026 15:10||NIFTY27JAN2625200CE,0.1185541631386994
09-01-2026 15:10||NIFTY27JAN2626200CE,0.0965952368819927
09-01-2026 15:15||NIFTY27JAN2624200PE,0.1505923564540718
09-01-2026 15:15||NIFTY27JAN2624300PE,0.1447642371699415
09-01-2026 15:15||NIFTY27JAN2624500PE,0.1336401288216736
09-01-2026 15:15||NIFTY27JAN2624700PE,0.1234299412463145
09-01-2026 15:15||NIFTY27JAN2624900PE,0.114368337930973
09-01-2026 15:15||NIFTY27JAN2625200CE,0.113790341005643
09-01-2026 15:15||NIFTY27JAN2625900CE,0.0965670777298366
09-01-2026 15:15||NIFTY27JAN2626000CE,0.0957605204606899
09-01-2026 15:20||NIFTY27JAN2623800PE,0.1720211314116398
09-01-2026 15:20||NIFTY27JAN2624700PE,0.1236731671620942
09-01-2026 15:20||NIFTY27JAN2625100PE,0.1069311258776703
09-01-2026 15:20||NIFTY27JAN2625200CE,0.1253743360856667
09-01-2026 15:20||NIFTY27JAN2625300CE,0.1192821383367476
09-01-2026 15:20||NIFTY27JAN2625600CE,0.1049677151869836
09-01-2026 15:20||NIFTY27JAN2625800CE,0.1002138826378657
09-01-2026 15:20||NIFTY27JAN2626100CE,0.0975042522873874
09-01-2026 15:25||NIFTY27JAN2624100PE,0.1578198701586123
09-01-2026 15:25||NIFTY27JAN2624200PE,0.1519725012839693
09-01-2026 15:25||NIFTY27JAN2624400PE,0.1402858115279484
09-01-2026 15:25||NIFTY27JAN2625500CE,0.1165185442259136
09-01-2026 15:25||NIFTY27JAN2626000CE,0.1020641658761694
09-01-2026 15:25||NIFTY27JAN2626100CE,0.1009228704376945
12-01-2026 09:15||NIFTY27JAN2624000PE,0.1766517716722394
12-01-2026 09:15||NIFTY27JAN2624900PE,0.1247572306556227
12-01-2026 09:15||NIFTY27JAN2625200CE,0.1148136956565194
12-01-2026 09:15||NIFTY27JAN2626000CE,0.1019653118768102
12-01-2026 09:15||NIFTY27JAN2626100CE,0.1020365392292572
12-01-2026 09:20||NIFTY27JAN2624200PE,0.1627791929818822
12-01-2026 09:20||NIFTY27JAN2624600PE,0.1382376882719563
12-01-2026 09:20||NIFTY27JAN2624800PE,0.1280656984102618
12-01-2026 09:20||NIFTY27JAN2625000PE,0.1191406898983034
12-01-2026 09:20||NIFTY27JAN2625100PE,0.1146251921166994
12-01-2026 09:20||NIFTY27JAN2625200CE,0.1274261947006824
12-01-2026 09:20||NIFTY27JAN2625600CE,0.1132475898993498
12-01-2026 09:20||NIFTY27JAN2625800CE,0.1098158259442561
12-01-2026 09:25||NIFTY27JAN2624700PE,0.1324139567261518
12-01-2026 09:25||NIFTY27JAN2625800CE,0.1140956339751964
12-01-2026 09:25||NIFTY27JAN2626200CE,0.1130254403402884
12-01-2026 09:30||NIFTY27JAN2623900PE,0.1808505823760846
12-01-2026 09:30||NIFTY27JAN2624000PE,0.1743036184866484
12-01-2026 09:30||NIFTY27JAN2624400PE,0.1486128248967844
12-01-2026 09:30||NIFTY27JAN2625200CE,0.1396644206298325
12-01-2026 09:30||NIFTY27JAN2625600CE,0.1234430603154729
12-01-2026 09:30||NIFTY27JAN2625800CE,0.1174568979826274
12-01-2026 09:30||NIFTY27JAN2626000CE,0.1140160883119162
12-01-2026 09:35||NIFTY27JAN2623900PE,0.1792468889853031
12-01-2026 09:35||NIFTY27JAN2624500PE,0.1424552032722261
12-01-2026 09:35||NIFTY27JAN2624600PE,0.1368462937540346
12-01-2026 09:35||NIFTY27JAN2624700PE,0.1314627065462486
12-01-2026 09:35||NIFTY27JAN2625000PE,0.1169291953761793
12-01-2026 09:35||NIFTY27JAN2625700CE,0.1173571915082149
12-01-2026 09:35||NIFTY27JAN2625800CE,0.1150219759082924
12-01-2026 09:35||NIFTY27JAN2625900CE,0.1134201721361112
12-01-2026 09:35||NIFTY27JAN2626200CE,0.1130152953352581
12-01-2026 09:35||NIFTY27JAN2626500CE,0.1191378249970732
12-01-2026 09:40||NIFTY27JAN2623900PE,0.180179309922618
12-01-2026 09:40||NIFTY27JAN2624600PE,0.1387014376612273
12-01-2026 09:40||NIFTY27JAN2624700PE,0.1333541352794811
12-01-2026 09:40||NIFTY27JAN2625200CE,0.1320425296870046
12-01-2026 09:40||NIFTY27JAN2625400CE,0.1241554286171691
12-01-2026 09:45||NIFTY27JAN2623900PE,0.1809937059315012
12-01-2026 09:45||NIFTY27JAN2624800PE,0.1257028325089142
12-01-2026 09:45||NIFTY27JAN2625000PE,0.115373489750921
12-01-2026 09:45||NIFTY27JAN2626400CE,0.1178364752278944
12-01-2026 09:45||NIFTY27JAN2626500CE,0.1194092336893826
12-01-2026 09:50||NIFTY27JAN2625000PE,0.1191482293305986
12-01-2026 09:50||NIFTY27JAN2625400CE,0.1267601000227792
12-01-2026 09:50||NIFTY27JAN2625900CE,0.1115051068824569
12-01-2026 09:50||NIFTY27JAN2626000CE,0.1104189817191482
12-01-2026 09:55||NIFTY27JAN2623800PE,0.1875704269878379
12-01-2026 09:55||NIFTY27JAN2625000PE,0.120123092369174
12-01-2026 09:55||NIFTY27JAN2625100PE,0.1149861929175359
12-01-2026 09:55||NIFTY27JAN2625400CE,0.1166936114721774
12-01-2026 09:55||NIFTY27JAN2625700CE,0.109005284436386
12-01-2026 09:55||NIFTY27JAN2625900CE,0.106794364336696
12-01-2026 09:55||NIFTY27JAN2626200CE,0.1082778513984616
12-01-2026 09:55||NIFTY27JAN2626400CE,0.1127004384453333
12-01-2026 10:00||NIFTY27JAN2624800PE,0.1245891896054816
12-01-2026 10:00||NIFTY27JAN2625200CE,0.1439958143355132
12-01-2026 10:00||NIFTY27JAN2625700CE,0.1202567696996969
12-01-2026 10:00||NIFTY27JAN2626100CE,0.1129738813320853
12-01-2026 10:00||NIFTY27JAN2626200CE,0.1132491080518421
12-01-2026 10:05||NIFTY27JAN2623900PE,0.1825916865664422
12-01-2026 10:05||NIFTY27JAN2624300PE,0.1578087724210609
12-01-2026 10:05||NIFTY27JAN2624600PE,0.1392309920472251
12-01-2026 10:05||NIFTY27JAN2624700PE,0.1334674420659678
12-01-2026 10:05||NIFTY27JAN2624800PE,0.1280446466786371
12-01-2026 10:05||NIFTY27JAN2625100PE,0.1140811509737431
12-01-2026 10:10||NIFTY27JAN2624000PE,0.1752149075749957
12-01-2026 10:10||NIFTY27JAN2624100PE,0.1690718660814576
12-01-2026 10:10||NIFTY27JAN2624900PE,0.1224390748035175
12-01-2026 10:10||NIFTY27JAN2625600CE,0.1159462284149041
12-01-2026 10:10||NIFTY27JAN2626300CE,0.112146801734396
12-01-2026 10:10||NIFTY27JAN2626400CE,0.1144000438480321
12-01-2026 10:15||NIFTY27JAN2623800PE,0.18550996704714
12-01-2026 10:15||NIFTY27JAN2624500PE,0.1417450889827938
12-01-2026 10:15||NIFTY27JAN2624800PE,0.1242998316057095
12-01-2026 10:15||NIFTY27JAN2625000PE,0.1141214996187303
12-01-2026 10:15||NIFTY27JAN2625100PE,0.1090126637687546
12-01-2026 10:15||NIFTY27JAN2626200CE,0.1123004818131793
12-01-2026 10:15||NIFTY27JAN2626400CE,0.1148334407080411
12-01-2026 10:15||NIFTY27JAN2626500CE,0.1158967827711958
12-01-2026 10:20||NIFTY27JAN2624200PE,0.1636125882321989
12-01-2026 10:20||NIFTY27JAN2624800PE,0.1272941166233225
12-01-2026 10:20||NIFTY27JAN2624900PE,0.1221443226991686
12-01-2026 10:20||NIFTY27JAN2625200CE,0.1319352078087738
12-01-2026 10:20||NIFTY27JAN2626500CE,0.1162014542360973
12-01-2026 10:25||NIFTY27JAN2623800PE,0.1865958236253018
12-01-2026 10:25||NIFTY27JAN2624300PE,0.1563870383164641
12-01-2026 10:25||NIFTY27JAN2624400PE,0.1499942322464408
12-01-2026 10:25||NIFTY27JAN2624900PE,0.1211093242331504
12-01-2026 10:25||NIFTY27JAN2625200CE,0.1429091470636202
12-01-2026 10:25||NIFTY27JAN2625800CE,0.1127945917871654
12-01-2026 10:25||NIFTY27JAN2625900CE,0.1109612312940525
12-01-2026 10:25||NIFTY27JAN2626000CE,0.1100057263380502
12-01-2026 10:30||NIFTY27JAN2624500PE,0.1448910025804241
12-01-2026 10:30||NIFTY27JAN2625200CE,0.1283510353243913
12-01-2026 10:30||NIFTY27JAN2625800CE,0.1090105875185167
12-01-2026 10:30||NIFTY27JAN2626200CE,0.1074863562121625
12-01-2026 10:35||NIFTY27JAN2624600PE,0.137517431279628
12-01-2026 10:35||NIFTY27JAN2625400CE,0.1241810155639483
12-01-2026 10:35||NIFTY27JAN2625700CE,0.1132997779086229
12-01-2026 10:35||NIFTY27JAN2626400CE,0.1133897946099904
12-01-2026 10:40||NIFTY27JAN2625000PE,0.1170224920662994
12-01-2026 10:40||NIFTY27JAN2625100PE,0.1118293521294207
12-01-2026 10:40||NIFTY27JAN2625300CE,0.1292615629418514
12-01-2026 10:40||NIFTY27JAN2625400CE,0.1235195830444587
12-01-2026 10:40||NIFTY27JAN2625500CE,0.1186744646755793
12-01-2026 10:40||NIFTY27JAN2626400CE,0.1125825129546639
12-01-2026 10:45||NIFTY27JAN2624400PE,0.148953329139148
12-01-2026 10:45||NIFTY27JAN2625000PE,0.1153741254968788
12-01-2026 10:45||NIFTY27JAN2626000CE,0.1098535661053318
12-01-2026 10:45||NIFTY27JAN2626200CE,0.1101627214041421
12-01-2026 10:45||NIFTY27JAN2626300CE,0.111843684412474
12-01-2026 10:50||NIFTY27JAN2623900PE,0.1831220118325897
12-01-2026 10:50||NIFTY27JAN2624900PE,0.1233139424695966
12-01-2026 10:50||NIFTY27JAN2625500CE,0.1121367406338015
12-01-2026 10:50||NIFTY27JAN2625600CE,0.1096644159462633
12-01-2026 10:50||NIFTY27JAN2626200CE,0.1062283279653969
12-01-2026 10:55||NIFTY27JAN2624000PE,0.1751579967989984
12-01-2026 10:55||NIFTY27JAN2624300PE,0.1559923844559576
12-01-2026 10:55||NIFTY27JAN2624400PE,0.1496653557799196
12-01-2026 10:55||NIFTY27JAN2624900PE,0.1217288596855127
12-01-2026 10:55||NIFTY27JAN2625100PE,0.1126304476793322
12-01-2026 10:55||NIFTY27JAN2625500CE,0.1170051425434204
12-01-2026 10:55||NIFTY27JAN2626200CE,0.107974741051483
12-01-2026 10:55||NIFTY27JAN2626400CE,0.1128549398714666
12-01-2026 11:00||NIFTY27JAN2623800PE,0.1870405301849936
12-01-2026 11:00||NIFTY27JAN2624000PE,0.1744623390612819
12-01-2026 11:00||NIFTY27JAN2624500PE,0.1424413253116448
12-01-2026 11:00||NIFTY27JAN2624800PE,0.125556426121426
12-01-2026 11:00||NIFTY27JAN2624900PE,0.1206961841879936
12-01-2026 11:00||NIFTY27JAN2625000PE,0.11631911572359
12-01-2026 11:00||NIFTY27JAN2625200CE,0.1295219773405228
12-01-2026 11:00||NIFTY27JAN2625400CE,0.1226066768703204
12-01-2026 11:00||NIFTY27JAN2625600CE,0.1159374923957888
12-01-2026 11:00||NIFTY27JAN2626000CE,0.1082142062929834
12-01-2026 11:00||NIFTY27JAN2626300CE,0.1110360747220263
12-01-2026 11:05||NIFTY27JAN2624100PE,0.1669667090014383
12-01-2026 11:05||NIFTY27JAN2624700PE,0.1302097336092321
12-01-2026 11:05||NIFTY27JAN2625200CE,0.132048424574313
12-01-2026 11:05||NIFTY27JAN2625500CE,0.1199152564534493
12-01-2026 11:05||NIFTY27JAN2625600CE,0.1165913619868756
12-01-2026 11:05||NIFTY27JAN2625700CE,0.1137775651969738
12-01-2026 11:10||NIFTY27JAN2624400PE,0.1488712402888942
12-01-2026 11:10||NIFTY27JAN2624500PE,0.1427434391816632
12-01-2026 11:10||NIFTY27JAN2625200CE,0.1276316291847133
12-01-2026 11:10||NIFTY27JAN2625800CE,0.1089124559646717
12-01-2026 11:10||NIFTY27JAN2626000CE,0.1069186343722103
12-01-2026 11:15||NIFTY27JAN2625400CE,0.1188975762741388
12-01-2026 11:15||NIFTY27JAN2625700CE,0.1110089563632138
12-01-2026 11:15||NIFTY27JAN2625800CE,0.109310801722635
12-01-2026 11:20||NIFTY27JAN2624800PE,0.1235825872807716
12-01-2026 11:20||NIFTY27JAN2626400CE,0.1157950227771827
12-01-2026 11:25||NIFTY27JAN2623800PE,0.181687013444229
12-01-2026 11:25||NIFTY27JAN2624200PE,0.1576125914805965
12-01-2026 11:25||NIFTY27JAN2624300PE,0.1514059324845211
12-01-2026 11:25||NIFTY27JAN2624700PE,0.1284456025118423
12-01-2026 11:25||NIFTY27JAN2625400CE,0.1207599235113317
12-01-2026 11:30||NIFTY27JAN2623900PE,0.1763409744407386
12-01-2026 11:30||NIFTY27JAN2624000PE,0.1706542620488714
12-01-2026 11:35||NIFTY27JAN2624200PE,0.1571876827585709
12-01-2026 11:35||NIFTY27JAN2624400PE,0.144999881699341
12-01-2026 11:35||NIFTY27JAN2624700PE,0.1282760680357732
12-01-2026 11:35||NIFTY27JAN2624900PE,0.1189638795696336
12-01-2026 11:35||NIFTY27JAN2625300CE,0.1244195181128988
12-01-2026 11:35||NIFTY27JAN2625600CE,0.1148947862313458
12-01-2026 11:35||NIFTY27JAN2625800CE,0.1114440032779221
12-01-2026 11:40||NIFTY27JAN2624300PE,0.1515867660145947
12-01-2026 11:40||NIFTY27JAN2624400PE,0.1455630313581123
12-01-2026 11:40||NIFTY27JAN2625000PE,0.1155292201457108
12-01-2026 11:40||NIFTY27JAN2625200CE,0.1240226246461806
12-01-2026 11:40||NIFTY27JAN2625300CE,0.1221261235014534
12-01-2026 11:50||NIFTY27JAN2624700PE,0.1282228940764118
12-01-2026 11:50||NIFTY27JAN2625600CE,0.1154609148594305
12-01-2026 11:50||NIFTY27JAN2625800CE,0.1117746640300448
12-01-2026 11:50||NIFTY27JAN2625900CE,0.1108959334589355
12-01-2026 11:55||NIFTY27JAN2624000PE,0.1697317127493227
12-01-2026 11:55||NIFTY27JAN2624900PE,0.1185075974198932
12-01-2026 11:55||NIFTY27JAN2625100PE,0.1107065354516864
12-01-2026 11:55||NIFTY27JAN2625700CE,0.1138146177077769
12-01-2026 11:55||NIFTY27JAN2626000CE,0.1108575578563802
12-01-2026 11:55||NIFTY27JAN2626500CE,0.1211344616296764
12-01-2026 12:00||NIFTY27JAN2624100PE,0.1633798057572197
12-01-2026 12:00||NIFTY27JAN2624900PE,0.1185908250030822
12-01-2026 12:00||NIFTY27JAN2625100PE,0.1112050321357266
12-01-2026 12:00||NIFTY27JAN2625900CE,0.1099906555353434
12-01-2026 12:05||NIFTY27JAN2624000PE,0.1693805389778966
12-01-2026 12:05||NIFTY27JAN2624900PE,0.1172830619558465
12-01-2026 12:05||NIFTY27JAN2625500CE,0.119038371440758
12-01-2026 12:05||NIFTY27JAN2625800CE,0.1119517928670325
12-01-2026 12:05||NIFTY27JAN2626000CE,0.1106044961398205
12-01-2026 12:10||NIFTY27JAN2623800PE,0.1825569824406203
12-01-2026 12:10||NIFTY27JAN2624200PE,0.1564390935889767
12-01-2026 12:10||NIFTY27JAN2624700PE,0.12423432219434
12-01-2026 12:10||NIFTY27JAN2624800PE,0.1186150245560812
12-01-2026 12:10||NIFTY27JAN2625000PE,0.1086671572343959
12-01-2026 12:10||NIFTY27JAN2625800CE,0.1200140046467135
12-01-2026 12:15||NIFTY27JAN2625100PE,0.1088104636718871
12-01-2026 12:15||NIFTY27JAN2625900CE,0.1142223146612294
12-01-2026 12:15||NIFTY27JAN2626200CE,0.1125684771770838
12-01-2026 12:20||NIFTY27JAN2624400PE,0.1489394636533795
12-01-2026 12:20||NIFTY27JAN2624700PE,0.1302908748357084
12-01-2026 12:20||NIFTY27JAN2625100PE,0.1105561914380205
12-01-2026 12:20||NIFTY27JAN2625300CE,0.1444775074408885
12-01-2026 12:20||NIFTY27JAN2625500CE,0.1329217943479992
12-01-2026 12:20||NIFTY27JAN2626400CE,0.1168874657159075
12-01-2026 12:25||NIFTY27JAN2624800PE,0.1294520613949823
12-01-2026 12:25||NIFTY27JAN2625200CE,0.1268999315354657
12-01-2026 12:25||NIFTY27JAN2626300CE,0.1112493619230537
12-01-2026 12:30||NIFTY27JAN2623800PE,0.1871274319953739
12-01-2026 12:30||NIFTY27JAN2624800PE,0.1302096260198335
12-01-2026 12:30||NIFTY27JAN2624900PE,0.1249320947672735
12-01-2026 12:30||NIFTY27JAN2625500CE,0.1333908360361204
12-01-2026 12:30||NIFTY27JAN2625700CE,0.1246857413522923
12-01-2026 12:30||NIFTY27JAN2626500CE,0.1181082858280904
12-01-2026 12:35||NIFTY27JAN2624300PE,0.1624629035607589
12-01-2026 12:35||NIFTY27JAN2624600PE,0.1447208996578249
12-01-2026 12:35||NIFTY27JAN2624900PE,0.1288494912274179
12-01-2026 12:35||NIFTY27JAN2625100PE,0.1192694429557677
12-01-2026 12:35||NIFTY27JAN2626000CE,0.1102002545142322
12-01-2026 12:35||NIFTY27JAN2626300CE,0.110959269920261
12-01-2026 12:40||NIFTY27JAN2624300PE,0.158699362181102
12-01-2026 12:40||NIFTY27JAN2624400PE,0.1525084806066482
12-01-2026 12:40||NIFTY27JAN2624500PE,0.1464238674416415
12-01-2026 12:40||NIFTY27JAN2625000PE,0.1187899702517934
12-01-2026 12:40||NIFTY27JAN2625300CE,0.1491131061948918
12-01-2026 12:40||NIFTY27JAN2625500CE,0.1378914526579132
12-01-2026 12:40||NIFTY27JAN2626000CE,0.1192014380624291
12-01-2026 12:40||NIFTY27JAN2626200CE,0.1168886864914237
12-01-2026 12:45||NIFTY27JAN2624300PE,0.1645091592798361
12-01-2026 12:45||NIFTY27JAN2624500PE,0.1521213661625005
12-01-2026 12:45||NIFTY27JAN2624800PE,0.1349743755716719
12-01-2026 12:45||NIFTY27JAN2625000PE,0.1252623113567232
12-01-2026 12:45||NIFTY27JAN2625300CE,0.1284577450333434
12-01-2026 12:45||NIFTY27JAN2625700CE,0.1137102920899094
12-01-2026 12:45||NIFTY27JAN2625800CE,0.111541456372849
12-01-2026 12:45||NIFTY27JAN2626000CE,0.10904281353212
12-01-2026 12:45||NIFTY27JAN2626200CE,0.109010986881872
12-01-2026 12:45||NIFTY27JAN2626400CE,0.1114621362141735
12-01-2026 12:50||NIFTY27JAN2624500PE,0.1508527126768009
12-01-2026 12:50||NIFTY27JAN2625300CE,0.137278977330851
12-01-2026 12:50||NIFTY27JAN2625800CE,0.1190085278434099
12-01-2026 12:55||NIFTY27JAN2624500PE,0.1508847602210755
12-01-2026 12:55||NIFTY27JAN2624600PE,0.1450691891367588
12-01-2026 12:55||NIFTY27JAN2624700PE,0.1394261558290664
12-01-2026 12:55||NIFTY27JAN2625000PE,0.1239130846638572
12-01-2026 12:55||NIFTY27JAN2625400CE,0.129661751870999
12-01-2026 12:55||NIFTY27JAN2625900CE,0.1127566930451561
12-01-2026 12:55||NIFTY27JAN2626200CE,0.1114280581274837
12-01-2026 13:00||NIFTY27JAN2624200PE,0.1675481878996641
12-01-2026 13:00||NIFTY27JAN2624500PE,0.1494006622231102
12-01-2026 13:00||NIFTY27JAN2624600PE,0.1436082417279556
12-01-2026 13:00||NIFTY27JAN2625500CE,0.1281705045896812
12-01-2026 13:00||NIFTY27JAN2626000CE,0.1135532536707751
12-01-2026 13:00||NIFTY27JAN2626100CE,0.112153363434377
12-01-2026 13:00||NIFTY27JAN2626300CE,0.1127514937065015
12-01-2026 13:00||NIFTY27JAN2626500CE,0.1150077736449584
12-01-2026 13:05||NIFTY27JAN2623900PE,0.1864696236230198
12-01-2026 13:05||NIFTY27JAN2624200PE,0.1677342972826943
12-01-2026 13:05||NIFTY27JAN2624500PE,0.1494592952561027
12-01-2026 13:05||NIFTY27JAN2624900PE,0.1275481749792822
12-01-2026 13:05||NIFTY27JAN2625300CE,0.1404420641314457
12-01-2026 13:05||NIFTY27JAN2625500CE,0.1304293887285884
12-01-2026 13:05||NIFTY27JAN2626400CE,0.1149286679767733
12-01-2026 13:10||NIFTY27JAN2624700PE,0.1386611623508904
12-01-2026 13:10||NIFTY27JAN2624800PE,0.1332565454991601
12-01-2026 13:10||NIFTY27JAN2626400CE,0.1124176699677531
12-01-2026 13:15||NIFTY27JAN2623800PE,0.188866796335996
12-01-2026 13:15||NIFTY27JAN2624500PE,0.15104127945478
12-01-2026 13:15||NIFTY27JAN2624700PE,0.1396243859791016
12-01-2026 13:15||NIFTY27JAN2624800PE,0.1345511674750315
12-01-2026 13:15||NIFTY27JAN2625100PE,0.1228597629324358
12-01-2026 13:15||NIFTY27JAN2625500CE,0.1167569202747604
12-01-2026 13:15||NIFTY27JAN2625800CE,0.1093865851713166
12-01-2026 13:15||NIFTY27JAN2626100CE,0.1068124094887264
12-01-2026 13:15||NIFTY27JAN2626300CE,0.1078521529924084
12-01-2026 13:15||NIFTY27JAN2626400CE,0.1092179144349888
12-01-2026 13:20||NIFTY27JAN2624200PE,0.1673166173257758
12-01-2026 13:20||NIFTY27JAN2624300PE,0.1614307412368104
12-01-2026 13:20||NIFTY27JAN2625000PE,0.1223396368288341
12-01-2026 13:20||NIFTY27JAN2625200CE,0.1403079794598626
12-01-2026 13:20||NIFTY27JAN2625500CE,0.1260023012191527
12-01-2026 13:20||NIFTY27JAN2626200CE,0.1111187586819102
12-01-2026 13:20||NIFTY27JAN2626500CE,0.1151901825295361
12-01-2026 13:25||NIFTY27JAN2624300PE,0.1620780540098033
12-01-2026 13:25||NIFTY27JAN2624500PE,0.1508128798129444
12-01-2026 13:25||NIFTY27JAN2624600PE,0.1453174176538467
12-01-2026 13:25||NIFTY27JAN2624800PE,0.1347957659384146
12-01-2026 13:25||NIFTY27JAN2625500CE,0.1166432638603927
12-01-2026 13:25||NIFTY27JAN2625800CE,0.109727392173772
12-01-2026 13:25||NIFTY27JAN2626000CE,0.107512456287862
12-01-2026 13:25||NIFTY27JAN2626400CE,0.109047995035927
12-01-2026 13:25||NIFTY27JAN2626500CE,0.1099117919637622
12-01-2026 13:30||NIFTY27JAN2623900PE,0.1838517246575183
12-01-2026 13:30||NIFTY27JAN2624400PE,0.1542363172873335
12-01-2026 13:30||NIFTY27JAN2624800PE,0.1305197173063214
12-01-2026 13:30||NIFTY27JAN2624900PE,0.1254254492256068
12-01-2026 13:30||NIFTY27JAN2625100PE,0.1159242305468193
12-01-2026 13:30||NIFTY27JAN2625300CE,0.1520621212902018
12-01-2026 13:30||NIFTY27JAN2625500CE,0.1377525379902718
12-01-2026 13:30||NIFTY27JAN2625600CE,0.1319134570496749
12-01-2026 13:30||NIFTY27JAN2625700CE,0.126941993954757
12-01-2026 13:35||NIFTY27JAN2624700PE,0.1403024892996616
12-01-2026 13:35||NIFTY27JAN2624900PE,0.129607362100992
12-01-2026 13:35||NIFTY27JAN2625500CE,0.1205944940199847
12-01-2026 13:35||NIFTY27JAN2625600CE,0.1177009601044212
12-01-2026 13:35||NIFTY27JAN2625900CE,0.1107142730896909
12-01-2026 13:40||NIFTY27JAN2623900PE,0.1867282945297513
12-01-2026 13:40||NIFTY27JAN2624000PE,0.1811152402096804
12-01-2026 13:40||NIFTY27JAN2624100PE,0.1753227877913704
12-01-2026 13:40||NIFTY27JAN2624800PE,0.1348391100077112
12-01-2026 13:40||NIFTY27JAN2624900PE,0.1297481031082373
12-01-2026 13:40||NIFTY27JAN2625200CE,0.1429700397419255
12-01-2026 13:40||NIFTY27JAN2625400CE,0.1260951371442632
12-01-2026 13:40||NIFTY27JAN2626100CE,0.1081979042804763
12-01-2026 13:40||NIFTY27JAN2626200CE,0.1084074601907479
12-01-2026 13:45||NIFTY27JAN2623800PE,0.1925313246159999
12-01-2026 13:45||NIFTY27JAN2623900PE,0.1868523938670065
12-01-2026 13:45||NIFTY27JAN2624600PE,0.144562307771154
12-01-2026 13:45||NIFTY27JAN2625100PE,0.1200418051181867
12-01-2026 13:50||NIFTY27JAN2624200PE,0.169393814615085
12-01-2026 13:50||NIFTY27JAN2625200CE,0.1379051564358233
12-01-2026 13:50||NIFTY27JAN2625300CE,0.1337607047648925
12-01-2026 13:50||NIFTY27JAN2625400CE,0.1296714591661712
12-01-2026 13:50||NIFTY27JAN2626200CE,0.1087528167556046
12-01-2026 13:55||NIFTY27JAN2623800PE,0.1949338753405604
12-01-2026 13:55||NIFTY27JAN2624000PE,0.1830380122257554
12-01-2026 13:55||NIFTY27JAN2624100PE,0.1767625655483677
12-01-2026 13:55||NIFTY27JAN2624700PE,0.1406224488883921
12-01-2026 13:55||NIFTY27JAN2624900PE,0.1297400943994182
12-01-2026 13:55||NIFTY27JAN2626100CE,0.1073728064430709
12-01-2026 13:55||NIFTY27JAN2626400CE,0.108903322464054
12-01-2026 14:00||NIFTY27JAN2624000PE,0.1820984383105603
12-01-2026 14:00||NIFTY27JAN2624400PE,0.1579663477716456
12-01-2026 14:00||NIFTY27JAN2624500PE,0.1519488369520897
12-01-2026 14:00||NIFTY27JAN2624600PE,0.1460293474906636
12-01-2026 14:00||NIFTY27JAN2625000PE,0.1241947011928712
12-01-2026 14:00||NIFTY27JAN2625400CE,0.1228201203253272
12-01-2026 14:00||NIFTY27JAN2625600CE,0.1162936205203451
12-01-2026 14:00||NIFTY27JAN2625700CE,0.1135264743252866
12-01-2026 14:00||NIFTY27JAN2626300CE,0.1076206750618405
12-01-2026 14:00||NIFTY27JAN2626400CE,0.1089425300365759
12-01-2026 14:05||NIFTY27JAN2624400PE,0.157098771054566
12-01-2026 14:05||NIFTY27JAN2624600PE,0.1448685957205482
12-01-2026 14:05||NIFTY27JAN2624800PE,0.1332544955474954
12-01-2026 14:05||NIFTY27JAN2625800CE,0.11563418401948
12-01-2026 14:05||NIFTY27JAN2626000CE,0.1108508075600887
12-01-2026 14:05||NIFTY27JAN2626200CE,0.1085693425701024
12-01-2026 14:05||NIFTY27JAN2626400CE,0.108922565504443
12-01-2026 14:05||NIFTY27JAN2626500CE,0.1089158804429953
12-01-2026 14:10||NIFTY27JAN2624100PE,0.1762487579896516
12-01-2026 14:10||NIFTY27JAN2624600PE,0.1465879377847723
12-01-2026 14:10||NIFTY27JAN2624800PE,0.1352806388588216
12-01-2026 14:10||NIFTY27JAN2625200CE,0.1399136566644785
12-01-2026 14:10||NIFTY27JAN2625500CE,0.1178395316416299
12-01-2026 14:10||NIFTY27JAN2626400CE,0.1071584635321024
12-01-2026 14:15||NIFTY27JAN2624100PE,0.1751060399619771
12-01-2026 14:15||NIFTY27JAN2624200PE,0.1689903129464389
12-01-2026 14:15||NIFTY27JAN2624900PE,0.1282784197144947
12-01-2026 14:15||NIFTY27JAN2625800CE,0.1121249080388807
12-01-2026 14:20||NIFTY27JAN2624400PE,0.1566247405828247
12-01-2026 14:20||NIFTY27JAN2624500PE,0.1503155186336559
12-01-2026 14:20||NIFTY27JAN2624600PE,0.1440779051705828
12-01-2026 14:20||NIFTY27JAN2625000PE,0.1210060735228064
12-01-2026 14:20||NIFTY27JAN2625200CE,0.150549373157876
12-01-2026 14:20||NIFTY27JAN2625700CE,0.1230792411028014
12-01-2026 14:20||NIFTY27JAN2626200CE,0.1111297137856663
12-01-2026 14:20||NIFTY27JAN2626500CE,0.1125600346580461
12-01-2026 14:25||NIFTY27JAN2623900PE,0.1885147365200271
12-01-2026 14:25||NIFTY27JAN2624200PE,0.1706025887622564
12-01-2026 14:25||NIFTY27JAN2624500PE,0.1525637346248163
12-01-2026 14:25||NIFTY27JAN2624600PE,0.1466922309698738
12-01-2026 14:25||NIFTY27JAN2626300CE,0.1065736072405653
12-01-2026 14:25||NIFTY27JAN2626500CE,0.1084064972805975
12-01-2026 14:30||NIFTY27JAN2623900PE,0.1883938242513574
12-01-2026 14:30||NIFTY27JAN2624200PE,0.1706258529446611
12-01-2026 14:30||NIFTY27JAN2625200CE,0.1233652813757628
12-01-2026 14:30||NIFTY27JAN2625700CE,0.108865378688434
12-01-2026 14:30||NIFTY27JAN2626200CE,0.1044476372012596
12-01-2026 14:35||NIFTY27JAN2624500PE,0.1488725333411909
12-01-2026 14:35||NIFTY27JAN2625100PE,0.116367484049531
12-01-2026 14:35||NIFTY27JAN2625900CE,0.116145769551193
12-01-2026 14:35||NIFTY27JAN2626000CE,0.1137212815281213
12-01-2026 14:35||NIFTY27JAN2626100CE,0.1120813571989749
12-01-2026 14:35||NIFTY27JAN2626400CE,0.1113552535269934
12-01-2026 14:35||NIFTY27JAN2626500CE,0.1115390144504165
12-01-2026 14:40||NIFTY27JAN2624100PE,0.1763201919996781
12-01-2026 14:40||NIFTY27JAN2624300PE,0.1640735492976206
12-01-2026 14:40||NIFTY27JAN2624500PE,0.151666513263068
12-01-2026 14:40||NIFTY27JAN2625100PE,0.1196916923811784
12-01-2026 14:40||NIFTY27JAN2625300CE,0.1339052570469608
12-01-2026 14:40||NIFTY27JAN2625600CE,0.1188518159266433
12-01-2026 14:40||NIFTY27JAN2626400CE,0.1087952805086908
12-01-2026 14:45||NIFTY27JAN2624000PE,0.1828758268479262
12-01-2026 14:45||NIFTY27JAN2624600PE,0.1468082961647416
12-01-2026 14:45||NIFTY27JAN2625000PE,0.1245691713040415
12-01-2026 14:45||NIFTY27JAN2625300CE,0.1267443511195324
12-01-2026 14:45||NIFTY27JAN2625500CE,0.1187397560445641
12-01-2026 14:45||NIFTY27JAN2626000CE,0.1068595991080706
12-01-2026 14:45||NIFTY27JAN2626100CE,0.1060246238784305
12-01-2026 14:45||NIFTY27JAN2626200CE,0.1057437756016785
12-01-2026 14:45||NIFTY27JAN2626500CE,0.1084348210928119
12-01-2026 14:50||NIFTY27JAN2624000PE,0.1829111696908107
12-01-2026 14:50||NIFTY27JAN2624400PE,0.1580374594705375
12-01-2026 14:50||NIFTY27JAN2624800PE,0.1338394955145165
12-01-2026 14:50||NIFTY27JAN2625100PE,0.1183964568464732
12-01-2026 14:50||NIFTY27JAN2625600CE,0.1217900696341518
12-01-2026 14:50||NIFTY27JAN2626000CE,0.1093843499004768
12-01-2026 14:50||NIFTY27JAN2626300CE,0.1069451886532803
12-01-2026 14:50||NIFTY27JAN2626400CE,0.1075574087174232
12-01-2026 14:55||NIFTY27JAN2624300PE,0.164493461339826
12-01-2026 14:55||NIFTY27JAN2624500PE,0.151837046590113
12-01-2026 14:55||NIFTY27JAN2624700PE,0.139787577696909
12-01-2026 14:55||NIFTY27JAN2624900PE,0.1289457227916664
12-01-2026 14:55||NIFTY27JAN2625100PE,0.1192233128263215
12-01-2026 14:55||NIFTY27JAN2626200CE,0.1073360047389676
12-01-2026 15:00||NIFTY27JAN2623800PE,0.1951712811459246
12-01-2026 15:00||NIFTY27JAN2623900PE,0.1891046638030155
12-01-2026 15:00||NIFTY27JAN2624300PE,0.1640328844209566
12-01-2026 15:00||NIFTY27JAN2624700PE,0.1401202211326326
12-01-2026 15:00||NIFTY27JAN2624800PE,0.1345533481684064
12-01-2026 15:00||NIFTY27JAN2626000CE,0.1077128872920209
12-01-2026 15:00||NIFTY27JAN2626100CE,0.106531752540349
12-01-2026 15:05||NIFTY27JAN2623800PE,0.1934832732862214
12-01-2026 15:05||NIFTY27JAN2624200PE,0.1713819566466297
12-01-2026 15:05||NIFTY27JAN2624300PE,0.1651676049555374
12-01-2026 15:05||NIFTY27JAN2624900PE,0.1296988883184728
12-01-2026 15:05||NIFTY27JAN2625900CE,0.1073217844619859
12-01-2026 15:05||NIFTY27JAN2626200CE,0.1047698594998544
12-01-2026 15:10||NIFTY27JAN2624000PE,0.1834525054345488
12-01-2026 15:10||NIFTY27JAN2624500PE,0.1525140250201807
12-01-2026 15:10||NIFTY27JAN2624600PE,0.1463813069752738
12-01-2026 15:10||NIFTY27JAN2625200CE,0.136729062801345
12-01-2026 15:10||NIFTY27JAN2625600CE,0.1131989467300822
12-01-2026 15:10||NIFTY27JAN2625900CE,0.1060051456184519
12-01-2026 15:10||NIFTY27JAN2626200CE,0.103783363513932
12-01-2026 15:10||NIFTY27JAN2626300CE,0.1039456775871306
12-01-2026 15:10||NIFTY27JAN2626400CE,0.1044904075047144
12-01-2026 15:15||NIFTY27JAN2623900PE,0.1912244391108123
12-01-2026 15:15||NIFTY27JAN2624000PE,0.185058836153428
12-01-2026 15:15||NIFTY27JAN2624500PE,0.1533682125754531
12-01-2026 15:15||NIFTY27JAN2624900PE,0.1295140324316393
12-01-2026 15:15||NIFTY27JAN2625200CE,0.1408271233880474
12-01-2026 15:15||NIFTY27JAN2625400CE,0.1281331249629333
12-01-2026 15:15||NIFTY27JAN2625500CE,0.1226270581409372
12-01-2026 15:20||NIFTY27JAN2624100PE,0.1805672142323749
12-01-2026 15:20||NIFTY27JAN2624200PE,0.1743374092900665
12-01-2026 15:20||NIFTY27JAN2624400PE,0.1615143654548822
12-01-2026 15:20||NIFTY27JAN2624500PE,0.1550378349494143
12-01-2026 15:20||NIFTY27JAN2625000PE,0.1242146922708749
12-01-2026 15:20||NIFTY27JAN2625200CE,0.13981828628118
12-01-2026 15:20||NIFTY27JAN2625300CE,0.1340661068919948
12-01-2026 15:20||NIFTY27JAN2626200CE,0.1050676253817157
12-01-2026 15:20||NIFTY27JAN2626300CE,0.1049513752657187
12-01-2026 15:25||NIFTY27JAN2624200PE,0.1743033744971132
12-01-2026 15:25||NIFTY27JAN2624600PE,0.1489852602908284
12-01-2026 15:25||NIFTY27JAN2625400CE,0.1187301020131335
12-01-2026 15:25||NIFTY27JAN2625500CE,0.1147178887780511
12-01-2026 15:25||NIFTY27JAN2625700CE,0.1084349645146961
13-01-2026 09:15||NIFTY27JAN2624000PE,0.18872627525376
13-01-2026 09:15||NIFTY27JAN2624700PE,0.1450801520332736
13-01-2026 09:15||NIFTY27JAN2625500CE,0.1005071797103985
13-01-2026 09:15||NIFTY27JAN2625600CE,0.0998271875134028
13-01-2026 09:15||NIFTY27JAN2625800CE,0.0983320953709731
13-01-2026 09:15||NIFTY27JAN2625900CE,0.0976979177191836
13-01-2026 09:15||NIFTY27JAN2626100CE,0.0970930367682762
13-01-2026 09:20||NIFTY27JAN2623800PE,0.2010378509648643
13-01-2026 09:20||NIFTY27JAN2624500PE,0.1554421883865188
13-01-2026 09:20||NIFTY27JAN2624600PE,0.1492714584945889
13-01-2026 09:20||NIFTY27JAN2624800PE,0.1373352089173135
13-01-2026 09:25||NIFTY27JAN2623800PE,0.1991866482294995
13-01-2026 09:25||NIFTY27JAN2624200PE,0.1765476238099122
13-01-2026 09:25||NIFTY27JAN2624400PE,0.1647547695915869
13-01-2026 09:25||NIFTY27JAN2624600PE,0.1537569991874877
13-01-2026 09:25||NIFTY27JAN2624800PE,0.1434556397573393
13-01-2026 09:25||NIFTY27JAN2625300CE,0.0770841180058522
13-01-2026 09:25||NIFTY27JAN2625500CE,0.0846260926713411
13-01-2026 09:30||NIFTY27JAN2624500PE,0.155383942106173
13-01-2026 09:30||NIFTY27JAN2625300CE,0.0958229926523332
13-01-2026 09:30||NIFTY27JAN2625500CE,0.0981317313994002
13-01-2026 09:30||NIFTY27JAN2625700CE,0.0990389185777056
13-01-2026 09:30||NIFTY27JAN2626000CE,0.0997754277085625
13-01-2026 09:30||NIFTY27JAN2626200CE,0.1011179967853104
13-01-2026 09:35||NIFTY27JAN2624000PE,0.185028117071806
13-01-2026 09:35||NIFTY27JAN2625000PE,0.1254746392557192
13-01-2026 09:35||NIFTY27JAN2625300CE,0.1141575270830598
13-01-2026 09:35||NIFTY27JAN2625700CE,0.1073061464387459
13-01-2026 09:35||NIFTY27JAN2625800CE,0.1065170883145453
13-01-2026 09:40||NIFTY27JAN2625200CE,0.1183937984512554
13-01-2026 09:40||NIFTY27JAN2625400CE,0.1142889097659996
13-01-2026 09:40||NIFTY27JAN2625600CE,0.110630184527355
13-01-2026 09:45||NIFTY27JAN2623800PE,0.1930795908777558
13-01-2026 09:45||NIFTY27JAN2624500PE,0.1533260511729541
13-01-2026 09:45||NIFTY27JAN2625400CE,0.1011532717328753
13-01-2026 09:45||NIFTY27JAN2625800CE,0.0981338766358972
13-01-2026 09:45||NIFTY27JAN2625900CE,0.0986223700496267
13-01-2026 09:50||NIFTY27JAN2623900PE,0.1911405937025866
13-01-2026 09:50||NIFTY27JAN2624500PE,0.1528527821157039
13-01-2026 09:50||NIFTY27JAN2624600PE,0.1467717199153233
13-01-2026 09:50||NIFTY27JAN2625000PE,0.124780000642338
13-01-2026 09:50||NIFTY27JAN2625100PE,0.1194202807203333
13-01-2026 09:50||NIFTY27JAN2626300CE,0.1058304129918132
13-01-2026 09:55||NIFTY27JAN2624100PE,0.1775433983266506
13-01-2026 09:55||NIFTY27JAN2624200PE,0.1711888832936602
13-01-2026 09:55||NIFTY27JAN2624300PE,0.1649168697624302
13-01-2026 09:55||NIFTY27JAN2624700PE,0.1414230909074162
13-01-2026 09:55||NIFTY27JAN2625600CE,0.1042166313296686
13-01-2026 10:00||NIFTY27JAN2624200PE,0.1687515861242109
13-01-2026 10:00||NIFTY27JAN2626300CE,0.111829756013714
13-01-2026 10:00||NIFTY27JAN2626500CE,0.1136214010495622
13-01-2026 10:05||NIFTY27JAN2624000PE,0.1827324578202213
13-01-2026 10:05||NIFTY27JAN2624800PE,0.1342228601654083
13-01-2026 10:05||NIFTY27JAN2626400CE,0.1095233170591722
13-01-2026 10:10||NIFTY27JAN2624100PE,0.1796106132891812
13-01-2026 10:10||NIFTY27JAN2624200PE,0.1731090730535837
13-01-2026 10:10||NIFTY27JAN2624500PE,0.1536708709205098
13-01-2026 10:10||NIFTY27JAN2624700PE,0.141789496245988
13-01-2026 10:10||NIFTY27JAN2625100PE,0.1240792038057867
13-01-2026 10:10||NIFTY27JAN2625800CE,0.1010197425470938
13-01-2026 10:15||NIFTY27JAN2624500PE,0.1528666382699969
13-01-2026 10:15||NIFTY27JAN2624800PE,0.1355084118293469
13-01-2026 10:15||NIFTY27JAN2624900PE,0.1307107218587372
13-01-2026 10:15||NIFTY27JAN2625100PE,0.1218501010839559
13-01-2026 10:15||NIFTY27JAN2625800CE,0.1019747892270292
13-01-2026 10:20||NIFTY27JAN2623900PE,0.1909887938957241
13-01-2026 10:20||NIFTY27JAN2624100PE,0.1783165293446575
13-01-2026 10:20||NIFTY27JAN2625300CE,0.1171314490912127
13-01-2026 10:20||NIFTY27JAN2625700CE,0.105813784016555
13-01-2026 10:20||NIFTY27JAN2626500CE,0.1077206383867295
13-01-2026 10:25||NIFTY27JAN2623900PE,0.1917443360988834
13-01-2026 10:25||NIFTY27JAN2624200PE,0.172302401697812
13-01-2026 10:25||NIFTY27JAN2624500PE,0.15191012955042
13-01-2026 10:25||NIFTY27JAN2624700PE,0.1390708601676525
13-01-2026 10:25||NIFTY27JAN2625100PE,0.1179703914583615
13-01-2026 10:25||NIFTY27JAN2625700CE,0.1146738220443781
13-01-2026 10:30||NIFTY27JAN2623800PE,0.199256184569297
13-01-2026 10:30||NIFTY27JAN2624400PE,0.1619259504414415
13-01-2026 10:30||NIFTY27JAN2624600PE,0.1492544405451131
13-01-2026 10:30||NIFTY27JAN2624700PE,0.1431774062090411
13-01-2026 10:30||NIFTY27JAN2624900PE,0.1317448322114761
13-01-2026 10:30||NIFTY27JAN2625300CE,0.1182305842983977
13-01-2026 10:30||NIFTY27JAN2625900CE,0.1027797140201857
13-01-2026 10:30||NIFTY27JAN2626000CE,0.1028837587036398
13-01-2026 10:30||NIFTY27JAN2626100CE,0.1031266947063534
13-01-2026 10:30||NIFTY27JAN2626400CE,0.1024839214218923
13-01-2026 10:35||NIFTY27JAN2623800PE,0.2020404145461552
13-01-2026 10:35||NIFTY27JAN2623900PE,0.1948090430233815
13-01-2026 10:35||NIFTY27JAN2624300PE,0.1677290157855368
13-01-2026 10:35||NIFTY27JAN2624600PE,0.1487105172322282
13-01-2026 10:35||NIFTY27JAN2625000PE,0.1263645497540693
13-01-2026 10:35||NIFTY27JAN2626000CE,0.1019791863847785
13-01-2026 10:35||NIFTY27JAN2626100CE,0.1023323685172089
13-01-2026 10:40||NIFTY27JAN2623900PE,0.1922656291145271
13-01-2026 10:40||NIFTY27JAN2624000PE,0.1859783149320377
13-01-2026 10:40||NIFTY27JAN2624400PE,0.1603991491035298
13-01-2026 10:40||NIFTY27JAN2624500PE,0.1541388397118625
13-01-2026 10:40||NIFTY27JAN2624800PE,0.1364129551537893
13-01-2026 10:40||NIFTY27JAN2626300CE,0.1036037213820761
13-01-2026 10:45||NIFTY27JAN2623900PE,0.1907888505265408
13-01-2026 10:45||NIFTY27JAN2624900PE,0.1282206262078137
13-01-2026 10:45||NIFTY27JAN2625200CE,0.1305842525195934
13-01-2026 10:45||NIFTY27JAN2625600CE,0.1088713485095567
13-01-2026 10:50||NIFTY27JAN2624900PE,0.1307115124566616
13-01-2026 10:50||NIFTY27JAN2625000PE,0.1258373605255509
13-01-2026 10:50||NIFTY27JAN2625500CE,0.1057581937338911
13-01-2026 10:50||NIFTY27JAN2625600CE,0.1026611537044185
13-01-2026 10:50||NIFTY27JAN2625700CE,0.1003649660873747
13-01-2026 10:50||NIFTY27JAN2625900CE,0.0979464731851203
13-01-2026 10:55||NIFTY27JAN2624300PE,0.1633700302796626
13-01-2026 10:55||NIFTY27JAN2624400PE,0.1569811196243955
13-01-2026 10:55||NIFTY27JAN2625200CE,0.1365055663542789
13-01-2026 10:55||NIFTY27JAN2625700CE,0.1097980019537661
13-01-2026 10:55||NIFTY27JAN2626400CE,0.1060511621937467
13-01-2026 11:00||NIFTY27JAN2623900PE,0.1900170672555408
13-01-2026 11:00||NIFTY27JAN2624200PE,0.1711817871578084
13-01-2026 11:00||NIFTY27JAN2625000PE,0.1241986260016853
13-01-2026 11:00||NIFTY27JAN2625700CE,0.1021299349134705
13-01-2026 11:00||NIFTY27JAN2625800CE,0.1014210281583391
13-01-2026 11:00||NIFTY27JAN2626400CE,0.103185394154283
13-01-2026 11:05||NIFTY27JAN2624100PE,0.1761086152539206
13-01-2026 11:05||NIFTY27JAN2624800PE,0.1324586346077941
13-01-2026 11:05||NIFTY27JAN2625100PE,0.1179355096239712
13-01-2026 11:05||NIFTY27JAN2625800CE,0.1091811478890513
13-01-2026 11:10||NIFTY27JAN2623900PE,0.1896477675048485
13-01-2026 11:10||NIFTY27JAN2624800PE,0.1339170437180878
13-01-2026 11:10||NIFTY27JAN2624900PE,0.1284388961585731
13-01-2026 11:10||NIFTY27JAN2625000PE,0.1230127529765091
13-01-2026 11:10||NIFTY27JAN2625100PE,0.1176469934940501
13-01-2026 11:10||NIFTY27JAN2625900CE,0.1030704795225726
13-01-2026 11:10||NIFTY27JAN2626400CE,0.1032330636622427
13-01-2026 11:15||NIFTY27JAN2624500PE,0.1509513020027528
13-01-2026 11:15||NIFTY27JAN2625100PE,0.1196079572899474
13-01-2026 11:15||NIFTY27JAN2625200CE,0.114922435653267
13-01-2026 11:15||NIFTY27JAN2625300CE,0.1131372352094835
13-01-2026 11:20||NIFTY27JAN2624900PE,0.1280801026169685
13-01-2026 11:20||NIFTY27JAN2626100CE,0.1015996724462372
13-01-2026 11:25||NIFTY27JAN2624000PE,0.1820556164106509
13-01-2026 11:25||NIFTY27JAN2624500PE,0.1498731955929496
13-01-2026 11:25||NIFTY27JAN2624800PE,0.1324886108977911
13-01-2026 11:25||NIFTY27JAN2625600CE,0.11088012136596
13-01-2026 11:25||NIFTY27JAN2626000CE,0.1028932798103306
13-01-2026 11:25||NIFTY27JAN2626200CE,0.1020155162466083
13-01-2026 11:25||NIFTY27JAN2626400CE,0.1033229132353131
13-01-2026 11:30||NIFTY27JAN2625100PE,0.1173409164117863
13-01-2026 11:30||NIFTY27JAN2625500CE,0.1156159899937151
13-01-2026 11:30||NIFTY27JAN2625800CE,0.1073372811827735
13-01-2026 11:30||NIFTY27JAN2625900CE,0.1055066561164709
13-01-2026 11:35||NIFTY27JAN2623800PE,0.1976905846816276
13-01-2026 11:35||NIFTY27JAN2623900PE,0.1909805725077636
13-01-2026 11:35||NIFTY27JAN2624100PE,0.1775996159094688
13-01-2026 11:35||NIFTY27JAN2624900PE,0.1291289988504824
13-01-2026 11:35||NIFTY27JAN2625300CE,0.1102957274892171
13-01-2026 11:35||NIFTY27JAN2626000CE,0.099241539580342
13-01-2026 11:35||NIFTY27JAN2626300CE,0.0998833140350104
13-01-2026 11:35||NIFTY27JAN2626500CE,0.1020161765625773
13-01-2026 11:40||NIFTY27JAN2623800PE,0.1928187471573094
13-01-2026 11:40||NIFTY27JAN2624500PE,0.1516938797813344
13-01-2026 11:40||NIFTY27JAN2624900PE,0.1297297505058631
13-01-2026 11:40||NIFTY27JAN2625300CE,0.0983351146707113
13-01-2026 11:40||NIFTY27JAN2625400CE,0.0983118710652052
13-01-2026 11:45||NIFTY27JAN2623800PE,0.1917939344269904
13-01-2026 11:45||NIFTY27JAN2625000PE,0.1218618364423004
13-01-2026 11:45||NIFTY27JAN2625400CE,0.113848216835796
13-01-2026 11:45||NIFTY27JAN2625800CE,0.1039503712146993
13-01-2026 11:45||NIFTY27JAN2626200CE,0.1016953595620994
13-01-2026 11:45||NIFTY27JAN2626300CE,0.1022405177046628
13-01-2026 11:45||NIFTY27JAN2626400CE,0.103207552432977
13-01-2026 11:50||NIFTY27JAN2624000PE,0.1813941679007172
13-01-2026 11:50||NIFTY27JAN2624300PE,0.1625773581598953
13-01-2026 11:50||NIFTY27JAN2625100PE,0.1198998359592514
13-01-2026 11:50||NIFTY27JAN2626200CE,0.0977149111714949
13-01-2026 11:50||NIFTY27JAN2626300CE,0.0987752911459291
13-01-2026 11:55||NIFTY27JAN2624300PE,0.1606447298546416
13-01-2026 11:55||NIFTY27JAN2624800PE,0.1315103017086173
13-01-2026 11:55||NIFTY27JAN2625000PE,0.1217550588530858
13-01-2026 11:55||NIFTY27JAN2625400CE,0.1130854781228451
13-01-2026 11:55||NIFTY27JAN2625500CE,0.1083663637953175
13-01-2026 12:00||NIFTY27JAN2624500PE,0.1474181671260795
13-01-2026 12:00||NIFTY27JAN2625000PE,0.1209422781764737
13-01-2026 12:00||NIFTY27JAN2625900CE,0.1021878569996358
13-01-2026 12:05||NIFTY27JAN2623800PE,0.191534172734768
13-01-2026 12:05||NIFTY27JAN2624500PE,0.1463465331581387
13-01-2026 12:05||NIFTY27JAN2624700PE,0.1348953376564157
13-01-2026 12:05||NIFTY27JAN2625000PE,0.1195455138446248
13-01-2026 12:05||NIFTY27JAN2625300CE,0.112874828565635
13-01-2026 12:05||NIFTY27JAN2625800CE,0.1049774049367491
13-01-2026 12:10||NIFTY27JAN2624500PE,0.1477861589895594
13-01-2026 12:10||NIFTY27JAN2625000PE,0.1224168664816242
13-01-2026 12:10||NIFTY27JAN2625200CE,0.1139650036563747
13-01-2026 12:10||NIFTY27JAN2625500CE,0.101211843995523
13-01-2026 12:10||NIFTY27JAN2625600CE,0.1001678171436395
13-01-2026 12:15||NIFTY27JAN2624200PE,0.1649932151873336
13-01-2026 12:15||NIFTY27JAN2624300PE,0.1587033482252362
13-01-2026 12:15||NIFTY27JAN2625300CE,0.1158195416310328
13-01-2026 12:15||NIFTY27JAN2625800CE,0.1066241264222653
13-01-2026 12:15||NIFTY27JAN2626500CE,0.1075611786934861
13-01-2026 12:20||NIFTY27JAN2624100PE,0.1716112892731263
13-01-2026 12:20||NIFTY27JAN2624700PE,0.1361832456625281
13-01-2026 12:20||NIFTY27JAN2625100PE,0.1182242031648963
13-01-2026 12:20||NIFTY27JAN2625700CE,0.1017185008548763
13-01-2026 12:25||NIFTY27JAN2623800PE,0.186949275373574
13-01-2026 12:25||NIFTY27JAN2624200PE,0.1635066542789852
13-01-2026 12:25||NIFTY27JAN2624300PE,0.1572007080843499
13-01-2026 12:25||NIFTY27JAN2624500PE,0.1448368099761119
13-01-2026 12:25||NIFTY27JAN2625700CE,0.1115757133882805
13-01-2026 12:30||NIFTY27JAN2623900PE,0.1832578828734452
13-01-2026 12:30||NIFTY27JAN2624000PE,0.1771711737474678
13-01-2026 12:30||NIFTY27JAN2624100PE,0.1710437185819224
13-01-2026 12:30||NIFTY27JAN2624400PE,0.1528704994146277
13-01-2026 12:30||NIFTY27JAN2624700PE,0.1359175109536846
13-01-2026 12:30||NIFTY27JAN2624900PE,0.1258376040511606
13-01-2026 12:30||NIFTY27JAN2626000CE,0.1005837594208668
13-01-2026 12:30||NIFTY27JAN2626400CE,0.1042911370868444
13-01-2026 12:35||NIFTY27JAN2624200PE,0.1643031193309108
13-01-2026 12:35||NIFTY27JAN2624300PE,0.1581672060041917
13-01-2026 12:35||NIFTY27JAN2624600PE,0.1401949748505245
13-01-2026 12:35||NIFTY27JAN2624800PE,0.1293279070915056
13-01-2026 12:35||NIFTY27JAN2625100PE,0.1158410665806401
13-01-2026 12:35||NIFTY27JAN2625900CE,0.1025673788702107
13-01-2026 12:35||NIFTY27JAN2626100CE,0.1030548859670192
13-01-2026 12:35||NIFTY27JAN2626400CE,0.1057422572041836
13-01-2026 12:40||NIFTY27JAN2624100PE,0.1699513213044139
13-01-2026 12:40||NIFTY27JAN2624300PE,0.1578261702725966
13-01-2026 12:40||NIFTY27JAN2624600PE,0.14010961062036
13-01-2026 12:40||NIFTY27JAN2624700PE,0.1346466240190892
13-01-2026 12:40||NIFTY27JAN2625100PE,0.1168373267998067
13-01-2026 12:40||NIFTY27JAN2626500CE,0.1065225387562905
13-01-2026 12:45||NIFTY27JAN2625300CE,0.0991874950191818
13-01-2026 12:45||NIFTY27JAN2626200CE,0.1017352460918358
13-01-2026 12:50||NIFTY27JAN2623900PE,0.1810917157493502
13-01-2026 12:50||NIFTY27JAN2624100PE,0.1692808847378837
13-01-2026 12:50||NIFTY27JAN2624600PE,0.1401465412782007
13-01-2026 12:50||NIFTY27JAN2625400CE,0.1063877053983989
13-01-2026 12:50||NIFTY27JAN2625500CE,0.1053832178282733
13-01-2026 12:55||NIFTY27JAN2624000PE,0.1745433690254701
13-01-2026 12:55||NIFTY27JAN2624300PE,0.1565381414161736
13-01-2026 12:55||NIFTY27JAN2624500PE,0.1453030382873584
13-01-2026 12:55||NIFTY27JAN2624700PE,0.1348250426093696
13-01-2026 12:55||NIFTY27JAN2625000PE,0.120518784948075
13-01-2026 12:55||NIFTY27JAN2625100PE,0.1158435017238538
13-01-2026 12:55||NIFTY27JAN2625300CE,0.1124087127976625
13-01-2026 12:55||NIFTY27JAN2625500CE,0.1064535578225658
13-01-2026 12:55||NIFTY27JAN2626200CE,0.1044146419369145
13-01-2026 12:55||NIFTY27JAN2626400CE,0.1074069914337243
13-01-2026 12:55||NIFTY27JAN2626500CE,0.1087759845021379
13-01-2026 13:00||NIFTY27JAN2624000PE,0.1743545914699335
13-01-2026 13:00||NIFTY27JAN2624600PE,0.1389940847455241
13-01-2026 13:00||NIFTY27JAN2624700PE,0.133712939629471
13-01-2026 13:00||NIFTY27JAN2626400CE,0.1090711371307827
13-01-2026 13:05||NIFTY27JAN2624000PE,0.1750445048143195
13-01-2026 13:05||NIFTY27JAN2624600PE,0.1385798175761672
13-01-2026 13:05||NIFTY27JAN2625200CE,0.1213594800482781
13-01-2026 13:05||NIFTY27JAN2625700CE,0.1077822678124913
13-01-2026 13:05||NIFTY27JAN2626500CE,0.1139671041017343
13-01-2026 13:10||NIFTY27JAN2623900PE,0.1833342665173126
13-01-2026 13:10||NIFTY27JAN2624400PE,0.1521504313878857
13-01-2026 13:10||NIFTY27JAN2624500PE,0.1461705290707143
13-01-2026 13:10||NIFTY27JAN2624700PE,0.1349696196403065
13-01-2026 13:10||NIFTY27JAN2625000PE,0.1209442343284404
13-01-2026 13:10||NIFTY27JAN2625600CE,0.1035530951687757
13-01-2026 13:10||NIFTY27JAN2626000CE,0.102188456427606
13-01-2026 13:10||NIFTY27JAN2626400CE,0.1073807589778679
13-01-2026 13:10||NIFTY27JAN2626500CE,0.1090616272428895
13-01-2026 13:15||NIFTY27JAN2623800PE,0.188136010396161
13-01-2026 13:15||NIFTY27JAN2624000PE,0.1762592274260622
13-01-2026 13:15||NIFTY27JAN2624100PE,0.1701994833961162
13-01-2026 13:15||NIFTY27JAN2624700PE,0.1344080060891572
13-01-2026 13:15||NIFTY27JAN2625000PE,0.1199396624659168
13-01-2026 13:15||NIFTY27JAN2625800CE,0.1066884137638238
13-01-2026 13:15||NIFTY27JAN2626100CE,0.1058762872897834
13-01-2026 13:15||NIFTY27JAN2626200CE,0.1068295998538009
13-01-2026 13:15||NIFTY27JAN2626300CE,0.1085217111522998
13-01-2026 13:20||NIFTY27JAN2624300PE,0.1580201896366224
13-01-2026 13:20||NIFTY27JAN2624400PE,0.1517237207458516
13-01-2026 13:20||NIFTY27JAN2624800PE,0.1286227797155067
13-01-2026 13:20||NIFTY27JAN2625000PE,0.1193341974596762
13-01-2026 13:20||NIFTY27JAN2625300CE,0.1170819455363442
13-01-2026 13:20||NIFTY27JAN2625400CE,0.1139572494836077
13-01-2026 13:20||NIFTY27JAN2625900CE,0.1047595919281136
13-01-2026 13:20||NIFTY27JAN2626500CE,0.1125297745671631
13-01-2026 13:25||NIFTY27JAN2624000PE,0.1771513274196232
13-01-2026 13:25||NIFTY27JAN2624200PE,0.1645155469355039
13-01-2026 13:25||NIFTY27JAN2624300PE,0.1581746556557284
13-01-2026 13:25||NIFTY27JAN2624600PE,0.1399531903416175
13-01-2026 13:25||NIFTY27JAN2625600CE,0.1043792129365626
13-01-2026 13:25||NIFTY27JAN2626400CE,0.10839867422517
13-01-2026 13:30||NIFTY27JAN2623800PE,0.1890811636194252
13-01-2026 13:30||NIFTY27JAN2624000PE,0.176623600657833
13-01-2026 13:30||NIFTY27JAN2624100PE,0.1702508937166922
13-01-2026 13:30||NIFTY27JAN2625500CE,0.1101691593018013
13-01-2026 13:35||NIFTY27JAN2624300PE,0.1591353422802129
13-01-2026 13:35||NIFTY27JAN2624800PE,0.1298590070846953
13-01-2026 13:35||NIFTY27JAN2625700CE,0.1017252537281514
13-01-2026 13:40||NIFTY27JAN2623800PE,0.1904465268897296
13-01-2026 13:40||NIFTY27JAN2624400PE,0.1493345856728333
13-01-2026 13:40||NIFTY27JAN2624500PE,0.1433506788683721
13-01-2026 13:40||NIFTY27JAN2625500CE,0.1114826186776204
13-01-2026 13:40||NIFTY27JAN2625700CE,0.1080260756543813
13-01-2026 13:40||NIFTY27JAN2625900CE,0.1049308723005869
13-01-2026 13:40||NIFTY27JAN2626100CE,0.1038073804411685
13-01-2026 13:45||NIFTY27JAN2624000PE,0.1761780759752657
13-01-2026 13:45||NIFTY27JAN2624100PE,0.169876881312025
13-01-2026 13:45||NIFTY27JAN2625100PE,0.1166617903604853
13-01-2026 13:45||NIFTY27JAN2625300CE,0.1109985106376097
13-01-2026 13:45||NIFTY27JAN2625800CE,0.1012554605127469
13-01-2026 13:45||NIFTY27JAN2626000CE,0.1011701430894888
13-01-2026 13:50||NIFTY27JAN2624200PE,0.1621047095080781
13-01-2026 13:50||NIFTY27JAN2624400PE,0.1496136684526826
13-01-2026 13:50||NIFTY27JAN2624500PE,0.1436761999059899
13-01-2026 13:50||NIFTY27JAN2626000CE,0.1020425736748308
13-01-2026 13:55||NIFTY27JAN2624200PE,0.1621270777095611
13-01-2026 13:55||NIFTY27JAN2624300PE,0.1559161174040117
13-01-2026 13:55||NIFTY27JAN2625000PE,0.1186535916934923
13-01-2026 13:55||NIFTY27JAN2625500CE,0.1091398022733752
13-01-2026 13:55||NIFTY27JAN2626000CE,0.1027802592918237
13-01-2026 14:00||NIFTY27JAN2623900PE,0.1807762810940381
13-01-2026 14:00||NIFTY27JAN2624000PE,0.1745105471679977
13-01-2026 14:00||NIFTY27JAN2624100PE,0.1682683969501305
13-01-2026 14:00||NIFTY27JAN2624600PE,0.1389445916047371
13-01-2026 14:00||NIFTY27JAN2625300CE,0.104458231576728
13-01-2026 14:00||NIFTY27JAN2625700CE,0.1014071487407188
13-01-2026 14:05||NIFTY27JAN2623900PE,0.1801714560998493
13-01-2026 14:05||NIFTY27JAN2624200PE,0.1611651733418193
13-01-2026 14:05||NIFTY27JAN2624500PE,0.1432628592141542
13-01-2026 14:05||NIFTY27JAN2625700CE,0.104048058761431
13-01-2026 14:05||NIFTY27JAN2626300CE,0.1061256412239814
13-01-2026 14:05||NIFTY27JAN2626500CE,0.1111389793746713
13-01-2026 14:10||NIFTY27JAN2624300PE,0.1549365629755594
13-01-2026 14:10||NIFTY27JAN2624700PE,0.13225248191939
13-01-2026 14:10||NIFTY27JAN2625200CE,0.1027615796295556
13-01-2026 14:10||NIFTY27JAN2625400CE,0.1033018666989574
13-01-2026 14:10||NIFTY27JAN2626100CE,0.1005696690489709
13-01-2026 14:15||NIFTY27JAN2623800PE,0.1831985829616541
13-01-2026 14:15||NIFTY27JAN2624800PE,0.1254623184783511
13-01-2026 14:15||NIFTY27JAN2626200CE,0.1041327419345254
13-01-2026 14:20||NIFTY27JAN2624000PE,0.1713479803166878
13-01-2026 14:20||NIFTY27JAN2624400PE,0.1475541094108997
13-01-2026 14:20||NIFTY27JAN2624800PE,0.126779847095098
13-01-2026 14:20||NIFTY27JAN2624900PE,0.1222891841847375
13-01-2026 14:20||NIFTY27JAN2625200CE,0.1103308310270132
13-01-2026 14:20||NIFTY27JAN2625800CE,0.0990004526915875
13-01-2026 14:25||NIFTY27JAN2624000PE,0.1708531247988765
13-01-2026 14:25||NIFTY27JAN2624100PE,0.1645957370449356
13-01-2026 14:25||NIFTY27JAN2624200PE,0.1584413831802439
13-01-2026 14:25||NIFTY27JAN2624500PE,0.1409433615682322
13-01-2026 14:25||NIFTY27JAN2624600PE,0.135543683582811
13-01-2026 14:25||NIFTY27JAN2625600CE,0.1033122602420796
13-01-2026 14:25||NIFTY27JAN2626000CE,0.1015218498496726
13-01-2026 14:25||NIFTY27JAN2626200CE,0.1039855854595297
13-01-2026 14:30||NIFTY27JAN2624500PE,0.1394359612687928
13-01-2026 14:30||NIFTY27JAN2624600PE,0.1338102172542441
13-01-2026 14:30||NIFTY27JAN2624900PE,0.1189303646426484
13-01-2026 14:30||NIFTY27JAN2625100PE,0.110405595300848
13-01-2026 14:30||NIFTY27JAN2625600CE,0.1115318038538734
13-01-2026 14:35||NIFTY27JAN2623800PE,0.1819109644924626
13-01-2026 14:35||NIFTY27JAN2624200PE,0.1584155795950876
13-01-2026 14:35||NIFTY27JAN2625100PE,0.1112309251633431
13-01-2026 14:35||NIFTY27JAN2625400CE,0.1169569354097826
13-01-2026 14:35||NIFTY27JAN2626300CE,0.1072337305672505
13-01-2026 14:35||NIFTY27JAN2626500CE,0.112178890796352
13-01-2026 14:40||NIFTY27JAN2624500PE,0.1412481556228522
13-01-2026 14:40||NIFTY27JAN2624600PE,0.1355143807198397
13-01-2026 14:40||NIFTY27JAN2624800PE,0.124636831114674
13-01-2026 14:40||NIFTY27JAN2625300CE,0.1218915430226909
13-01-2026 14:40||NIFTY27JAN2625600CE,0.110714828024955
13-01-2026 14:40||NIFTY27JAN2625800CE,0.1062746461811114
13-01-2026 14:45||NIFTY27JAN2625100PE,0.1142070148459546
13-01-2026 14:45||NIFTY27JAN2626000CE,0.1005763655114805
13-01-2026 14:45||NIFTY27JAN2626100CE,0.1010514977284768
13-01-2026 14:45||NIFTY27JAN2626500CE,0.1084332566379685
13-01-2026 14:50||NIFTY27JAN2624400PE,0.1481129702140759
13-01-2026 14:50||NIFTY27JAN2624500PE,0.1420840420122277
13-01-2026 14:55||NIFTY27JAN2623800PE,0.1893274584323777
13-01-2026 14:55||NIFTY27JAN2623900PE,0.1827434704298653
13-01-2026 14:55||NIFTY27JAN2624100PE,0.1696164798774568
13-01-2026 14:55||NIFTY27JAN2624400PE,0.1503696615138015
13-01-2026 14:55||NIFTY27JAN2624500PE,0.1442403815611974
13-01-2026 14:55||NIFTY27JAN2624800PE,0.1275239852311704
13-01-2026 14:55||NIFTY27JAN2624900PE,0.1226929933348201
13-01-2026 14:55||NIFTY27JAN2625100PE,0.1135869715531169
13-01-2026 14:55||NIFTY27JAN2625700CE,0.1007474022889234
13-01-2026 14:55||NIFTY27JAN2625900CE,0.0983668762073834
13-01-2026 14:55||NIFTY27JAN2626400CE,0.1033636886645199
13-01-2026 15:00||NIFTY27JAN2623900PE,0.1841745447605873
13-01-2026 15:00||NIFTY27JAN2624500PE,0.147208308655131
13-01-2026 15:00||NIFTY27JAN2624600PE,0.141382636820971
13-01-2026 15:00||NIFTY27JAN2625100PE,0.1174434911250062
13-01-2026 15:00||NIFTY27JAN2625700CE,0.0889873909718674
13-01-2026 15:00||NIFTY27JAN2626200CE,0.0924067484926695
13-01-2026 15:05||NIFTY27JAN2624000PE,0.1737195981788096
13-01-2026 15:05||NIFTY27JAN2624500PE,0.1424357790522338
13-01-2026 15:05||NIFTY27JAN2624900PE,0.1200238803307512
13-01-2026 15:05||NIFTY27JAN2625400CE,0.1155986966344987
13-01-2026 15:05||NIFTY27JAN2625700CE,0.1057775974959045
13-01-2026 15:05||NIFTY27JAN2625800CE,0.103618740215267
13-01-2026 15:05||NIFTY27JAN2626000CE,0.1011624599953649
13-01-2026 15:05||NIFTY27JAN2626100CE,0.1009253515489549
13-01-2026 15:05||NIFTY27JAN2626500CE,0.1070432715890846
13-01-2026 15:10||NIFTY27JAN2624000PE,0.1759211856306204
13-01-2026 15:10||NIFTY27JAN2624200PE,0.1635163681978997
13-01-2026 15:10||NIFTY27JAN2624400PE,0.1514575998732545
13-01-2026 15:10||NIFTY27JAN2624900PE,0.1236745068405393
13-01-2026 15:10||NIFTY27JAN2625300CE,0.0952427602347634
13-01-2026 15:10||NIFTY27JAN2625600CE,0.0941732580914984
13-01-2026 15:10||NIFTY27JAN2626200CE,0.0953688130709566
13-01-2026 15:15||NIFTY27JAN2623800PE,0.1852948458866762
13-01-2026 15:15||NIFTY27JAN2624200PE,0.164409769867058
13-01-2026 15:15||NIFTY27JAN2624600PE,0.1409724757850373
13-01-2026 15:15||NIFTY27JAN2624700PE,0.1353751687363264
13-01-2026 15:15||NIFTY27JAN2625700CE,0.0920406458955591
13-01-2026 15:15||NIFTY27JAN2626000CE,0.0924611472251357
13-01-2026 15:15||NIFTY27JAN2626300CE,0.0961743609377471
13-01-2026 15:15||NIFTY27JAN2626500CE,0.1015548747653209
13-01-2026 15:20||NIFTY27JAN2623900PE,0.1828745486495489
13-01-2026 15:20||NIFTY27JAN2624300PE,0.1579771917448802
13-01-2026 15:20||NIFTY27JAN2624800PE,0.1283383548506786
13-01-2026 15:20||NIFTY27JAN2625300CE,0.1036726485484577
13-01-2026 15:20||NIFTY27JAN2625600CE,0.0985570980685178
13-01-2026 15:20||NIFTY27JAN2626200CE,0.0969979117430398
13-01-2026 15:25||NIFTY27JAN2624500PE,0.1466474049962726
13-01-2026 15:25||NIFTY27JAN2624700PE,0.1352636219178312
13-01-2026 15:25||NIFTY27JAN2624900PE,0.1243679662620362
13-01-2026 15:25||NIFTY27JAN2626000CE,0.093277158199341
14-01-2026 09:15||NIFTY27JAN2624300PE,0.1618910355254618
14-01-2026 09:15||NIFTY27JAN2624400PE,0.1555404700620014
14-01-2026 09:15||NIFTY27JAN2625300CE,0.128880076665388
14-01-2026 09:15||NIFTY27JAN2626100CE,0.1046601889381377
14-01-2026 09:15||NIFTY27JAN2626500CE,0.1081105782069372
14-01-2026 09:20||NIFTY27JAN2624100PE,0.1760941924044679
14-01-2026 09:25||NIFTY27JAN2624000PE,0.182803545735754
14-01-2026 09:25||NIFTY27JAN2624200PE,0.1695809388752511
14-01-2026 09:25||NIFTY27JAN2624700PE,0.136958449089129
14-01-2026 09:25||NIFTY27JAN2625300CE,0.1261970069243293
14-01-2026 09:25||NIFTY27JAN2626500CE,0.1082827462175902
14-01-2026 09:30||NIFTY27JAN2623800PE,0.1975445234660463
14-01-2026 09:30||NIFTY27JAN2624000PE,0.1853968868473268
14-01-2026 09:30||NIFTY27JAN2624600PE,0.1462575347523456
14-01-2026 09:30||NIFTY27JAN2624700PE,0.1400337806522071
14-01-2026 09:30||NIFTY27JAN2626200CE,0.097802429473059
14-01-2026 09:30||NIFTY27JAN2626500CE,0.104432731033144
14-01-2026 09:35||NIFTY27JAN2624000PE,0.184296758115008
14-01-2026 09:35||NIFTY27JAN2625500CE,0.1028084777848557
14-01-2026 09:35||NIFTY27JAN2626400CE,0.1026237470199635
14-01-2026 09:40||NIFTY27JAN2623800PE,0.1941501449970884
14-01-2026 09:40||NIFTY27JAN2624000PE,0.1823334594784076
14-01-2026 09:40||NIFTY27JAN2624200PE,0.1695552960199953
14-01-2026 09:40||NIFTY27JAN2624700PE,0.1376512846450716
14-01-2026 09:40||NIFTY27JAN2624800PE,0.1316596736777336
14-01-2026 09:40||NIFTY27JAN2625000PE,0.1204247682703644
14-01-2026 09:40||NIFTY27JAN2625500CE,0.1009346892057934
14-01-2026 09:40||NIFTY27JAN2625800CE,0.0962958678615659
14-01-2026 09:45||NIFTY27JAN2624300PE,0.1621639657535324
14-01-2026 09:45||NIFTY27JAN2624400PE,0.1556415703467995
14-01-2026 09:45||NIFTY27JAN2624500PE,0.1491583103110302
14-01-2026 09:45||NIFTY27JAN2624600PE,0.1427780686853631
14-01-2026 09:45||NIFTY27JAN2625400CE,0.1051732628185406
14-01-2026 09:50||NIFTY27JAN2623800PE,0.1938534471165112
14-01-2026 09:50||NIFTY27JAN2623900PE,0.1873475540920392
14-01-2026 09:50||NIFTY27JAN2624600PE,0.1411044408984375
14-01-2026 09:50||NIFTY27JAN2625200CE,0.1423891595421073
14-01-2026 09:50||NIFTY27JAN2625300CE,0.1360588065984312
14-01-2026 09:50||NIFTY27JAN2626400CE,0.1083106778804686
14-01-2026 09:55||NIFTY27JAN2624100PE,0.1787283808632869
14-01-2026 09:55||NIFTY27JAN2626000CE,0.0946074483191528
14-01-2026 10:00||NIFTY27JAN2624000PE,0.1818769900888085
14-01-2026 10:00||NIFTY27JAN2624400PE,0.155541186910216
14-01-2026 10:00||NIFTY27JAN2625100PE,0.1153424199030085
14-01-2026 10:00||NIFTY27JAN2625500CE,0.104559179167786
14-01-2026 10:00||NIFTY27JAN2626100CE,0.0978065766225852
14-01-2026 10:00||NIFTY27JAN2626500CE,0.1043076663016227
14-01-2026 10:05||NIFTY27JAN2624600PE,0.1422078774044877
14-01-2026 10:05||NIFTY27JAN2624800PE,0.130010349412167
14-01-2026 10:05||NIFTY27JAN2625000PE,0.1187744403179029
14-01-2026 10:05||NIFTY27JAN2625300CE,0.1138111025829822
14-01-2026 10:05||NIFTY27JAN2625400CE,0.1091627456753867
14-01-2026 10:05||NIFTY27JAN2626200CE,0.0991157310864798
14-01-2026 10:05||NIFTY27JAN2626300CE,0.100886909584423
14-01-2026 10:05||NIFTY27JAN2626400CE,0.103253955091389
14-01-2026 10:10||NIFTY27JAN2624000PE,0.1798844160732904
14-01-2026 10:10||NIFTY27JAN2624200PE,0.1669314157141202
14-01-2026 10:10||NIFTY27JAN2624500PE,0.1475839149354175
14-01-2026 10:10||NIFTY27JAN2624600PE,0.1413035460091262
14-01-2026 10:10||NIFTY27JAN2625400CE,0.1102827382684677
14-01-2026 10:10||NIFTY27JAN2625600CE,0.1035993173692958
14-01-2026 10:10||NIFTY27JAN2626400CE,0.1043042055359566
14-01-2026 10:15||NIFTY27JAN2624100PE,0.1743714290724314
14-01-2026 10:15||NIFTY27JAN2625000PE,0.1192886417451192
14-01-2026 10:15||NIFTY27JAN2625200CE,0.0972434235224038
14-01-2026 10:15||NIFTY27JAN2625600CE,0.0973776633777386
14-01-2026 10:15||NIFTY27JAN2625900CE,0.0954132590978047
14-01-2026 10:20||NIFTY27JAN2624200PE,0.1664063390396514
14-01-2026 10:20||NIFTY27JAN2624700PE,0.1339397709121614
14-01-2026 10:20||NIFTY27JAN2625000PE,0.1173093697874106
14-01-2026 10:20||NIFTY27JAN2625500CE,0.101895655217474
14-01-2026 10:20||NIFTY27JAN2625600CE,0.1005243895917087
14-01-2026 10:20||NIFTY27JAN2625700CE,0.0992052352947994
14-01-2026 10:20||NIFTY27JAN2625800CE,0.0980985137051859
14-01-2026 10:25||NIFTY27JAN2623800PE,0.1917388267050865
14-01-2026 10:25||NIFTY27JAN2624300PE,0.1597356718262841
14-01-2026 10:25||NIFTY27JAN2625000PE,0.1172215220395796
14-01-2026 10:25||NIFTY27JAN2626100CE,0.0984364440253857
14-01-2026 10:25||NIFTY27JAN2626200CE,0.0995720107255123
14-01-2026 10:25||NIFTY27JAN2626400CE,0.1046193792116633
14-01-2026 10:30||NIFTY27JAN2623900PE,0.1853431213702807
14-01-2026 10:30||NIFTY27JAN2624000PE,0.1794704999646963
14-01-2026 10:30||NIFTY27JAN2624700PE,0.1334046235257408
14-01-2026 10:30||NIFTY27JAN2624800PE,0.1275078490010685
14-01-2026 10:30||NIFTY27JAN2625100PE,0.1125264061871336
14-01-2026 10:30||NIFTY27JAN2625200CE,0.1232648226968185
14-01-2026 10:30||NIFTY27JAN2626500CE,0.1079366937520818
14-01-2026 10:35||NIFTY27JAN2623900PE,0.1872945339891557
14-01-2026 10:35||NIFTY27JAN2624400PE,0.1539995226364364
14-01-2026 10:35||NIFTY27JAN2625600CE,0.0982885913661377
14-01-2026 10:35||NIFTY27JAN2625700CE,0.0971440025384829
14-01-2026 10:35||NIFTY27JAN2626300CE,0.1000871829360994
14-01-2026 10:40||NIFTY27JAN2623800PE,0.1875774797944822
14-01-2026 10:40||NIFTY27JAN2624100PE,0.1729803616242847
14-01-2026 10:40||NIFTY27JAN2625300CE,0.1059073522944835
14-01-2026 10:40||NIFTY27JAN2625600CE,0.0979235433405112
14-01-2026 10:40||NIFTY27JAN2626300CE,0.1000008715612411
14-01-2026 10:40||NIFTY27JAN2626500CE,0.1058140571545579
14-01-2026 10:45||NIFTY27JAN2624000PE,0.1770208381113341
14-01-2026 10:45||NIFTY27JAN2624600PE,0.1380346435098996
14-01-2026 10:45||NIFTY27JAN2624800PE,0.1256601807929374
14-01-2026 10:45||NIFTY27JAN2625400CE,0.1188666255087386
14-01-2026 10:50||NIFTY27JAN2624000PE,0.1798572320355045
14-01-2026 10:50||NIFTY27JAN2624300PE,0.1603583146322295
14-01-2026 10:50||NIFTY27JAN2624800PE,0.128505349465334
14-01-2026 10:50||NIFTY27JAN2625200CE,0.1149132389146266
14-01-2026 10:50||NIFTY27JAN2625400CE,0.1095818839011441
14-01-2026 10:50||NIFTY27JAN2625800CE,0.1001087758221022
14-01-2026 10:55||NIFTY27JAN2624600PE,0.1404995871437371
14-01-2026 10:55||NIFTY27JAN2625000PE,0.1165121613295535
14-01-2026 10:55||NIFTY27JAN2625200CE,0.1253812882035613
14-01-2026 10:55||NIFTY27JAN2626200CE,0.1007723373124196
14-01-2026 10:55||NIFTY27JAN2626300CE,0.1005082195786972
14-01-2026 10:55||NIFTY27JAN2626400CE,0.1004081231131638
14-01-2026 10:55||NIFTY27JAN2626500CE,0.1004888602331158
14-01-2026 11:00||NIFTY27JAN2624100PE,0.1751023265622935
14-01-2026 11:00||NIFTY27JAN2626100CE,0.0997634388999249
14-01-2026 11:00||NIFTY27JAN2626300CE,0.1014500785365969
14-01-2026 11:05||NIFTY27JAN2624000PE,0.1822099830318484
14-01-2026 11:05||NIFTY27JAN2624800PE,0.1310386214472724
14-01-2026 11:05||NIFTY27JAN2625300CE,0.1061065100291065
14-01-2026 11:05||NIFTY27JAN2626000CE,0.096059055765722
14-01-2026 11:05||NIFTY27JAN2626100CE,0.0962341619019517
14-01-2026 11:05||NIFTY27JAN2626300CE,0.0987922384476068
14-01-2026 11:10||NIFTY27JAN2624000PE,0.1814974864823071
14-01-2026 11:10||NIFTY27JAN2624300PE,0.1617946714653476
14-01-2026 11:10||NIFTY27JAN2624500PE,0.1487124561396507
14-01-2026 11:10||NIFTY27JAN2625200CE,0.1172262474607028
14-01-2026 11:15||NIFTY27JAN2624100PE,0.1757120020240981
14-01-2026 11:15||NIFTY27JAN2624300PE,0.1624246518949
14-01-2026 11:15||NIFTY27JAN2624400PE,0.1557355724435927
14-01-2026 11:15||NIFTY27JAN2624500PE,0.1491058933738703
14-01-2026 11:15||NIFTY27JAN2624600PE,0.1426008198818765
14-01-2026 11:15||NIFTY27JAN2625500CE,0.1099974693649301
14-01-2026 11:15||NIFTY27JAN2625800CE,0.1011291299530009
14-01-2026 11:15||NIFTY27JAN2626000CE,0.0983668668005054
14-01-2026 11:20||NIFTY27JAN2623800PE,0.1980745017596001
14-01-2026 11:20||NIFTY27JAN2623900PE,0.1910772564898387
14-01-2026 11:20||NIFTY27JAN2624600PE,0.1434906571612073
14-01-2026 11:20||NIFTY27JAN2624800PE,0.1312348007147595
14-01-2026 11:20||NIFTY27JAN2625100PE,0.116537598653796
14-01-2026 11:20||NIFTY27JAN2625300CE,0.1102437400227228
14-01-2026 11:20||NIFTY27JAN2625600CE,0.1009849334558762
14-01-2026 11:20||NIFTY27JAN2625800CE,0.0972294643646241
14-01-2026 11:25||NIFTY27JAN2623900PE,0.1883508608059265
14-01-2026 11:25||NIFTY27JAN2624700PE,0.1355121552321036
14-01-2026 11:25||NIFTY27JAN2624900PE,0.1231521585153201
14-01-2026 11:25||NIFTY27JAN2625400CE,0.1274256967611893
14-01-2026 11:25||NIFTY27JAN2626200CE,0.1020383048410833
14-01-2026 11:30||NIFTY27JAN2624200PE,0.1720526476693364
14-01-2026 11:30||NIFTY27JAN2624300PE,0.1653926978470422
14-01-2026 11:30||NIFTY27JAN2624400PE,0.1587281924340701
14-01-2026 11:30||NIFTY27JAN2625000PE,0.1216466526814201
14-01-2026 11:30||NIFTY27JAN2625300CE,0.1076082884806131
14-01-2026 11:30||NIFTY27JAN2625800CE,0.097187135648324
14-01-2026 11:30||NIFTY27JAN2626000CE,0.0951765609719836
14-01-2026 11:35||NIFTY27JAN2623900PE,0.1903155488689596
14-01-2026 11:35||NIFTY27JAN2624400PE,0.1572848042269229
14-01-2026 11:35||NIFTY27JAN2624500PE,0.1505359787706613
14-01-2026 11:35||NIFTY27JAN2624700PE,0.1375906389756999
14-01-2026 11:35||NIFTY27JAN2625100PE,0.1157647666907315
14-01-2026 11:35||NIFTY27JAN2625500CE,0.1043091061538757
14-01-2026 11:35||NIFTY27JAN2625700CE,0.0995590584750993
14-01-2026 11:35||NIFTY27JAN2626100CE,0.0965306531802435
14-01-2026 11:40||NIFTY27JAN2623900PE,0.1902713059726276
14-01-2026 11:40||NIFTY27JAN2625500CE,0.1019178617441659
14-01-2026 11:40||NIFTY27JAN2625600CE,0.0993235660888423
14-01-2026 11:40||NIFTY27JAN2626500CE,0.1017124516398468
14-01-2026 11:45||NIFTY27JAN2623900PE,0.1902410220909892
14-01-2026 11:45||NIFTY27JAN2624300PE,0.1631910645042095
14-01-2026 11:45||NIFTY27JAN2624500PE,0.1497055340803373
14-01-2026 11:45||NIFTY27JAN2626400CE,0.1030326509489176
14-01-2026 11:50||NIFTY27JAN2625100PE,0.1158396571358904
14-01-2026 11:50||NIFTY27JAN2625700CE,0.1002135100124472
14-01-2026 11:50||NIFTY27JAN2625800CE,0.0982064669227761
14-01-2026 11:50||NIFTY27JAN2626100CE,0.0956979943268804
14-01-2026 11:55||NIFTY27JAN2624200PE,0.1711118168708937
14-01-2026 11:55||NIFTY27JAN2624400PE,0.157643048794167
14-01-2026 11:55||NIFTY27JAN2624800PE,0.1320915697617997
14-01-2026 11:55||NIFTY27JAN2625200CE,0.1140920824887672
14-01-2026 11:55||NIFTY27JAN2625600CE,0.1014878789031525
14-01-2026 12:00||NIFTY27JAN2623800PE,0.2010678699585625
14-01-2026 12:00||NIFTY27JAN2624400PE,0.1589089455985231
14-01-2026 12:00||NIFTY27JAN2624900PE,0.1273579246551918
14-01-2026 12:00||NIFTY27JAN2625000PE,0.1216461800119735
14-01-2026 12:00||NIFTY27JAN2625100PE,0.1159635646758877
14-01-2026 12:05||NIFTY27JAN2624400PE,0.1588481352152148
14-01-2026 12:05||NIFTY27JAN2624600PE,0.1456604073574688
14-01-2026 12:05||NIFTY27JAN2626500CE,0.0975298238386037
14-01-2026 12:10||NIFTY27JAN2624400PE,0.1568669909445503
14-01-2026 12:10||NIFTY27JAN2624600PE,0.143571659252367
14-01-2026 12:10||NIFTY27JAN2624800PE,0.1312964773969629
14-01-2026 12:10||NIFTY27JAN2624900PE,0.1257595160580282
14-01-2026 12:10||NIFTY27JAN2625100PE,0.1153614495604554
14-01-2026 12:10||NIFTY27JAN2625900CE,0.091813859130351
14-01-2026 12:10||NIFTY27JAN2626300CE,0.0950226448054679
14-01-2026 12:15||NIFTY27JAN2624200PE,0.1684479175935593
14-01-2026 12:15||NIFTY27JAN2624800PE,0.1285179945450369
14-01-2026 12:15||NIFTY27JAN2626500CE,0.1037089887092831
14-01-2026 12:20||NIFTY27JAN2623800PE,0.1984631225307014
14-01-2026 12:20||NIFTY27JAN2623900PE,0.1916789569745075
14-01-2026 12:20||NIFTY27JAN2625300CE,0.1020996617768124
14-01-2026 12:20||NIFTY27JAN2626400CE,0.0974538039239364
14-01-2026 12:25||NIFTY27JAN2624500PE,0.1509304416982262
14-01-2026 12:25||NIFTY27JAN2625400CE,0.0978197499379967
14-01-2026 12:25||NIFTY27JAN2625500CE,0.0962102604826914
14-01-2026 12:25||NIFTY27JAN2625900CE,0.0918102923044323
14-01-2026 12:30||NIFTY27JAN2623900PE,0.1906701618552751
14-01-2026 12:30||NIFTY27JAN2624300PE,0.1637972044467369
14-01-2026 12:30||NIFTY27JAN2624900PE,0.1253352453146859
14-01-2026 12:30||NIFTY27JAN2625800CE,0.096185771354649
14-01-2026 12:30||NIFTY27JAN2626300CE,0.0960879185471283
14-01-2026 12:30||NIFTY27JAN2626400CE,0.0980659156879695
14-01-2026 12:35||NIFTY27JAN2623900PE,0.1913448688731201
14-01-2026 12:35||NIFTY27JAN2625300CE,0.105375146300026
14-01-2026 12:35||NIFTY27JAN2625500CE,0.1006582997375763
14-01-2026 12:35||NIFTY27JAN2625900CE,0.0940345880769115
14-01-2026 12:45||NIFTY27JAN2625600CE,0.0948141530808516
14-01-2026 12:45||NIFTY27JAN2625700CE,0.0929312312589734
14-01-2026 12:50||NIFTY27JAN2624900PE,0.1243661274345175
14-01-2026 12:50||NIFTY27JAN2626300CE,0.0953289995314559
14-01-2026 12:50||NIFTY27JAN2626500CE,0.1000373136790925
14-01-2026 12:55||NIFTY27JAN2623900PE,0.1885033246538002
14-01-2026 12:55||NIFTY27JAN2624300PE,0.1620431206477527
14-01-2026 12:55||NIFTY27JAN2625000PE,0.1181012498933884
14-01-2026 13:00||NIFTY27JAN2624700PE,0.1364937739010045
14-01-2026 13:00||NIFTY27JAN2625400CE,0.0984815903178411
14-01-2026 13:00||NIFTY27JAN2625700CE,0.0946292599596194
14-01-2026 13:00||NIFTY27JAN2625800CE,0.0933208006742528
14-01-2026 13:00||NIFTY27JAN2626200CE,0.0927906182400927
14-01-2026 13:00||NIFTY27JAN2626300CE,0.094692182249984
14-01-2026 13:00||NIFTY27JAN2626500CE,0.0995032578540025
14-01-2026 13:05||NIFTY27JAN2624000PE,0.1821753958157095
14-01-2026 13:05||NIFTY27JAN2624400PE,0.1554222556349315
14-01-2026 13:05||NIFTY27JAN2624800PE,0.1299002806289971
14-01-2026 13:05||NIFTY27JAN2624900PE,0.1239243222753146
14-01-2026 13:05||NIFTY27JAN2625800CE,0.0960067487782279
14-01-2026 13:05||NIFTY27JAN2626200CE,0.0943398870418594
14-01-2026 13:05||NIFTY27JAN2626300CE,0.0958495974777697
14-01-2026 13:10||NIFTY27JAN2624000PE,0.1829094329160852
14-01-2026 13:10||NIFTY27JAN2624600PE,0.1432734742321215
14-01-2026 13:10||NIFTY27JAN2624700PE,0.1369311387251367
14-01-2026 13:10||NIFTY27JAN2624900PE,0.1248207530265391
14-01-2026 13:10||NIFTY27JAN2625300CE,0.0988100849533552
14-01-2026 13:10||NIFTY27JAN2625800CE,0.0888166073842807
14-01-2026 13:10||NIFTY27JAN2625900CE,0.0888242676450928
14-01-2026 13:10||NIFTY27JAN2626400CE,0.0953221733054112
14-01-2026 13:15||NIFTY27JAN2624000PE,0.1818176835182494
14-01-2026 13:15||NIFTY27JAN2624600PE,0.1419428374524311
14-01-2026 13:15||NIFTY27JAN2624800PE,0.1296577473259027
14-01-2026 13:15||NIFTY27JAN2625200CE,0.1126636465490126
14-01-2026 13:15||NIFTY27JAN2625600CE,0.0927653679015409
14-01-2026 13:15||NIFTY27JAN2626100CE,0.0918441421839968
14-01-2026 13:15||NIFTY27JAN2626200CE,0.0931402399427139
14-01-2026 13:20||NIFTY27JAN2624400PE,0.1545848616914174
14-01-2026 13:20||NIFTY27JAN2624700PE,0.1358942946738672
14-01-2026 13:20||NIFTY27JAN2624900PE,0.1243104971429775
14-01-2026 13:20||NIFTY27JAN2625200CE,0.0906851360845531
14-01-2026 13:20||NIFTY27JAN2625900CE,0.0884619938452645
14-01-2026 13:25||NIFTY27JAN2624100PE,0.1726924607068509
14-01-2026 13:25||NIFTY27JAN2624700PE,0.1341674871725238
14-01-2026 13:25||NIFTY27JAN2624900PE,0.1223525388222757
14-01-2026 13:25||NIFTY27JAN2625200CE,0.106389394220877
14-01-2026 13:25||NIFTY27JAN2625600CE,0.0954711721629753
14-01-2026 13:25||NIFTY27JAN2626400CE,0.0983443682186551
14-01-2026 13:25||NIFTY27JAN2626500CE,0.1006552141537853
14-01-2026 13:30||NIFTY27JAN2624200PE,0.166023466706804
14-01-2026 13:30||NIFTY27JAN2624300PE,0.159388394959258
14-01-2026 13:30||NIFTY27JAN2625200CE,0.0984960228784097
14-01-2026 13:30||NIFTY27JAN2625700CE,0.0896734574528553
14-01-2026 13:30||NIFTY27JAN2626500CE,0.1008637586284292
14-01-2026 13:35||NIFTY27JAN2624000PE,0.1786289744492892
14-01-2026 13:35||NIFTY27JAN2624100PE,0.1723457121963912
14-01-2026 13:35||NIFTY27JAN2625100PE,0.1157273028493276
14-01-2026 13:35||NIFTY27JAN2625500CE,0.0820486832432162
14-01-2026 13:35||NIFTY27JAN2625700CE,0.0854171737994808
14-01-2026 13:40||NIFTY27JAN2626500CE,0.1050410459069003
14-01-2026 13:45||NIFTY27JAN2624100PE,0.1680248089282603
14-01-2026 13:45||NIFTY27JAN2624200PE,0.1615633470071025
14-01-2026 13:45||NIFTY27JAN2624400PE,0.1486850191132607
14-01-2026 13:45||NIFTY27JAN2624600PE,0.1361769669161973
14-01-2026 13:45||NIFTY27JAN2624700PE,0.1301740901265083
14-01-2026 13:45||NIFTY27JAN2624800PE,0.1243963405909596
14-01-2026 13:45||NIFTY27JAN2625400CE,0.1017222281681565
14-01-2026 13:45||NIFTY27JAN2626200CE,0.097773142454056
14-01-2026 13:45||NIFTY27JAN2626300CE,0.1002703012761416
14-01-2026 13:45||NIFTY27JAN2626400CE,0.1037770144806758
14-01-2026 13:50||NIFTY27JAN2625400CE,0.0864555480686553
14-01-2026 13:50||NIFTY27JAN2625600CE,0.0875016654273691
14-01-2026 13:50||NIFTY27JAN2626300CE,0.0978871480223533
14-01-2026 13:55||NIFTY27JAN2623800PE,0.1862096331208888
14-01-2026 13:55||NIFTY27JAN2624600PE,0.1360407143236265
14-01-2026 13:55||NIFTY27JAN2624900PE,0.1193610412673602
14-01-2026 13:55||NIFTY27JAN2625200CE,0.1030440403606523
14-01-2026 13:55||NIFTY27JAN2626200CE,0.0980664886450386
14-01-2026 14:00||NIFTY27JAN2623800PE,0.1895726859699346
14-01-2026 14:00||NIFTY27JAN2623900PE,0.1828552949151526
14-01-2026 14:00||NIFTY27JAN2624400PE,0.1490946907519313
14-01-2026 14:00||NIFTY27JAN2624500PE,0.1428895965855724
14-01-2026 14:05||NIFTY27JAN2624000PE,0.1749158176693679
14-01-2026 14:05||NIFTY27JAN2624300PE,0.1551700024162791
14-01-2026 14:05||NIFTY27JAN2624700PE,0.1302804040245644
14-01-2026 14:05||NIFTY27JAN2624800PE,0.1246040996716304
14-01-2026 14:05||NIFTY27JAN2625200CE,0.108750805308971
14-01-2026 14:05||NIFTY27JAN2625700CE,0.0975117817068259
14-01-2026 14:05||NIFTY27JAN2625900CE,0.0962520214809605
14-01-2026 14:10||NIFTY27JAN2624200PE,0.162017086216255
14-01-2026 14:10||NIFTY27JAN2624800PE,0.1235382309910449
14-01-2026 14:10||NIFTY27JAN2625700CE,0.0991134377631649
14-01-2026 14:15||NIFTY27JAN2624600PE,0.1377830935355287
14-01-2026 14:15||NIFTY27JAN2625300CE,0.0933282829114054
14-01-2026 14:15||NIFTY27JAN2625900CE,0.0910809503701456
14-01-2026 14:15||NIFTY27JAN2626000CE,0.0919299744330631
14-01-2026 14:15||NIFTY27JAN2626500CE,0.1061446324658719
14-01-2026 14:20||NIFTY27JAN2624400PE,0.1491300182909519
14-01-2026 14:20||NIFTY27JAN2624900PE,0.1204784896775572
14-01-2026 14:20||NIFTY27JAN2625100PE,0.1115491368653927
14-01-2026 14:25||NIFTY27JAN2623800PE,0.186292669397799
14-01-2026 14:25||NIFTY27JAN2625600CE,0.1013457305266156
14-01-2026 14:25||NIFTY27JAN2626100CE,0.0999946336035088
14-01-2026 14:30||NIFTY27JAN2623900PE,0.1813379855755509
14-01-2026 14:30||NIFTY27JAN2624300PE,0.1544805924508465
14-01-2026 14:30||NIFTY27JAN2624500PE,0.1414938922252146
14-01-2026 14:30||NIFTY27JAN2625000PE,0.1123423638327331
14-01-2026 14:30||NIFTY27JAN2625100PE,0.1066736963397627
14-01-2026 14:30||NIFTY27JAN2625400CE,0.1064825765541276
14-01-2026 14:30||NIFTY27JAN2626000CE,0.0976911005611819
14-01-2026 14:30||NIFTY27JAN2626100CE,0.0989258156544343
14-01-2026 14:30||NIFTY27JAN2626400CE,0.1076594019380921
14-01-2026 14:30||NIFTY27JAN2626500CE,0.1109757038323749
14-01-2026 14:35||NIFTY27JAN2624000PE,0.1745848234525228
14-01-2026 14:35||NIFTY27JAN2624300PE,0.1547015028501998
14-01-2026 14:35||NIFTY27JAN2625500CE,0.1074152409311433
14-01-2026 14:35||NIFTY27JAN2625900CE,0.0993350940283055
14-01-2026 14:35||NIFTY27JAN2626400CE,0.1075738296521365
14-01-2026 14:40||NIFTY27JAN2624300PE,0.1568110633913722
14-01-2026 14:40||NIFTY27JAN2624400PE,0.1500854862761389
14-01-2026 14:40||NIFTY27JAN2624500PE,0.1434908967788072
14-01-2026 14:40||NIFTY27JAN2624700PE,0.1308851458820291
14-01-2026 14:40||NIFTY27JAN2624800PE,0.1249662967918547
14-01-2026 14:40||NIFTY27JAN2625000PE,0.1141189588423189
14-01-2026 14:40||NIFTY27JAN2625400CE,0.1062197918096209
14-01-2026 14:40||NIFTY27JAN2625800CE,0.0971682288551462
14-01-2026 14:45||NIFTY27JAN2624500PE,0.1461176805759876
14-01-2026 14:45||NIFTY27JAN2624800PE,0.1272959415245131
14-01-2026 14:45||NIFTY27JAN2625100PE,0.111787484402302
14-01-2026 14:45||NIFTY27JAN2625400CE,0.0990568221271327
14-01-2026 14:45||NIFTY27JAN2625500CE,0.0977125528022846
14-01-2026 14:45||NIFTY27JAN2625800CE,0.0945282880227573
14-01-2026 14:45||NIFTY27JAN2626100CE,0.0951576448622589
14-01-2026 14:45||NIFTY27JAN2626200CE,0.096753457608042
14-01-2026 14:45||NIFTY27JAN2626300CE,0.0992256884036286
14-01-2026 14:50||NIFTY27JAN2624400PE,0.1525966168955318
14-01-2026 14:50||NIFTY27JAN2624600PE,0.1398881636027051
14-01-2026 14:50||NIFTY27JAN2624900PE,0.1220439057036096
14-01-2026 14:50||NIFTY27JAN2625200CE,0.109209058928919
14-01-2026 14:50||NIFTY27JAN2625700CE,0.0949633428445604
14-01-2026 14:50||NIFTY27JAN2625800CE,0.0940238524259467
14-01-2026 14:50||NIFTY27JAN2626300CE,0.0991713787657432
14-01-2026 14:55||NIFTY27JAN2624100PE,0.1726851241238132
14-01-2026 14:55||NIFTY27JAN2624200PE,0.1659495018081534
14-01-2026 14:55||NIFTY27JAN2624600PE,0.1391069585715068
14-01-2026 14:55||NIFTY27JAN2624800PE,0.1270691283059909
14-01-2026 14:55||NIFTY27JAN2625100PE,0.1122001372796376
14-01-2026 14:55||NIFTY27JAN2625300CE,0.0962299351350681
14-01-2026 14:55||NIFTY27JAN2625400CE,0.0941669227731923
14-01-2026 14:55||NIFTY27JAN2625600CE,0.0913023995939805
14-01-2026 14:55||NIFTY27JAN2626400CE,0.1005514235287178
14-01-2026 15:00||NIFTY27JAN2624300PE,0.1566291653342384
14-01-2026 15:00||NIFTY27JAN2624700PE,0.1314189481187689
14-01-2026 15:00||NIFTY27JAN2625800CE,0.0962257839818119
14-01-2026 15:05||NIFTY27JAN2623900PE,0.1851233543945303
14-01-2026 15:05||NIFTY27JAN2624400PE,0.1522771747280288
14-01-2026 15:05||NIFTY27JAN2624800PE,0.1282324991445118
14-01-2026 15:05||NIFTY27JAN2626300CE,0.0982054864994916
14-01-2026 15:10||NIFTY27JAN2624100PE,0.1696454291324176
14-01-2026 15:10||NIFTY27JAN2624500PE,0.1442297424229812
14-01-2026 15:10||NIFTY27JAN2624900PE,0.1219636515406776
14-01-2026 15:10||NIFTY27JAN2625500CE,0.0961620837895455
14-01-2026 15:10||NIFTY27JAN2626200CE,0.0980247411675028
14-01-2026 15:15||NIFTY27JAN2624400PE,0.1489052602025669
14-01-2026 15:15||NIFTY27JAN2624700PE,0.1304409123666502
14-01-2026 15:15||NIFTY27JAN2625100PE,0.1105727330701897
14-01-2026 15:15||NIFTY27JAN2625500CE,0.1027326737057543
14-01-2026 15:15||NIFTY27JAN2625900CE,0.0976506410728995
14-01-2026 15:15||NIFTY27JAN2626100CE,0.098751357897826
14-01-2026 15:20||NIFTY27JAN2624500PE,0.1431733100861719
14-01-2026 15:20||NIFTY27JAN2624800PE,0.125508194751471
14-01-2026 15:20||NIFTY27JAN2626100CE,0.0996011587593555
14-01-2026 15:20||NIFTY27JAN2626300CE,0.1033095711162818
14-01-2026 15:20||NIFTY27JAN2626400CE,0.1066236320963109
14-01-2026 15:25||NIFTY27JAN2623900PE,0.1843476062904432
14-01-2026 15:25||NIFTY27JAN2624600PE,0.1387906347852496
14-01-2026 15:25||NIFTY27JAN2625100PE,0.1142227055791719
14-01-2026 15:25||NIFTY27JAN2625200CE,0.1043197446763169
14-01-2026 15:25||NIFTY27JAN2626400CE,0.1041052401594145
14-01-2026 15:25||NIFTY27JAN2626500CE,0.106517333160008
16-01-2026 09:15||NIFTY27JAN2624100PE,0.1785038620499978
16-01-2026 09:15||NIFTY27JAN2624200PE,0.1715151111573065
16-01-2026 09:15||NIFTY27JAN2624300PE,0.1644984636303454
16-01-2026 09:15||NIFTY27JAN2624800PE,0.1308042552993256
16-01-2026 09:15||NIFTY27JAN2625000PE,0.1188867300738626
16-01-2026 09:15||NIFTY27JAN2626000CE,0.105947177237552
16-01-2026 09:15||NIFTY27JAN2626100CE,0.1051320841090702
16-01-2026 09:20||NIFTY27JAN2624100PE,0.1787818757961575
16-01-2026 09:20||NIFTY27JAN2624400PE,0.1577056974919494
16-01-2026 09:20||NIFTY27JAN2624600PE,0.1443612292430372
16-01-2026 09:20||NIFTY27JAN2625000PE,0.1206839200857756
16-01-2026 09:20||NIFTY27JAN2625200CE,0.1210131528972581
16-01-2026 09:20||NIFTY27JAN2625400CE,0.1114170957392672
16-01-2026 09:20||NIFTY27JAN2625700CE,0.1014374108089616
16-01-2026 09:20||NIFTY27JAN2626000CE,0.0974517426029517
16-01-2026 09:25||NIFTY27JAN2624600PE,0.140931861450248
16-01-2026 09:25||NIFTY27JAN2624700PE,0.1346505271824253
16-01-2026 09:25||NIFTY27JAN2625300CE,0.1294259597476415
16-01-2026 09:25||NIFTY27JAN2625600CE,0.1107744117172104
16-01-2026 09:25||NIFTY27JAN2626300CE,0.1006503215694342
16-01-2026 09:25||NIFTY27JAN2626500CE,0.1048824175530742
16-01-2026 09:30||NIFTY27JAN2623800PE,0.1954105778624034
16-01-2026 09:30||NIFTY27JAN2624300PE,0.1593756609430176
16-01-2026 09:30||NIFTY27JAN2624400PE,0.1525043363286617
16-01-2026 09:30||NIFTY27JAN2624900PE,0.1220613892760273
16-01-2026 09:30||NIFTY27JAN2625100PE,0.1116261723104738
16-01-2026 09:30||NIFTY27JAN2625500CE,0.1063274546961412
16-01-2026 09:30||NIFTY27JAN2625700CE,0.1003002357144774
16-01-2026 09:30||NIFTY27JAN2625900CE,0.0965498264537518
16-01-2026 09:30||NIFTY27JAN2626000CE,0.0956482095664602
16-01-2026 09:35||NIFTY27JAN2624100PE,0.1741152435527707
16-01-2026 09:35||NIFTY27JAN2624200PE,0.1669739655922435
16-01-2026 09:35||NIFTY27JAN2624800PE,0.1270612439931595
16-01-2026 09:35||NIFTY27JAN2625100PE,0.1125193687562609
16-01-2026 09:35||NIFTY27JAN2626300CE,0.0984862337167279
16-01-2026 09:35||NIFTY27JAN2626400CE,0.1010308921133672
16-01-2026 09:40||NIFTY27JAN2624200PE,0.1663027651205353
16-01-2026 09:40||NIFTY27JAN2624300PE,0.1589548351747699
16-01-2026 09:40||NIFTY27JAN2625900CE,0.1038142410674967
16-01-2026 09:40||NIFTY27JAN2626500CE,0.1045414042705132
16-01-2026 09:45||NIFTY27JAN2623900PE,0.1899175978533802
16-01-2026 09:45||NIFTY27JAN2624500PE,0.1461889394855241
16-01-2026 09:45||NIFTY27JAN2624800PE,0.1253664846316958
16-01-2026 09:45||NIFTY27JAN2624900PE,0.1190718949846518
16-01-2026 09:45||NIFTY27JAN2625400CE,0.1261212003586473
16-01-2026 09:45||NIFTY27JAN2626000CE,0.1009313970834888
16-01-2026 09:45||NIFTY27JAN2626100CE,0.0995973208275829
16-01-2026 09:50||NIFTY27JAN2623900PE,0.1930288225120689
16-01-2026 09:50||NIFTY27JAN2624200PE,0.1719132489283927
16-01-2026 09:50||NIFTY27JAN2624900PE,0.1213414195291798
16-01-2026 09:50||NIFTY27JAN2625500CE,0.1133172039997806
16-01-2026 09:50||NIFTY27JAN2625600CE,0.1085549567186349
16-01-2026 09:50||NIFTY27JAN2625700CE,0.1045062784946694
16-01-2026 09:50||NIFTY27JAN2625800CE,0.1012083245992648
16-01-2026 09:50||NIFTY27JAN2626000CE,0.0970085533019576
16-01-2026 09:50||NIFTY27JAN2626200CE,0.0962345531967432
16-01-2026 09:55||NIFTY27JAN2623800PE,0.2003323371996703
16-01-2026 09:55||NIFTY27JAN2624000PE,0.1869181673825203
16-01-2026 09:55||NIFTY27JAN2624200PE,0.1729639218077885
16-01-2026 09:55||NIFTY27JAN2624500PE,0.1502214865889615
16-01-2026 09:55||NIFTY27JAN2624900PE,0.1218322088522177
16-01-2026 09:55||NIFTY27JAN2625000PE,0.1158734866268632
16-01-2026 09:55||NIFTY27JAN2625300CE,0.115741718259883
16-01-2026 09:55||NIFTY27JAN2625400CE,0.1108617074988769
16-01-2026 09:55||NIFTY27JAN2625500CE,0.1064768034903021
16-01-2026 09:55||NIFTY27JAN2625700CE,0.0993676764281732
16-01-2026 09:55||NIFTY27JAN2625900CE,0.0947543780209031
16-01-2026 09:55||NIFTY27JAN2626000CE,0.0934853827437836
16-01-2026 09:55||NIFTY27JAN2626400CE,0.0960584631122024
16-01-2026 09:55||NIFTY27JAN2626500CE,0.0976366151890138
16-01-2026 10:00||NIFTY27JAN2624000PE,0.1867080223458717
16-01-2026 10:00||NIFTY27JAN2625400CE,0.1313040874585735
16-01-2026 10:00||NIFTY27JAN2625900CE,0.1038325772841444
16-01-2026 10:00||NIFTY27JAN2626000CE,0.1014634723192294
16-01-2026 10:00||NIFTY27JAN2626400CE,0.1015881710906996
16-01-2026 10:00||NIFTY27JAN2626500CE,0.1028827490307848
16-01-2026 10:05||NIFTY27JAN2624000PE,0.1878679104481658
16-01-2026 10:05||NIFTY27JAN2624100PE,0.1810634729362973
16-01-2026 10:05||NIFTY27JAN2624400PE,0.1581669055826218
16-01-2026 10:05||NIFTY27JAN2625100PE,0.1102551177192471
16-01-2026 10:05||NIFTY27JAN2625700CE,0.1090395409516096
16-01-2026 10:05||NIFTY27JAN2626400CE,0.1009843016628481
16-01-2026 10:05||NIFTY27JAN2626500CE,0.1025064949337965
16-01-2026 10:10||NIFTY27JAN2623900PE,0.1962678850059333
16-01-2026 10:10||NIFTY27JAN2624800PE,0.1302236925393692
16-01-2026 10:10||NIFTY27JAN2625300CE,0.1403549527613287
16-01-2026 10:10||NIFTY27JAN2625600CE,0.1180455323915311
16-01-2026 10:10||NIFTY27JAN2626100CE,0.1009421813043004
16-01-2026 10:10||NIFTY27JAN2626400CE,0.1027536627758419
16-01-2026 10:15||NIFTY27JAN2623800PE,0.2064554593815847
16-01-2026 10:15||NIFTY27JAN2624400PE,0.1640719161556787
16-01-2026 10:15||NIFTY27JAN2624500PE,0.1564770371815909
16-01-2026 10:15||NIFTY27JAN2625300CE,0.1588767566658603
16-01-2026 10:20||NIFTY27JAN2623800PE,0.2105747373959795
16-01-2026 10:20||NIFTY27JAN2624300PE,0.1757559375394373
16-01-2026 10:20||NIFTY27JAN2624500PE,0.1609963153716604
16-01-2026 10:20||NIFTY27JAN2624800PE,0.1390207188485092
16-01-2026 10:20||NIFTY27JAN2625700CE,0.118821560353269
16-01-2026 10:20||NIFTY27JAN2625900CE,0.1100691566788979
16-01-2026 10:20||NIFTY27JAN2626400CE,0.1043279199726344
16-01-2026 10:25||NIFTY27JAN2624000PE,0.198201558460518
16-01-2026 10:25||NIFTY27JAN2624200PE,0.1839005750942654
16-01-2026 10:25||NIFTY27JAN2624300PE,0.1766139459324477
16-01-2026 10:25||NIFTY27JAN2624600PE,0.1545825572626594
16-01-2026 10:25||NIFTY27JAN2625400CE,0.1392539508174818
16-01-2026 10:25||NIFTY27JAN2626000CE,0.1052643253220097
16-01-2026 10:30||NIFTY27JAN2624200PE,0.1838487652459559
16-01-2026 10:30||NIFTY27JAN2624400PE,0.1693092838545544
16-01-2026 10:30||NIFTY27JAN2624800PE,0.1405627865194607
16-01-2026 10:30||NIFTY27JAN2625500CE,0.124780249492872
16-01-2026 10:35||NIFTY27JAN2624000PE,0.1993181770514402
16-01-2026 10:35||NIFTY27JAN2624200PE,0.1851663680028713
16-01-2026 10:35||NIFTY27JAN2624900PE,0.1346570449410995
16-01-2026 10:35||NIFTY27JAN2625100PE,0.1213393132406485
16-01-2026 10:35||NIFTY27JAN2625200CE,0.1496750737021649
16-01-2026 10:35||NIFTY27JAN2625600CE,0.1194981829284554
16-01-2026 10:35||NIFTY27JAN2626300CE,0.0996954123350542
16-01-2026 10:35||NIFTY27JAN2626400CE,0.1005637182118244
16-01-2026 10:40||NIFTY27JAN2623800PE,0.2125354305320657
16-01-2026 10:40||NIFTY27JAN2624200PE,0.1857225808768486
16-01-2026 10:40||NIFTY27JAN2624700PE,0.1496586682222991
16-01-2026 10:40||NIFTY27JAN2624900PE,0.1356734299034033
16-01-2026 10:40||NIFTY27JAN2626200CE,0.0942092359168298
16-01-2026 10:45||NIFTY27JAN2623800PE,0.2122595598211676
16-01-2026 10:45||NIFTY27JAN2624000PE,0.1985401069117024
16-01-2026 10:45||NIFTY27JAN2624400PE,0.1697147794607204
16-01-2026 10:45||NIFTY27JAN2624600PE,0.1553522188229112
16-01-2026 10:45||NIFTY27JAN2624900PE,0.1342024914174737
16-01-2026 10:45||NIFTY27JAN2625200CE,0.1356250919439567
16-01-2026 10:50||NIFTY27JAN2624200PE,0.1827248123472432
16-01-2026 10:50||NIFTY27JAN2624300PE,0.1755307928386135
16-01-2026 10:50||NIFTY27JAN2624400PE,0.1683483351123568
16-01-2026 10:50||NIFTY27JAN2624600PE,0.1540875986365036
16-01-2026 10:50||NIFTY27JAN2625400CE,0.129267735002629
16-01-2026 10:50||NIFTY27JAN2626300CE,0.0979124776141779
16-01-2026 10:50||NIFTY27JAN2626400CE,0.0991081292673665
16-01-2026 10:55||NIFTY27JAN2623800PE,0.211815061038593
16-01-2026 10:55||NIFTY27JAN2623900PE,0.2045262065314926
16-01-2026 10:55||NIFTY27JAN2624900PE,0.1330781949674193
16-01-2026 10:55||NIFTY27JAN2625400CE,0.1238368290772543
16-01-2026 10:55||NIFTY27JAN2625800CE,0.1026989777351412
16-01-2026 10:55||NIFTY27JAN2625900CE,0.1000312072253414
16-01-2026 10:55||NIFTY27JAN2626100CE,0.0970368733627634
16-01-2026 10:55||NIFTY27JAN2626500CE,0.0987148580991271
16-01-2026 11:00||NIFTY27JAN2624400PE,0.1677099061114234
16-01-2026 11:00||NIFTY27JAN2624900PE,0.1320920049937222
16-01-2026 11:00||NIFTY27JAN2625000PE,0.1253886276372899
16-01-2026 11:00||NIFTY27JAN2625300CE,0.1365084696675403
16-01-2026 11:00||NIFTY27JAN2626000CE,0.0993639196504897
16-01-2026 11:00||NIFTY27JAN2626100CE,0.0981245320370735
16-01-2026 11:05||NIFTY27JAN2624300PE,0.1745462075844646
16-01-2026 11:05||NIFTY27JAN2624400PE,0.1672010496239379
16-01-2026 11:05||NIFTY27JAN2625100PE,0.11876235410162
16-01-2026 11:05||NIFTY27JAN2626100CE,0.1002994588363847
16-01-2026 11:10||NIFTY27JAN2624000PE,0.1948706212893707
16-01-2026 11:10||NIFTY27JAN2625800CE,0.1011776112223407
16-01-2026 11:10||NIFTY27JAN2626000CE,0.0971698712620105
16-01-2026 11:15||NIFTY27JAN2623900PE,0.2006860753281177
16-01-2026 11:15||NIFTY27JAN2624600PE,0.1513326178737834
16-01-2026 11:15||NIFTY27JAN2625800CE,0.1011613207175683
16-01-2026 11:15||NIFTY27JAN2626200CE,0.0955302299619835
16-01-2026 11:20||NIFTY27JAN2623800PE,0.2054631484978688
16-01-2026 11:20||NIFTY27JAN2624000PE,0.1919093732377105
16-01-2026 11:20||NIFTY27JAN2624100PE,0.1848535955978256
16-01-2026 11:20||NIFTY27JAN2624900PE,0.1303849202091229
16-01-2026 11:20||NIFTY27JAN2625900CE,0.0993819309297366
16-01-2026 11:20||NIFTY27JAN2626000CE,0.0975078499769514
16-01-2026 11:20||NIFTY27JAN2626200CE,0.0962107189761371
16-01-2026 11:25||NIFTY27JAN2624200PE,0.1780027624446012
16-01-2026 11:25||NIFTY27JAN2624800PE,0.1361228052731207
16-01-2026 11:25||NIFTY27JAN2625000PE,0.1235254785062014
16-01-2026 11:25||NIFTY27JAN2626300CE,0.0983298849105688
16-01-2026 11:30||NIFTY27JAN2624300PE,0.1712038469791955
16-01-2026 11:30||NIFTY27JAN2625600CE,0.1039413585473985
16-01-2026 11:30||NIFTY27JAN2626500CE,0.0981297690860823
16-01-2026 11:35||NIFTY27JAN2624500PE,0.1560897227147278
16-01-2026 11:35||NIFTY27JAN2624800PE,0.1360464558083318
16-01-2026 11:35||NIFTY27JAN2625300CE,0.1193318345694433
16-01-2026 11:35||NIFTY27JAN2625500CE,0.1107986050429647
16-01-2026 11:35||NIFTY27JAN2626200CE,0.0962501038941324
16-01-2026 11:40||NIFTY27JAN2624400PE,0.162803323596278
16-01-2026 11:40||NIFTY27JAN2624500PE,0.155821698422195
16-01-2026 11:40||NIFTY27JAN2625500CE,0.1120109946800963
16-01-2026 11:40||NIFTY27JAN2626100CE,0.0964628033736241
16-01-2026 11:45||NIFTY27JAN2624300PE,0.1692566155014497
16-01-2026 11:45||NIFTY27JAN2625000PE,0.1215970617324505
16-01-2026 11:45||NIFTY27JAN2625400CE,0.1233895023052438
16-01-2026 11:50||NIFTY27JAN2623900PE,0.1977951174892516
16-01-2026 11:50||NIFTY27JAN2624300PE,0.1688844885282527
16-01-2026 11:50||NIFTY27JAN2625500CE,0.1178829586413359
16-01-2026 11:55||NIFTY27JAN2624000PE,0.1909769037653377
16-01-2026 11:55||NIFTY27JAN2624500PE,0.1555536293014411
16-01-2026 11:55||NIFTY27JAN2624800PE,0.135129834260431
16-01-2026 11:55||NIFTY27JAN2625000PE,0.1227921286282066
16-01-2026 11:55||NIFTY27JAN2625100PE,0.1166223897563894
16-01-2026 11:55||NIFTY27JAN2626200CE,0.0948456917200858
16-01-2026 12:00||NIFTY27JAN2623900PE,0.195141946893661
16-01-2026 12:00||NIFTY27JAN2624000PE,0.1878344651894591
16-01-2026 12:00||NIFTY27JAN2624200PE,0.173394730243423
16-01-2026 12:00||NIFTY27JAN2624400PE,0.159272808861111
16-01-2026 12:00||NIFTY27JAN2624800PE,0.1323640112640778
16-01-2026 12:00||NIFTY27JAN2624900PE,0.1259806125327912
16-01-2026 12:00||NIFTY27JAN2625200CE,0.1532108004763107
16-01-2026 12:00||NIFTY27JAN2626200CE,0.1014764204308476
16-01-2026 12:05||NIFTY27JAN2623800PE,0.2028593398547351
16-01-2026 12:05||NIFTY27JAN2624200PE,0.1747130425309487
16-01-2026 12:05||NIFTY27JAN2624500PE,0.1531646853618628
16-01-2026 12:05||NIFTY27JAN2624800PE,0.1325581722977223
16-01-2026 12:05||NIFTY27JAN2625000PE,0.119793384311951
16-01-2026 12:05||NIFTY27JAN2625200CE,0.1496300834818431
16-01-2026 12:05||NIFTY27JAN2625900CE,0.1113050350706832
16-01-2026 12:10||NIFTY27JAN2624800PE,0.1337623654910134
16-01-2026 12:10||NIFTY27JAN2625100PE,0.1163556394358734
16-01-2026 12:10||NIFTY27JAN2625300CE,0.1456358443842084
16-01-2026 12:10||NIFTY27JAN2625800CE,0.1127960361257287
16-01-2026 12:10||NIFTY27JAN2626000CE,0.1047512602895208
16-01-2026 12:10||NIFTY27JAN2626100CE,0.1023546269580572
16-01-2026 12:15||NIFTY27JAN2624000PE,0.1910515046131868
16-01-2026 12:15||NIFTY27JAN2624600PE,0.1477187104959565
16-01-2026 12:15||NIFTY27JAN2624800PE,0.1347146506176459
16-01-2026 12:15||NIFTY27JAN2624900PE,0.1285597248774498
16-01-2026 12:15||NIFTY27JAN2625000PE,0.1226575968460201
16-01-2026 12:15||NIFTY27JAN2625800CE,0.1039795689590742
16-01-2026 12:15||NIFTY27JAN2626000CE,0.0988815082643647
16-01-2026 12:20||NIFTY27JAN2623900PE,0.1979714773957304
16-01-2026 12:20||NIFTY27JAN2624300PE,0.16834064632989
16-01-2026 12:20||NIFTY27JAN2624500PE,0.1544229332827338
16-01-2026 12:20||NIFTY27JAN2624900PE,0.1284326934741934
16-01-2026 12:20||NIFTY27JAN2625400CE,0.1268329898295941
16-01-2026 12:20||NIFTY27JAN2625600CE,0.1142219222603523
16-01-2026 12:20||NIFTY27JAN2625700CE,0.1093460807166573
16-01-2026 12:25||NIFTY27JAN2623800PE,0.2023574679213149
16-01-2026 12:25||NIFTY27JAN2624500PE,0.1551795575540716
16-01-2026 12:25||NIFTY27JAN2624700PE,0.1427417525899705
16-01-2026 12:25||NIFTY27JAN2624800PE,0.1370590206468931
16-01-2026 12:25||NIFTY27JAN2625000PE,0.1262513412824481
16-01-2026 12:25||NIFTY27JAN2625100PE,0.1207467437646634
16-01-2026 12:25||NIFTY27JAN2626400CE,0.0935157847345743
16-01-2026 12:30||NIFTY27JAN2623800PE,0.1992965604000763
16-01-2026 12:30||NIFTY27JAN2624400PE,0.1532545804854603
16-01-2026 12:30||NIFTY27JAN2624600PE,0.1398435612469848
16-01-2026 12:35||NIFTY27JAN2623800PE,0.2027678240624535
16-01-2026 12:35||NIFTY27JAN2623900PE,0.1944557115677032
16-01-2026 12:35||NIFTY27JAN2624800PE,0.1306266347769916
16-01-2026 12:35||NIFTY27JAN2625600CE,0.1096306161432818
16-01-2026 12:35||NIFTY27JAN2625700CE,0.1058314091543862
16-01-2026 12:35||NIFTY27JAN2625800CE,0.1026618598710839
16-01-2026 12:35||NIFTY27JAN2625900CE,0.1001956784538099
16-01-2026 12:35||NIFTY27JAN2626000CE,0.0985048076721331
16-01-2026 12:35||NIFTY27JAN2626200CE,0.0977281713631854
16-01-2026 12:40||NIFTY27JAN2623800PE,0.2018809302767557
16-01-2026 12:40||NIFTY27JAN2625200CE,0.1207718824794036
16-01-2026 12:40||NIFTY27JAN2625900CE,0.0983860937546527
16-01-2026 12:45||NIFTY27JAN2624000PE,0.1844178002697006
16-01-2026 12:45||NIFTY27JAN2624800PE,0.130407698111568
16-01-2026 12:45||NIFTY27JAN2625700CE,0.1031856962208004
16-01-2026 12:45||NIFTY27JAN2625900CE,0.0989611009390276
16-01-2026 12:45||NIFTY27JAN2626000CE,0.0982325056255844
16-01-2026 12:45||NIFTY27JAN2626300CE,0.1000757148311733
16-01-2026 12:50||NIFTY27JAN2624300PE,0.1617247680959722
16-01-2026 12:50||NIFTY27JAN2626000CE,0.1032461512272822
16-01-2026 12:50||NIFTY27JAN2626200CE,0.1018391322380149
16-01-2026 12:55||NIFTY27JAN2623900PE,0.1925812278936911
16-01-2026 12:55||NIFTY27JAN2624700PE,0.1371099262911103
16-01-2026 12:55||NIFTY27JAN2624900PE,0.1254029595366426
16-01-2026 12:55||NIFTY27JAN2625500CE,0.1059099632760219
16-01-2026 12:55||NIFTY27JAN2625800CE,0.0972841048940784
16-01-2026 13:00||NIFTY27JAN2623800PE,0.1981650070926625
16-01-2026 13:00||NIFTY27JAN2624700PE,0.1349551044447735
16-01-2026 13:00||NIFTY27JAN2624800PE,0.1290044343516221
16-01-2026 13:00||NIFTY27JAN2625400CE,0.1099874981832213
16-01-2026 13:00||NIFTY27JAN2625900CE,0.0979478108305527
16-01-2026 13:00||NIFTY27JAN2626000CE,0.0971999623495611
16-01-2026 13:05||NIFTY27JAN2624100PE,0.1744305752889278
16-01-2026 13:05||NIFTY27JAN2625000PE,0.1152734811416405
16-01-2026 13:05||NIFTY27JAN2625300CE,0.1284433895401716
16-01-2026 13:10||NIFTY27JAN2625200CE,0.1305937201429709
16-01-2026 13:15||NIFTY27JAN2623800PE,0.1960224834233805
16-01-2026 13:15||NIFTY27JAN2624100PE,0.1729822595883034
16-01-2026 13:15||NIFTY27JAN2624600PE,0.137745586687784
16-01-2026 13:15||NIFTY27JAN2624700PE,0.1314604979245127
16-01-2026 13:15||NIFTY27JAN2625800CE,0.1020361031049305
16-01-2026 13:15||NIFTY27JAN2626100CE,0.0983434718140885
16-01-2026 13:15||NIFTY27JAN2626200CE,0.0990238256674031
16-01-2026 13:20||NIFTY27JAN2624300PE,0.1573863451786476
16-01-2026 13:20||NIFTY27JAN2624700PE,0.1310288719413729
16-01-2026 13:20||NIFTY27JAN2625100PE,0.1115026875944219
16-01-2026 13:20||NIFTY27JAN2625600CE,0.1046050667056733
16-01-2026 13:20||NIFTY27JAN2626100CE,0.0992947657223607
16-01-2026 13:25||NIFTY27JAN2623900PE,0.1839248384465853
16-01-2026 13:25||NIFTY27JAN2624300PE,0.1544056426114329
16-01-2026 13:25||NIFTY27JAN2624400PE,0.1474873832001543
16-01-2026 13:25||NIFTY27JAN2625200CE,0.1390756849710682
16-01-2026 13:25||NIFTY27JAN2625300CE,0.1337671015353609
16-01-2026 13:25||NIFTY27JAN2625500CE,0.1230472251531523
16-01-2026 13:25||NIFTY27JAN2625800CE,0.1101747658894561
16-01-2026 13:25||NIFTY27JAN2626400CE,0.107790191956969
16-01-2026 13:25||NIFTY27JAN2626500CE,0.1096610153068597
16-01-2026 13:30||NIFTY27JAN2624000PE,0.1779913155095072
16-01-2026 13:30||NIFTY27JAN2624200PE,0.1633985635832258
16-01-2026 13:30||NIFTY27JAN2624400PE,0.1497620024031329
16-01-2026 13:30||NIFTY27JAN2624900PE,0.1204825777550206
16-01-2026 13:30||NIFTY27JAN2625000PE,0.1155410932051989
16-01-2026 13:30||NIFTY27JAN2625200CE,0.1259396330518221
16-01-2026 13:35||NIFTY27JAN2624400PE,0.1483771662832119
16-01-2026 13:35||NIFTY27JAN2624500PE,0.1419661479397021
16-01-2026 13:35||NIFTY27JAN2624900PE,0.1189269343586187
16-01-2026 13:35||NIFTY27JAN2625500CE,0.1183293868041058
16-01-2026 13:35||NIFTY27JAN2626100CE,0.103334735978473
16-01-2026 13:35||NIFTY27JAN2626400CE,0.1063944688822092
16-01-2026 13:40||NIFTY27JAN2623900PE,0.1863166649699079
16-01-2026 13:40||NIFTY27JAN2624500PE,0.1437040572875395
16-01-2026 13:40||NIFTY27JAN2624700PE,0.1317552808350318
16-01-2026 13:40||NIFTY27JAN2625200CE,0.1258580438493202
16-01-2026 13:40||NIFTY27JAN2625300CE,0.1197420765005863
16-01-2026 13:40||NIFTY27JAN2625900CE,0.1001928457957939
16-01-2026 13:40||NIFTY27JAN2626000CE,0.0994314007099652
16-01-2026 13:40||NIFTY27JAN2626200CE,0.1002412631996644
16-01-2026 13:40||NIFTY27JAN2626500CE,0.1075409487796408
16-01-2026 13:45||NIFTY27JAN2623900PE,0.1861354093650581
16-01-2026 13:45||NIFTY27JAN2624100PE,0.1703940377516128
16-01-2026 13:45||NIFTY27JAN2624500PE,0.1426431082462604
16-01-2026 13:50||NIFTY27JAN2624700PE,0.1338158009896923
16-01-2026 13:50||NIFTY27JAN2625900CE,0.0951411667052276
16-01-2026 13:50||NIFTY27JAN2626000CE,0.0949589797678716
16-01-2026 13:55||NIFTY27JAN2623900PE,0.1859362835171265
16-01-2026 13:55||NIFTY27JAN2624200PE,0.1634526927527965
16-01-2026 13:55||NIFTY27JAN2624300PE,0.1564520560760391
16-01-2026 13:55||NIFTY27JAN2625000PE,0.1154531077790761
16-01-2026 13:55||NIFTY27JAN2625700CE,0.1032169800722427
16-01-2026 13:55||NIFTY27JAN2626100CE,0.0998939109637201
16-01-2026 14:00||NIFTY27JAN2624500PE,0.1424740402878327
16-01-2026 14:00||NIFTY27JAN2624900PE,0.1202602760987699
16-01-2026 14:00||NIFTY27JAN2625000PE,0.1153472866281493
16-01-2026 14:00||NIFTY27JAN2625100PE,0.1104970789702983
16-01-2026 14:00||NIFTY27JAN2626000CE,0.0992947913345913
16-01-2026 14:05||NIFTY27JAN2624100PE,0.1713300393029982
16-01-2026 14:05||NIFTY27JAN2625500CE,0.1028096058366813
16-01-2026 14:05||NIFTY27JAN2625800CE,0.0973511556931089
16-01-2026 14:05||NIFTY27JAN2626100CE,0.0983481330921075
16-01-2026 14:10||NIFTY27JAN2624500PE,0.1439664350171581
16-01-2026 14:10||NIFTY27JAN2625100PE,0.1111936244372956
16-01-2026 14:10||NIFTY27JAN2625500CE,0.1089584158700091
16-01-2026 14:10||NIFTY27JAN2626400CE,0.1057826142138246
16-01-2026 14:10||NIFTY27JAN2626500CE,0.1084865067227941
16-01-2026 14:15||NIFTY27JAN2624300PE,0.1566247795273609
16-01-2026 14:15||NIFTY27JAN2624600PE,0.1367451528672866
16-01-2026 14:15||NIFTY27JAN2624900PE,0.119231852642619
16-01-2026 14:15||NIFTY27JAN2625500CE,0.1115935961740261
16-01-2026 14:20||NIFTY27JAN2624200PE,0.1650534031532631
16-01-2026 14:20||NIFTY27JAN2624800PE,0.1250327032905365
16-01-2026 14:20||NIFTY27JAN2625100PE,0.1108795430411424
16-01-2026 14:20||NIFTY27JAN2626000CE,0.0999317582581428
16-01-2026 14:20||NIFTY27JAN2626300CE,0.1032562044297692
16-01-2026 14:25||NIFTY27JAN2623900PE,0.189135797439725
16-01-2026 14:25||NIFTY27JAN2624900PE,0.1222527902676267
16-01-2026 14:25||NIFTY27JAN2625100PE,0.1120790509712243
16-01-2026 14:25||NIFTY27JAN2625500CE,0.100660005113953
16-01-2026 14:25||NIFTY27JAN2626500CE,0.1069712673953185
16-01-2026 14:30||NIFTY27JAN2623800PE,0.1934468629234775
16-01-2026 14:30||NIFTY27JAN2624300PE,0.1569978010064695
16-01-2026 14:30||NIFTY27JAN2626300CE,0.1032420385995053
16-01-2026 14:35||NIFTY27JAN2623800PE,0.1957744485430743
16-01-2026 14:35||NIFTY27JAN2624800PE,0.1266682612058347
16-01-2026 14:35||NIFTY27JAN2624900PE,0.1212073549868593
16-01-2026 14:35||NIFTY27JAN2625000PE,0.1161176968331358
16-01-2026 14:35||NIFTY27JAN2625300CE,0.1037800562703357
16-01-2026 14:35||NIFTY27JAN2625900CE,0.0956125444724595
16-01-2026 14:35||NIFTY27JAN2626100CE,0.0942806578537657
16-01-2026 14:35||NIFTY27JAN2626200CE,0.0956644253518203
16-01-2026 14:35||NIFTY27JAN2626300CE,0.0989143762281378
16-01-2026 14:35||NIFTY27JAN2626500CE,0.1055300209382457
16-01-2026 14:40||NIFTY27JAN2624200PE,0.1650534272625975
16-01-2026 14:40||NIFTY27JAN2624600PE,0.1380521469479894
16-01-2026 14:40||NIFTY27JAN2624900PE,0.1205167581065613
16-01-2026 14:40||NIFTY27JAN2625800CE,0.0994154305761574
16-01-2026 14:40||NIFTY27JAN2626500CE,0.1070311176349515
16-01-2026 14:45||NIFTY27JAN2623900PE,0.1875440124433787
16-01-2026 14:45||NIFTY27JAN2624000PE,0.1796259768167331
16-01-2026 14:45||NIFTY27JAN2624100PE,0.1720002495332829
16-01-2026 14:45||NIFTY27JAN2625000PE,0.1158816584942671
16-01-2026 14:45||NIFTY27JAN2625300CE,0.1102298193634286
16-01-2026 14:45||NIFTY27JAN2625600CE,0.1015591346610011
16-01-2026 14:45||NIFTY27JAN2626300CE,0.0997949728489749
16-01-2026 14:45||NIFTY27JAN2626400CE,0.1031072071777382
16-01-2026 14:50||NIFTY27JAN2623900PE,0.1872823264640263
16-01-2026 14:50||NIFTY27JAN2624100PE,0.1719441977769774
16-01-2026 14:50||NIFTY27JAN2624200PE,0.1645105207403701
16-01-2026 14:50||NIFTY27JAN2624300PE,0.1572876695179079
16-01-2026 14:50||NIFTY27JAN2624700PE,0.1312730944611979
16-01-2026 14:50||NIFTY27JAN2625100PE,0.1113742918043098
16-01-2026 14:55||NIFTY27JAN2624200PE,0.1635138880733588
16-01-2026 14:55||NIFTY27JAN2624900PE,0.1206505419095676
16-01-2026 14:55||NIFTY27JAN2625200CE,0.1224074940834606
16-01-2026 14:55||NIFTY27JAN2625300CE,0.118216933986221
16-01-2026 14:55||NIFTY27JAN2625600CE,0.1059120783749583
16-01-2026 14:55||NIFTY27JAN2625700CE,0.1026823792587008
16-01-2026 14:55||NIFTY27JAN2625800CE,0.1001693281370976
16-01-2026 15:00||NIFTY27JAN2624000PE,0.1793227402768525
16-01-2026 15:00||NIFTY27JAN2624800PE,0.127470541462526
16-01-2026 15:00||NIFTY27JAN2624900PE,0.1222478004410241
16-01-2026 15:00||NIFTY27JAN2625500CE,0.101171487535538
16-01-2026 15:05||NIFTY27JAN2623900PE,0.1866291069113771
16-01-2026 15:05||NIFTY27JAN2624100PE,0.1706515846728812
16-01-2026 15:05||NIFTY27JAN2624200PE,0.1633330709893494
16-01-2026 15:05||NIFTY27JAN2624600PE,0.137703975887002
16-01-2026 15:05||NIFTY27JAN2624900PE,0.121377407416297
16-01-2026 15:05||NIFTY27JAN2626200CE,0.0980884004632882
16-01-2026 15:10||NIFTY27JAN2623900PE,0.1856855460731102
16-01-2026 15:10||NIFTY27JAN2624700PE,0.1313961521990286
16-01-2026 15:10||NIFTY27JAN2624800PE,0.1260804714533793
16-01-2026 15:10||NIFTY27JAN2625100PE,0.1116782048435168
16-01-2026 15:10||NIFTY27JAN2625600CE,0.1003148218150321
16-01-2026 15:15||NIFTY27JAN2623800PE,0.1941503156236687
16-01-2026 15:15||NIFTY27JAN2624200PE,0.1627441057846353
16-01-2026 15:15||NIFTY27JAN2624400PE,0.1490625092585404
16-01-2026 15:15||NIFTY27JAN2624500PE,0.1427991991182888
16-01-2026 15:15||NIFTY27JAN2624700PE,0.1311591783124497
16-01-2026 15:15||NIFTY27JAN2624800PE,0.1256788879005488
16-01-2026 15:15||NIFTY27JAN2625000PE,0.1151478769553527
16-01-2026 15:15||NIFTY27JAN2625300CE,0.1196507700856214
16-01-2026 15:15||NIFTY27JAN2625500CE,0.1100343621974535
16-01-2026 15:15||NIFTY27JAN2626000CE,0.09888512372046
16-01-2026 15:15||NIFTY27JAN2626100CE,0.0990737164930233
16-01-2026 15:15||NIFTY27JAN2626300CE,0.102064350676255
16-01-2026 15:20||NIFTY27JAN2623900PE,0.1866381429074793
16-01-2026 15:20||NIFTY27JAN2624000PE,0.178541275533869
16-01-2026 15:20||NIFTY27JAN2624200PE,0.1635194790673191
16-01-2026 15:20||NIFTY27JAN2624400PE,0.1498705026602586
16-01-2026 15:20||NIFTY27JAN2624600PE,0.137375729125305
16-01-2026 15:20||NIFTY27JAN2624800PE,0.1258265108469486
16-01-2026 15:20||NIFTY27JAN2625500CE,0.1086883416423031
16-01-2026 15:20||NIFTY27JAN2625900CE,0.0990969016427233
16-01-2026 15:20||NIFTY27JAN2626100CE,0.0988738639558185
16-01-2026 15:20||NIFTY27JAN2626400CE,0.1045178858325233
16-01-2026 15:20||NIFTY27JAN2626500CE,0.1071115885482389
16-01-2026 15:25||NIFTY27JAN2626400CE,0.1029798474570283
16-01-2026 15:25||NIFTY27JAN2626500CE,0.1059425714178285
19-01-2026 09:15||NIFTY27JAN2624700PE,0.1363313275817443
19-01-2026 09:15||NIFTY27JAN2624900PE,0.1238709031744682
19-01-2026 09:15||NIFTY27JAN2625400CE,0.1294905655036374
19-01-2026 09:15||NIFTY27JAN2625500CE,0.1248789186693606
19-01-2026 09:15||NIFTY27JAN2625900CE,0.117584716230895
19-01-2026 09:15||NIFTY27JAN2626300CE,0.1263852987980249
19-01-2026 09:15||NIFTY27JAN2626400CE,0.1308404351565251
19-01-2026 09:20||NIFTY27JAN2624600PE,0.1476038973167334
19-01-2026 09:20||NIFTY27JAN2625700CE,0.0995804830634007
19-01-2026 09:20||NIFTY27JAN2626100CE,0.1079594637964069
19-01-2026 09:20||NIFTY27JAN2626400CE,0.1229410281241121
19-01-2026 09:25||NIFTY27JAN2624500PE,0.1523713796322793
19-01-2026 09:25||NIFTY27JAN2625500CE,0.1022230465383013
19-01-2026 09:25||NIFTY27JAN2625600CE,0.1025007837438341
19-01-2026 09:25||NIFTY27JAN2625700CE,0.1030941732469408
19-01-2026 09:25||NIFTY27JAN2626100CE,0.1109234956909609
19-01-2026 09:25||NIFTY27JAN2626200CE,0.1147961978860628
19-01-2026 09:25||NIFTY27JAN2626400CE,0.1255761398285675
19-01-2026 09:30||NIFTY27JAN2623800PE,0.2069604539923172
19-01-2026 09:30||NIFTY27JAN2624000PE,0.1911037323389806
19-01-2026 09:30||NIFTY27JAN2624200PE,0.1740615121853387
19-01-2026 09:30||NIFTY27JAN2624300PE,0.1656765311200493
19-01-2026 09:30||NIFTY27JAN2624400PE,0.1574804339988758
19-01-2026 09:30||NIFTY27JAN2624800PE,0.1279853157076382
19-01-2026 09:30||NIFTY27JAN2625400CE,0.1289140998346928
19-01-2026 09:30||NIFTY27JAN2625800CE,0.1157507211684094
19-01-2026 09:30||NIFTY27JAN2626500CE,0.1371657559707725
19-01-2026 09:35||NIFTY27JAN2624500PE,0.1553347211838105
19-01-2026 09:35||NIFTY27JAN2624800PE,0.1341704577323802
19-01-2026 09:35||NIFTY27JAN2625500CE,0.099132650124725
19-01-2026 09:35||NIFTY27JAN2625600CE,0.0997972615529448
19-01-2026 09:35||NIFTY27JAN2626200CE,0.1135587107815676
19-01-2026 09:40||NIFTY27JAN2624100PE,0.1830402091141558
19-01-2026 09:40||NIFTY27JAN2624200PE,0.174440304800066
19-01-2026 09:40||NIFTY27JAN2624400PE,0.1578724731977999
19-01-2026 09:40||NIFTY27JAN2624500PE,0.1500401911042736
19-01-2026 09:40||NIFTY27JAN2624600PE,0.1425966282351758
19-01-2026 09:40||NIFTY27JAN2624900PE,0.1232271881014042
19-01-2026 09:40||NIFTY27JAN2625700CE,0.1091613123400442
19-01-2026 09:40||NIFTY27JAN2626200CE,0.1180835528980737
19-01-2026 09:40||NIFTY27JAN2626300CE,0.1225550474261469
19-01-2026 09:40||NIFTY27JAN2626500CE,0.1326772608704151
19-01-2026 09:45||NIFTY27JAN2623900PE,0.2015111515847094
19-01-2026 09:45||NIFTY27JAN2624000PE,0.1930414978749858
19-01-2026 09:45||NIFTY27JAN2626200CE,0.116221002668976
19-01-2026 09:50||NIFTY27JAN2623900PE,0.2016685433597226
19-01-2026 09:50||NIFTY27JAN2624700PE,0.1379465105560318
19-01-2026 09:50||NIFTY27JAN2624800PE,0.1316089776303227
19-01-2026 09:50||NIFTY27JAN2625300CE,0.1004092174788398
19-01-2026 09:50||NIFTY27JAN2625900CE,0.1050102534937958
19-01-2026 09:50||NIFTY27JAN2626200CE,0.1138933358270548
19-01-2026 09:55||NIFTY27JAN2624700PE,0.1381751022133208
19-01-2026 09:55||NIFTY27JAN2625400CE,0.1015698296335817
19-01-2026 09:55||NIFTY27JAN2625700CE,0.102676757619335
19-01-2026 09:55||NIFTY27JAN2626400CE,0.1267898519272841
19-01-2026 10:00||NIFTY27JAN2624400PE,0.1574936620003233
19-01-2026 10:00||NIFTY27JAN2625000PE,0.1190288748967647
19-01-2026 10:00||NIFTY27JAN2625700CE,0.1060127670927735
19-01-2026 10:00||NIFTY27JAN2625900CE,0.10850344834653
19-01-2026 10:05||NIFTY27JAN2624500PE,0.14802971549839
19-01-2026 10:05||NIFTY27JAN2624800PE,0.1270976811342392
19-01-2026 10:05||NIFTY27JAN2625200CE,0.1257916559919141
19-01-2026 10:05||NIFTY27JAN2625500CE,0.1143769923390633
19-01-2026 10:05||NIFTY27JAN2626100CE,0.1168937853146895
19-01-2026 10:05||NIFTY27JAN2626200CE,0.120914831795458
19-01-2026 10:10||NIFTY27JAN2623800PE,0.2087783942932645
19-01-2026 10:10||NIFTY27JAN2624200PE,0.174165649300659
19-01-2026 10:10||NIFTY27JAN2624400PE,0.1573518562368466
19-01-2026 10:10||NIFTY27JAN2625100PE,0.1162401815225077
19-01-2026 10:15||NIFTY27JAN2624200PE,0.1743570131958336
19-01-2026 10:15||NIFTY27JAN2624400PE,0.1572570321662102
19-01-2026 10:15||NIFTY27JAN2624700PE,0.1346240556152011
19-01-2026 10:15||NIFTY27JAN2624800PE,0.1285751143483954
19-01-2026 10:15||NIFTY27JAN2625100PE,0.1158050909938653
19-01-2026 10:15||NIFTY27JAN2625500CE,0.1089832821686154
19-01-2026 10:15||NIFTY27JAN2625700CE,0.107047826594307
19-01-2026 10:15||NIFTY27JAN2626200CE,0.1194770770666392
19-01-2026 10:15||NIFTY27JAN2626500CE,0.1362098712326902
19-01-2026 10:20||NIFTY27JAN2623900PE,0.2016067329827172
19-01-2026 10:20||NIFTY27JAN2624100PE,0.1836442104848024
19-01-2026 10:20||NIFTY27JAN2625500CE,0.1070353495122891
19-01-2026 10:20||NIFTY27JAN2626300CE,0.1221405314016879
19-01-2026 10:25||NIFTY27JAN2625400CE,0.1017566897116136
19-01-2026 10:25||NIFTY27JAN2626100CE,0.112784762328275
19-01-2026 10:25||NIFTY27JAN2626400CE,0.1292088204802436
19-01-2026 10:25||NIFTY27JAN2626500CE,0.1349469853475752
19-01-2026 10:30||NIFTY27JAN2623800PE,0.2092517400762458
19-01-2026 10:30||NIFTY27JAN2623900PE,0.2002784749784376
19-01-2026 10:30||NIFTY27JAN2624600PE,0.1437632955350985
19-01-2026 10:30||NIFTY27JAN2624700PE,0.1376498549678371
19-01-2026 10:30||NIFTY27JAN2624800PE,0.1319166385338007
19-01-2026 10:30||NIFTY27JAN2624900PE,0.1264960134297547
19-01-2026 10:30||NIFTY27JAN2626200CE,0.1190128691799687
19-01-2026 10:35||NIFTY27JAN2623800PE,0.2052206062588804
19-01-2026 10:35||NIFTY27JAN2624700PE,0.1368697797042829
19-01-2026 10:35||NIFTY27JAN2624800PE,0.1311379917302325
19-01-2026 10:35||NIFTY27JAN2625000PE,0.1216687273680335
19-01-2026 10:35||NIFTY27JAN2625200CE,0.1093538723458668
19-01-2026 10:35||NIFTY27JAN2626300CE,0.1245820654641405
19-01-2026 10:40||NIFTY27JAN2623800PE,0.2060392458374669
19-01-2026 10:40||NIFTY27JAN2623900PE,0.1976804875641671
19-01-2026 10:40||NIFTY27JAN2624000PE,0.1894134857847842
19-01-2026 10:40||NIFTY27JAN2624700PE,0.1348157057054637
19-01-2026 10:40||NIFTY27JAN2625400CE,0.1175718818620773
19-01-2026 10:40||NIFTY27JAN2625700CE,0.1119957919071744
19-01-2026 10:45||NIFTY27JAN2624000PE,0.1917643901802571
19-01-2026 10:45||NIFTY27JAN2624700PE,0.1381480946293939
19-01-2026 10:45||NIFTY27JAN2625600CE,0.1065499851172873
19-01-2026 10:45||NIFTY27JAN2626200CE,0.1181865454891594
19-01-2026 10:50||NIFTY27JAN2625100PE,0.1157111401453429
19-01-2026 10:50||NIFTY27JAN2625200CE,0.1225909769204121
19-01-2026 10:50||NIFTY27JAN2626200CE,0.119994384092165
19-01-2026 10:55||NIFTY27JAN2624100PE,0.1824640612516317
19-01-2026 10:55||NIFTY27JAN2624200PE,0.1737313322835575
19-01-2026 10:55||NIFTY27JAN2624500PE,0.149143996603999
19-01-2026 10:55||NIFTY27JAN2625400CE,0.1210341263275245
19-01-2026 10:55||NIFTY27JAN2625500CE,0.1169429906216474
19-01-2026 10:55||NIFTY27JAN2625900CE,0.111751280880874
19-01-2026 10:55||NIFTY27JAN2626000CE,0.1132536338495494
19-01-2026 11:00||NIFTY27JAN2623900PE,0.2033924974906555
19-01-2026 11:00||NIFTY27JAN2624400PE,0.1594558408440134
19-01-2026 11:00||NIFTY27JAN2625400CE,0.1160989490035958
19-01-2026 11:00||NIFTY27JAN2625600CE,0.1117355440848706
19-01-2026 11:00||NIFTY27JAN2625700CE,0.1104408087034101
19-01-2026 11:00||NIFTY27JAN2625800CE,0.1099083961315767
19-01-2026 11:00||NIFTY27JAN2626300CE,0.1229354346555472
19-01-2026 11:00||NIFTY27JAN2626500CE,0.1333987660132449
19-01-2026 11:05||NIFTY27JAN2623800PE,0.21280546233825
19-01-2026 11:05||NIFTY27JAN2623900PE,0.2039882498414922
19-01-2026 11:05||NIFTY27JAN2624200PE,0.1783143597988216
19-01-2026 11:05||NIFTY27JAN2624500PE,0.1548190744578627
19-01-2026 11:05||NIFTY27JAN2625000PE,0.1249108832215396
19-01-2026 11:05||NIFTY27JAN2625600CE,0.1006458113276231
19-01-2026 11:05||NIFTY27JAN2626100CE,0.1103316326295154
19-01-2026 11:10||NIFTY27JAN2624300PE,0.16728327799358
19-01-2026 11:10||NIFTY27JAN2625800CE,0.1059263073792463
19-01-2026 11:15||NIFTY27JAN2624400PE,0.1603904694301398
19-01-2026 11:15||NIFTY27JAN2624500PE,0.1529329489054732
19-01-2026 11:15||NIFTY27JAN2624600PE,0.1458534928779109
19-01-2026 11:15||NIFTY27JAN2624700PE,0.1392530498788074
19-01-2026 11:15||NIFTY27JAN2624900PE,0.1278806222231647
19-01-2026 11:15||NIFTY27JAN2625100PE,0.1184274565210232
19-01-2026 11:20||NIFTY27JAN2623800PE,0.2050974106338179
19-01-2026 11:20||NIFTY27JAN2624200PE,0.1732159701938236
19-01-2026 11:20||NIFTY27JAN2624300PE,0.1650494027609547
19-01-2026 11:20||NIFTY27JAN2624500PE,0.1498518472273269
19-01-2026 11:20||NIFTY27JAN2624900PE,0.1249078785795778
19-01-2026 11:20||NIFTY27JAN2625400CE,0.1139830966575783
19-01-2026 11:20||NIFTY27JAN2625500CE,0.1106952559297007
19-01-2026 11:20||NIFTY27JAN2625600CE,0.1087882840479392
19-01-2026 11:20||NIFTY27JAN2625700CE,0.1081524100646907
19-01-2026 11:20||NIFTY27JAN2626200CE,0.1203631985173935
19-01-2026 11:20||NIFTY27JAN2626300CE,0.1251799639371386
19-01-2026 11:20||NIFTY27JAN2626500CE,0.1358443353478381
19-01-2026 11:25||NIFTY27JAN2624900PE,0.1250455201874473
19-01-2026 11:25||NIFTY27JAN2625300CE,0.1178868535199872
19-01-2026 11:25||NIFTY27JAN2625400CE,0.1146243589417974
19-01-2026 11:30||NIFTY27JAN2624100PE,0.1831784511373112
19-01-2026 11:30||NIFTY27JAN2624600PE,0.1438292867986671
19-01-2026 11:30||NIFTY27JAN2624900PE,0.1248554311384668
19-01-2026 11:30||NIFTY27JAN2625000PE,0.1197570868639336
19-01-2026 11:30||NIFTY27JAN2625500CE,0.1125138211314561
19-01-2026 11:30||NIFTY27JAN2625700CE,0.1095654870297093
19-01-2026 11:30||NIFTY27JAN2626500CE,0.1361995418978666
19-01-2026 11:35||NIFTY27JAN2623900PE,0.1998216205069416
19-01-2026 11:35||NIFTY27JAN2624600PE,0.1431977957514476
19-01-2026 11:35||NIFTY27JAN2625800CE,0.1101884429333014
19-01-2026 11:35||NIFTY27JAN2626000CE,0.1125100913344404
19-01-2026 11:35||NIFTY27JAN2626200CE,0.1187676175413552
19-01-2026 11:35||NIFTY27JAN2626300CE,0.1218214465305733
19-01-2026 11:35||NIFTY27JAN2626400CE,0.1250199877032849
19-01-2026 11:35||NIFTY27JAN2626500CE,0.1283673743672236
19-01-2026 11:40||NIFTY27JAN2623800PE,0.2080868353351099
19-01-2026 11:40||NIFTY27JAN2624100PE,0.1848832014267353
19-01-2026 11:40||NIFTY27JAN2624200PE,0.176319049347022
19-01-2026 11:40||NIFTY27JAN2624400PE,0.1595021607842351
19-01-2026 11:40||NIFTY27JAN2624500PE,0.1515063278138335
19-01-2026 11:40||NIFTY27JAN2625100PE,0.1159476069199959
19-01-2026 11:45||NIFTY27JAN2624300PE,0.1679445148393814
19-01-2026 11:45||NIFTY27JAN2625400CE,0.113044726100215
19-01-2026 11:50||NIFTY27JAN2624600PE,0.1454055397313461
19-01-2026 11:50||NIFTY27JAN2625200CE,0.1140855925031563
19-01-2026 11:50||NIFTY27JAN2626300CE,0.1215457989151855
19-01-2026 11:55||NIFTY27JAN2623800PE,0.2068705768925558
19-01-2026 11:55||NIFTY27JAN2624300PE,0.1687989521004111
19-01-2026 11:55||NIFTY27JAN2624500PE,0.1534680771107097
19-01-2026 11:55||NIFTY27JAN2624600PE,0.1462877367833716
19-01-2026 11:55||NIFTY27JAN2624700PE,0.1395271640034993
19-01-2026 11:55||NIFTY27JAN2625900CE,0.1051875902758751
19-01-2026 11:55||NIFTY27JAN2626200CE,0.1154667325605549
19-01-2026 12:00||NIFTY27JAN2624200PE,0.1750643458708599
19-01-2026 12:00||NIFTY27JAN2624300PE,0.1670801084425304
19-01-2026 12:00||NIFTY27JAN2624400PE,0.1593544478220747
19-01-2026 12:00||NIFTY27JAN2624500PE,0.1519465111737361
19-01-2026 12:00||NIFTY27JAN2624700PE,0.1383130679356183
19-01-2026 12:00||NIFTY27JAN2625000PE,0.1216416580877132
19-01-2026 12:00||NIFTY27JAN2626100CE,0.1124987961250961
19-01-2026 12:00||NIFTY27JAN2626500CE,0.1350238770495692
19-01-2026 12:05||NIFTY27JAN2623900PE,0.2008331412699002
19-01-2026 12:05||NIFTY27JAN2624400PE,0.1601826060495321
19-01-2026 12:05||NIFTY27JAN2624500PE,0.1526484277490761
19-01-2026 12:05||NIFTY27JAN2625200CE,0.1127998402452044
19-01-2026 12:05||NIFTY27JAN2625400CE,0.1079209843871669
19-01-2026 12:05||NIFTY27JAN2625500CE,0.1059935365711648
19-01-2026 12:05||NIFTY27JAN2625700CE,0.1049033743545153
19-01-2026 12:05||NIFTY27JAN2626100CE,0.1141064652544132
19-01-2026 12:05||NIFTY27JAN2626200CE,0.1188421716280121
19-01-2026 12:05||NIFTY27JAN2626400CE,0.1289876160346723
19-01-2026 12:05||NIFTY27JAN2626500CE,0.133749332230433
19-01-2026 12:10||NIFTY27JAN2623900PE,0.2010873915148018
19-01-2026 12:10||NIFTY27JAN2625600CE,0.1096365687872183
19-01-2026 12:10||NIFTY27JAN2626400CE,0.1309029603870487
19-01-2026 12:15||NIFTY27JAN2623900PE,0.2005937356684359
19-01-2026 12:15||NIFTY27JAN2624100PE,0.1839287770090181
19-01-2026 12:15||NIFTY27JAN2624300PE,0.167436831924764
19-01-2026 12:20||NIFTY27JAN2623800PE,0.2088960181084261
19-01-2026 12:20||NIFTY27JAN2624400PE,0.1618164317055932
19-01-2026 12:20||NIFTY27JAN2625100PE,0.1181539893672758
19-01-2026 12:20||NIFTY27JAN2625300CE,0.1078912462774935
19-01-2026 12:20||NIFTY27JAN2626200CE,0.1157798206744906
19-01-2026 12:25||NIFTY27JAN2623800PE,0.2080544817932428
19-01-2026 12:25||NIFTY27JAN2625700CE,0.1052622822634865
19-01-2026 12:25||NIFTY27JAN2626500CE,0.1345467789218248
19-01-2026 12:30||NIFTY27JAN2623900PE,0.201208405740037
19-01-2026 12:30||NIFTY27JAN2624300PE,0.1682906882335959
19-01-2026 12:30||NIFTY27JAN2624500PE,0.1523886279520714
19-01-2026 12:30||NIFTY27JAN2625000PE,0.1202369771709837
19-01-2026 12:30||NIFTY27JAN2625400CE,0.1085501786563761
19-01-2026 12:30||NIFTY27JAN2626500CE,0.135020139156241
19-01-2026 12:35||NIFTY27JAN2624100PE,0.1843653254438208
19-01-2026 12:35||NIFTY27JAN2624200PE,0.176180616698577
19-01-2026 12:35||NIFTY27JAN2624400PE,0.1601247158934466
19-01-2026 12:35||NIFTY27JAN2624700PE,0.1382433188904401
19-01-2026 12:35||NIFTY27JAN2625000PE,0.1211514051341123
19-01-2026 12:35||NIFTY27JAN2625300CE,0.110301058007333
19-01-2026 12:40||NIFTY27JAN2623800PE,0.2076117965175175
19-01-2026 12:40||NIFTY27JAN2625700CE,0.10895799959946
19-01-2026 12:40||NIFTY27JAN2625800CE,0.1090889340186455
19-01-2026 12:40||NIFTY27JAN2626400CE,0.1313415009790267
19-01-2026 12:45||NIFTY27JAN2626000CE,0.1088560840366537
19-01-2026 12:45||NIFTY27JAN2626100CE,0.1123089442502384
19-01-2026 12:45||NIFTY27JAN2626400CE,0.1295164217677638
19-01-2026 12:50||NIFTY27JAN2623800PE,0.2071454315366557
19-01-2026 12:50||NIFTY27JAN2624200PE,0.1740218718114167
19-01-2026 12:50||NIFTY27JAN2625900CE,0.1101071518514971
19-01-2026 12:50||NIFTY27JAN2626500CE,0.1354902623646055
19-01-2026 12:55||NIFTY27JAN2623900PE,0.2032042689740119
19-01-2026 12:55||NIFTY27JAN2624100PE,0.1873134559310108
19-01-2026 12:55||NIFTY27JAN2624300PE,0.1702591146071459
19-01-2026 12:55||NIFTY27JAN2624400PE,0.1617532730378957
19-01-2026 12:55||NIFTY27JAN2624500PE,0.1534968228568845
19-01-2026 12:55||NIFTY27JAN2624700PE,0.1384118932864617
19-01-2026 12:55||NIFTY27JAN2625100PE,0.1173373606405657
19-01-2026 12:55||NIFTY27JAN2625700CE,0.1055749295378458
19-01-2026 12:55||NIFTY27JAN2626000CE,0.1085576346940099
19-01-2026 13:00||NIFTY27JAN2623900PE,0.2053481218464863
19-01-2026 13:00||NIFTY27JAN2624000PE,0.1967806822822153
19-01-2026 13:00||NIFTY27JAN2624400PE,0.1630231019690116
19-01-2026 13:00||NIFTY27JAN2624700PE,0.1403855536819726
19-01-2026 13:00||NIFTY27JAN2625400CE,0.1086004693944101
19-01-2026 13:00||NIFTY27JAN2625600CE,0.1059019062962885
19-01-2026 13:00||NIFTY27JAN2625900CE,0.1056885236750769
19-01-2026 13:00||NIFTY27JAN2626200CE,0.1151991294188518
19-01-2026 13:00||NIFTY27JAN2626500CE,0.1330353417649373
19-01-2026 13:05||NIFTY27JAN2624600PE,0.1473452136466693
19-01-2026 13:05||NIFTY27JAN2625100PE,0.1183046684234129
19-01-2026 13:05||NIFTY27JAN2625700CE,0.1034677421071096
19-01-2026 13:10||NIFTY27JAN2623800PE,0.214694618027162
19-01-2026 13:10||NIFTY27JAN2623900PE,0.2060754163382903
19-01-2026 13:10||NIFTY27JAN2624400PE,0.1630362149952364
19-01-2026 13:10||NIFTY27JAN2624500PE,0.1549746085640821
19-01-2026 13:10||NIFTY27JAN2624600PE,0.147367750577213
19-01-2026 13:10||NIFTY27JAN2626200CE,0.1141389021391495
19-01-2026 13:10||NIFTY27JAN2626300CE,0.1196882038261362
19-01-2026 13:15||NIFTY27JAN2625800CE,0.1075424800727567
19-01-2026 13:20||NIFTY27JAN2624400PE,0.1626661477012852
19-01-2026 13:20||NIFTY27JAN2624800PE,0.1321807048460584
19-01-2026 13:20||NIFTY27JAN2624900PE,0.1261702092674718
19-01-2026 13:20||NIFTY27JAN2625000PE,0.1210430067965964
19-01-2026 13:20||NIFTY27JAN2625200CE,0.1107381390864081
19-01-2026 13:20||NIFTY27JAN2625400CE,0.105936919545792
19-01-2026 13:25||NIFTY27JAN2623900PE,0.2052397788372854
19-01-2026 13:25||NIFTY27JAN2625000PE,0.1196255955324501
19-01-2026 13:25||NIFTY27JAN2625300CE,0.1115606471845269
19-01-2026 13:25||NIFTY27JAN2625400CE,0.1085267437454641
19-01-2026 13:25||NIFTY27JAN2625900CE,0.1061310823401884
19-01-2026 13:25||NIFTY27JAN2626200CE,0.1166943441759121
19-01-2026 13:25||NIFTY27JAN2626500CE,0.1338281505660891
19-01-2026 13:30||NIFTY27JAN2624300PE,0.169839445088519
19-01-2026 13:30||NIFTY27JAN2624900PE,0.1248124724058398
19-01-2026 13:30||NIFTY27JAN2625100PE,0.1142773130447906
19-01-2026 13:30||NIFTY27JAN2625800CE,0.1067675888749684
19-01-2026 13:30||NIFTY27JAN2626100CE,0.1130847896635903
19-01-2026 13:30||NIFTY27JAN2626300CE,0.1225278233345306
19-01-2026 13:30||NIFTY27JAN2626500CE,0.1332734064040002
19-01-2026 13:35||NIFTY27JAN2624400PE,0.1634322016658773
19-01-2026 13:35||NIFTY27JAN2624900PE,0.1271736020268595
19-01-2026 13:35||NIFTY27JAN2626200CE,0.1143098329787521
19-01-2026 13:35||NIFTY27JAN2626400CE,0.1272180285883321
19-01-2026 13:40||NIFTY27JAN2624800PE,0.1346746659049054
19-01-2026 13:40||NIFTY27JAN2625300CE,0.1014578849168371
19-01-2026 13:40||NIFTY27JAN2625400CE,0.1013924544250757
19-01-2026 13:40||NIFTY27JAN2625600CE,0.1012837683494646
19-01-2026 13:40||NIFTY27JAN2625800CE,0.1023375674581017
19-01-2026 13:40||NIFTY27JAN2625900CE,0.1037104520180148
19-01-2026 13:45||NIFTY27JAN2624300PE,0.1684737983113141
19-01-2026 13:45||NIFTY27JAN2624700PE,0.1356008403709599
19-01-2026 13:45||NIFTY27JAN2625100PE,0.1102001353332365
19-01-2026 13:45||NIFTY27JAN2625500CE,0.1210284458566791
19-01-2026 13:45||NIFTY27JAN2626500CE,0.1336370992803702
19-01-2026 13:50||NIFTY27JAN2623900PE,0.2056519909232341
19-01-2026 13:50||NIFTY27JAN2624200PE,0.1815267125835094
19-01-2026 13:50||NIFTY27JAN2625100PE,0.1170497627364098
19-01-2026 13:50||NIFTY27JAN2625400CE,0.1162953023984357
19-01-2026 13:50||NIFTY27JAN2625700CE,0.1068169451679698
19-01-2026 13:50||NIFTY27JAN2626200CE,0.113237032218135
19-01-2026 13:55||NIFTY27JAN2624500PE,0.1591299182275739
19-01-2026 13:55||NIFTY27JAN2624600PE,0.1510384165317195
19-01-2026 13:55||NIFTY27JAN2625600CE,0.1030271534249492
19-01-2026 13:55||NIFTY27JAN2625700CE,0.1021799970570638
19-01-2026 13:55||NIFTY27JAN2625800CE,0.102028251085124
19-01-2026 13:55||NIFTY27JAN2625900CE,0.1026587680199341
19-01-2026 13:55||NIFTY27JAN2626200CE,0.1100815341875562
19-01-2026 14:00||NIFTY27JAN2624100PE,0.1932891834130368
19-01-2026 14:00||NIFTY27JAN2624600PE,0.1502660953908381
19-01-2026 14:00||NIFTY27JAN2625300CE,0.1219675940436111
19-01-2026 14:00||NIFTY27JAN2625800CE,0.1081272303481216
19-01-2026 14:00||NIFTY27JAN2625900CE,0.1070200440868019
19-01-2026 14:00||NIFTY27JAN2626100CE,0.108312152594862
19-01-2026 14:05||NIFTY27JAN2623800PE,0.2175632947800994
19-01-2026 14:05||NIFTY27JAN2624200PE,0.1870385286041212
19-01-2026 14:05||NIFTY27JAN2624500PE,0.1611841382575347
19-01-2026 14:05||NIFTY27JAN2625000PE,0.124320258196913
19-01-2026 14:05||NIFTY27JAN2625400CE,0.1080186111392692
19-01-2026 14:05||NIFTY27JAN2626500CE,0.1226156469771468
19-01-2026 14:10||NIFTY27JAN2624400PE,0.1694092506652152
19-01-2026 14:10||NIFTY27JAN2624500PE,0.1606120162458175
19-01-2026 14:10||NIFTY27JAN2625100PE,0.1207692837007784
19-01-2026 14:10||NIFTY27JAN2625200CE,0.1003846518033101
19-01-2026 14:10||NIFTY27JAN2626100CE,0.1027032760769238
19-01-2026 14:15||NIFTY27JAN2623800PE,0.2146217125252336
19-01-2026 14:15||NIFTY27JAN2624100PE,0.1933150644422224
19-01-2026 14:15||NIFTY27JAN2624200PE,0.1847724370949879
19-01-2026 14:15||NIFTY27JAN2624500PE,0.1577861480390868
19-01-2026 14:15||NIFTY27JAN2624700PE,0.1407767947971492
19-01-2026 14:15||NIFTY27JAN2624800PE,0.133173857160062
19-01-2026 14:15||NIFTY27JAN2625100PE,0.114937988787997
19-01-2026 14:15||NIFTY27JAN2626400CE,0.1222255745979422
19-01-2026 14:20||NIFTY27JAN2624200PE,0.185428284070765
19-01-2026 14:20||NIFTY27JAN2624500PE,0.1596613459893863
19-01-2026 14:20||NIFTY27JAN2625800CE,0.1020825771736075
19-01-2026 14:20||NIFTY27JAN2626000CE,0.1027054818701704
19-01-2026 14:25||NIFTY27JAN2624000PE,0.2022807331045212
19-01-2026 14:25||NIFTY27JAN2625100PE,0.120190075027214
19-01-2026 14:25||NIFTY27JAN2625700CE,0.0983005221135025
19-01-2026 14:25||NIFTY27JAN2625900CE,0.0993374791519248
19-01-2026 14:25||NIFTY27JAN2626000CE,0.1010281246612382
19-01-2026 14:25||NIFTY27JAN2626500CE,0.1234734640631572
19-01-2026 14:30||NIFTY27JAN2624100PE,0.1932891626555892
19-01-2026 14:30||NIFTY27JAN2624300PE,0.1760799701930949
19-01-2026 14:30||NIFTY27JAN2624700PE,0.1428321233804282
19-01-2026 14:30||NIFTY27JAN2624800PE,0.135524556548824
19-01-2026 14:30||NIFTY27JAN2625000PE,0.1229778104309632
19-01-2026 14:35||NIFTY27JAN2623800PE,0.2153361880212732
19-01-2026 14:35||NIFTY27JAN2624300PE,0.1751773133688864
19-01-2026 14:35||NIFTY27JAN2625000PE,0.1223288724424829
19-01-2026 14:35||NIFTY27JAN2625800CE,0.1042029436337274
19-01-2026 14:35||NIFTY27JAN2626100CE,0.1062118218957028
19-01-2026 14:35||NIFTY27JAN2626300CE,0.1140716045494251
19-01-2026 14:35||NIFTY27JAN2626400CE,0.1202494872317264
19-01-2026 14:40||NIFTY27JAN2624000PE,0.2020577501287047
19-01-2026 14:40||NIFTY27JAN2624300PE,0.1767224988043836
19-01-2026 14:40||NIFTY27JAN2624700PE,0.1444953021686311
19-01-2026 14:40||NIFTY27JAN2625200CE,0.1120011903149157
19-01-2026 14:45||NIFTY27JAN2623900PE,0.2116144904359009
19-01-2026 14:45||NIFTY27JAN2624100PE,0.1947630497753439
19-01-2026 14:45||NIFTY27JAN2624400PE,0.1688563274196155
19-01-2026 14:45||NIFTY27JAN2624600PE,0.1524041844548942
19-01-2026 14:45||NIFTY27JAN2624800PE,0.1375443884942422
19-01-2026 14:45||NIFTY27JAN2625800CE,0.1002928020012379
19-01-2026 14:45||NIFTY27JAN2626000CE,0.1014983741725894
19-01-2026 14:50||NIFTY27JAN2624000PE,0.203972048744786
19-01-2026 14:50||NIFTY27JAN2624200PE,0.1870363516733067
19-01-2026 14:50||NIFTY27JAN2624500PE,0.16118218100839
19-01-2026 14:50||NIFTY27JAN2625100PE,0.1195534616063232
19-01-2026 14:50||NIFTY27JAN2625700CE,0.1021278513857388
19-01-2026 14:55||NIFTY27JAN2623800PE,0.2201591218521008
19-01-2026 14:55||NIFTY27JAN2624400PE,0.1706881610222725
19-01-2026 14:55||NIFTY27JAN2625300CE,0.105255530036842
19-01-2026 14:55||NIFTY27JAN2625400CE,0.1031333676399001
19-01-2026 14:55||NIFTY27JAN2626000CE,0.099537319914907
19-01-2026 14:55||NIFTY27JAN2626100CE,0.1018004133338889
19-01-2026 15:00||NIFTY27JAN2624300PE,0.1808187914615207
19-01-2026 15:00||NIFTY27JAN2625000PE,0.1283101947176242
19-01-2026 15:00||NIFTY27JAN2625600CE,0.0918371354962417
19-01-2026 15:00||NIFTY27JAN2626000CE,0.0943892890904091
19-01-2026 15:00||NIFTY27JAN2626300CE,0.1062170756850976
19-01-2026 15:05||NIFTY27JAN2623900PE,0.2101373220631985
19-01-2026 15:05||NIFTY27JAN2625700CE,0.0953263351224968
19-01-2026 15:05||NIFTY27JAN2626000CE,0.0972760974046558
19-01-2026 15:05||NIFTY27JAN2626400CE,0.1168511178606294
19-01-2026 15:10||NIFTY27JAN2624100PE,0.1925031146414818
19-01-2026 15:10||NIFTY27JAN2624300PE,0.1758207916502492
19-01-2026 15:10||NIFTY27JAN2624800PE,0.138687045109266
19-01-2026 15:10||NIFTY27JAN2625800CE,0.0967454311575261
19-01-2026 15:10||NIFTY27JAN2626100CE,0.1012465501391858
19-01-2026 15:15||NIFTY27JAN2624200PE,0.1851397549633439
19-01-2026 15:15||NIFTY27JAN2624400PE,0.1688078399402952
19-01-2026 15:15||NIFTY27JAN2624500PE,0.1609903459339356
19-01-2026 15:15||NIFTY27JAN2624600PE,0.1534859732100495
19-01-2026 15:15||NIFTY27JAN2624700PE,0.1463534561301765
19-01-2026 15:15||NIFTY27JAN2625300CE,0.0843503166837904
19-01-2026 15:15||NIFTY27JAN2625400CE,0.0878951811411417
19-01-2026 15:15||NIFTY27JAN2626200CE,0.1030965723086299
19-01-2026 15:20||NIFTY27JAN2624500PE,0.156997981872584
19-01-2026 15:20||NIFTY27JAN2625200CE,0.0978442145912983
19-01-2026 15:20||NIFTY27JAN2625800CE,0.0963432243977637
19-01-2026 15:20||NIFTY27JAN2626400CE,0.1213225360141343
19-01-2026 15:20||NIFTY27JAN2626500CE,0.1280633204591401
19-01-2026 15:25||NIFTY27JAN2624300PE,0.1732088354329587
19-01-2026 15:25||NIFTY27JAN2624400PE,0.1652717674313492
19-01-2026 15:25||NIFTY27JAN2624700PE,0.1433528039573383
19-01-2026 15:25||NIFTY27JAN2625800CE,0.0952067169945424
19-01-2026 15:25||NIFTY27JAN2626300CE,0.1124214636994925
20-01-2026 09:15||NIFTY27JAN2623900PE,0.2084126875373849
20-01-2026 09:15||NIFTY27JAN2624000PE,0.1995360234959902
20-01-2026 09:15||NIFTY27JAN2624100PE,0.1908929637161524
20-01-2026 09:15||NIFTY27JAN2624400PE,0.1665595580653149
20-01-2026 09:15||NIFTY27JAN2624600PE,0.1518524822037961
20-01-2026 09:15||NIFTY27JAN2625200CE,0.1092845213646619
20-01-2026 09:15||NIFTY27JAN2625500CE,0.1041655171738331
20-01-2026 09:15||NIFTY27JAN2626200CE,0.1128121947536932
20-01-2026 09:15||NIFTY27JAN2626300CE,0.118572822600756
20-01-2026 09:15||NIFTY27JAN2626400CE,0.1257982483009228
20-01-2026 09:20||NIFTY27JAN2623800PE,0.2148802484758439
20-01-2026 09:20||NIFTY27JAN2624000PE,0.198376941491688
20-01-2026 09:20||NIFTY27JAN2624700PE,0.1459711316929333
20-01-2026 09:20||NIFTY27JAN2625200CE,0.0846564921068227
20-01-2026 09:20||NIFTY27JAN2625400CE,0.0893100623414073
20-01-2026 09:20||NIFTY27JAN2625500CE,0.0912391945873483
20-01-2026 09:20||NIFTY27JAN2625800CE,0.0967858378641109
20-01-2026 09:20||NIFTY27JAN2626300CE,0.1186068734189957
20-01-2026 09:20||NIFTY27JAN2626500CE,0.1328305293272284
20-01-2026 09:25||NIFTY27JAN2623900PE,0.2035796444576868
20-01-2026 09:25||NIFTY27JAN2625000PE,0.1249619766074223
20-01-2026 09:25||NIFTY27JAN2625400CE,0.1041884614804973
20-01-2026 09:30||NIFTY27JAN2623900PE,0.2028957637169682
20-01-2026 09:30||NIFTY27JAN2624400PE,0.1596769943398038
20-01-2026 09:30||NIFTY27JAN2624800PE,0.1321275977907375
20-01-2026 09:30||NIFTY27JAN2625700CE,0.1078914359271016
20-01-2026 09:30||NIFTY27JAN2626100CE,0.1156620095764004
20-01-2026 09:30||NIFTY27JAN2626300CE,0.1275046882605202
20-01-2026 09:35||NIFTY27JAN2624500PE,0.1533822671157694
20-01-2026 09:35||NIFTY27JAN2625200CE,0.1063203956830407
20-01-2026 09:35||NIFTY27JAN2625700CE,0.1055317141528863
20-01-2026 09:35||NIFTY27JAN2625800CE,0.1068119827590673
20-01-2026 09:35||NIFTY27JAN2626200CE,0.1216186109881442
20-01-2026 09:40||NIFTY27JAN2623800PE,0.2140560621787728
20-01-2026 09:40||NIFTY27JAN2624100PE,0.1865922252579206
20-01-2026 09:40||NIFTY27JAN2625000PE,0.1212979823559006
20-01-2026 09:40||NIFTY27JAN2625900CE,0.1128356346446279
20-01-2026 09:40||NIFTY27JAN2626100CE,0.118885094151232
20-01-2026 09:40||NIFTY27JAN2626200CE,0.1241725128822774
20-01-2026 09:40||NIFTY27JAN2626400CE,0.1399254535547487
20-01-2026 09:45||NIFTY27JAN2624800PE,0.133404024161219
20-01-2026 09:45||NIFTY27JAN2625500CE,0.112292865217445
20-01-2026 09:45||NIFTY27JAN2626200CE,0.1245156202225843
20-01-2026 09:45||NIFTY27JAN2626300CE,0.131413446987702
20-01-2026 09:50||NIFTY27JAN2624100PE,0.1887202762864842
20-01-2026 09:50||NIFTY27JAN2624800PE,0.1357106779996889
20-01-2026 09:50||NIFTY27JAN2625100PE,0.1236920425805222
20-01-2026 09:50||NIFTY27JAN2625200CE,0.1029540104769987
20-01-2026 09:55||NIFTY27JAN2623900PE,0.2044775379941837
20-01-2026 09:55||NIFTY27JAN2624100PE,0.1855553838621947
20-01-2026 09:55||NIFTY27JAN2625000PE,0.122200317877479
20-01-2026 10:00||NIFTY27JAN2623900PE,0.2062330612646719
20-01-2026 10:00||NIFTY27JAN2624600PE,0.1456624691640521
20-01-2026 10:00||NIFTY27JAN2624700PE,0.1387344693373483
20-01-2026 10:00||NIFTY27JAN2625200CE,0.12089242077856
20-01-2026 10:00||NIFTY27JAN2625400CE,0.1151874429024227
20-01-2026 10:00||NIFTY27JAN2625700CE,0.1108441023736392
20-01-2026 10:00||NIFTY27JAN2626000CE,0.1155132039196765
20-01-2026 10:00||NIFTY27JAN2626200CE,0.1246205454412022
20-01-2026 10:05||NIFTY27JAN2626100CE,0.1189316748999385
20-01-2026 10:05||NIFTY27JAN2626200CE,0.1241535781550422
20-01-2026 10:05||NIFTY27JAN2626500CE,0.1452553135287835
20-01-2026 10:10||NIFTY27JAN2624900PE,0.1300463407443338
20-01-2026 10:10||NIFTY27JAN2625100PE,0.1216862196208914
20-01-2026 10:10||NIFTY27JAN2626500CE,0.143092555522286
20-01-2026 10:15||NIFTY27JAN2624000PE,0.1946234817257335
20-01-2026 10:15||NIFTY27JAN2625800CE,0.1121980610147394
20-01-2026 10:15||NIFTY27JAN2626300CE,0.1305572723421503
20-01-2026 10:20||NIFTY27JAN2624100PE,0.1875474010514823
20-01-2026 10:20||NIFTY27JAN2625700CE,0.1056040912356119
20-01-2026 10:20||NIFTY27JAN2626000CE,0.1112290674064263
20-01-2026 10:25||NIFTY27JAN2623800PE,0.2142937274280106
20-01-2026 10:25||NIFTY27JAN2624700PE,0.1395273728168608
20-01-2026 10:25||NIFTY27JAN2625000PE,0.1233393014131574
20-01-2026 10:25||NIFTY27JAN2625800CE,0.1057888608477436
20-01-2026 10:25||NIFTY27JAN2626200CE,0.1185490272686399
20-01-2026 10:25||NIFTY27JAN2626400CE,0.1339264800860644
20-01-2026 10:30||NIFTY27JAN2623900PE,0.2063480560480445
20-01-2026 10:30||NIFTY27JAN2624000PE,0.1971153510760659
20-01-2026 10:30||NIFTY27JAN2624300PE,0.170050217730734
20-01-2026 10:30||NIFTY27JAN2624600PE,0.1460093890537337
20-01-2026 10:30||NIFTY27JAN2625500CE,0.1077859968075519
20-01-2026 10:30||NIFTY27JAN2625700CE,0.1071677076932713
20-01-2026 10:30||NIFTY27JAN2625800CE,0.107972875787178
20-01-2026 10:35||NIFTY27JAN2624300PE,0.1686177124449726
20-01-2026 10:35||NIFTY27JAN2624700PE,0.1368285344685892
20-01-2026 10:35||NIFTY27JAN2625200CE,0.1305358600122209
20-01-2026 10:35||NIFTY27JAN2625400CE,0.1204931599787518
20-01-2026 10:35||NIFTY27JAN2625900CE,0.11226616726856
20-01-2026 10:40||NIFTY27JAN2624000PE,0.1981069518414203
20-01-2026 10:40||NIFTY27JAN2624300PE,0.1706257704101766
20-01-2026 10:40||NIFTY27JAN2625800CE,0.1049204038107326
20-01-2026 10:40||NIFTY27JAN2626000CE,0.1089286752650855
20-01-2026 10:45||NIFTY27JAN2624900PE,0.1261278416959737
20-01-2026 10:45||NIFTY27JAN2625900CE,0.1083907969257288
20-01-2026 10:45||NIFTY27JAN2626200CE,0.1193196338321112
20-01-2026 10:45||NIFTY27JAN2626400CE,0.1334848775785384
20-01-2026 10:50||NIFTY27JAN2623800PE,0.2154235168493466
20-01-2026 10:50||NIFTY27JAN2624100PE,0.1888785546321009
20-01-2026 10:50||NIFTY27JAN2625300CE,0.1048225498720271
20-01-2026 10:50||NIFTY27JAN2626200CE,0.1187587345278381
20-01-2026 10:55||NIFTY27JAN2624200PE,0.1788013959767511
20-01-2026 10:55||NIFTY27JAN2624500PE,0.1531720862748943
20-01-2026 10:55||NIFTY27JAN2624600PE,0.1455426971749046
20-01-2026 10:55||NIFTY27JAN2624700PE,0.1385121513889843
20-01-2026 10:55||NIFTY27JAN2624800PE,0.1321624679095897
20-01-2026 10:55||NIFTY27JAN2625300CE,0.1087065660134033
20-01-2026 10:55||NIFTY27JAN2625400CE,0.1074518535672739
20-01-2026 10:55||NIFTY27JAN2625900CE,0.1093107452928304
20-01-2026 10:55||NIFTY27JAN2626400CE,0.1349892879785421
20-01-2026 11:00||NIFTY27JAN2623800PE,0.2146006160084894
20-01-2026 11:00||NIFTY27JAN2624000PE,0.196763952466976
20-01-2026 11:00||NIFTY27JAN2624400PE,0.1602102565108914
20-01-2026 11:00||NIFTY27JAN2625300CE,0.1075449132224028
20-01-2026 11:05||NIFTY27JAN2623800PE,0.2147196324673549
20-01-2026 11:05||NIFTY27JAN2624400PE,0.1595037643765612
20-01-2026 11:05||NIFTY27JAN2624500PE,0.1514214830905549
20-01-2026 11:05||NIFTY27JAN2625400CE,0.1065957483113709
20-01-2026 11:05||NIFTY27JAN2625500CE,0.1053904686395754
20-01-2026 11:05||NIFTY27JAN2625800CE,0.1068116947573424
20-01-2026 11:05||NIFTY27JAN2626300CE,0.1284989343086602
20-01-2026 11:10||NIFTY27JAN2624500PE,0.1504874354216263
20-01-2026 11:10||NIFTY27JAN2624900PE,0.1249735613687679
20-01-2026 11:10||NIFTY27JAN2625200CE,0.1129807313870285
20-01-2026 11:10||NIFTY27JAN2625600CE,0.1060107080103242
20-01-2026 11:15||NIFTY27JAN2623800PE,0.211122263954825
20-01-2026 11:15||NIFTY27JAN2624300PE,0.1656558317932093
20-01-2026 11:15||NIFTY27JAN2624700PE,0.1349369743580563
20-01-2026 11:15||NIFTY27JAN2625000PE,0.1188369715777853
20-01-2026 11:15||NIFTY27JAN2625300CE,0.1148171607300871
20-01-2026 11:15||NIFTY27JAN2625600CE,0.1070430820709969
20-01-2026 11:20||NIFTY27JAN2624500PE,0.149128243769385
20-01-2026 11:20||NIFTY27JAN2625700CE,0.1078762808771787
20-01-2026 11:20||NIFTY27JAN2626200CE,0.1224355893524308
20-01-2026 11:25||NIFTY27JAN2624000PE,0.1925151747174374
20-01-2026 11:25||NIFTY27JAN2624300PE,0.1648247438895905
20-01-2026 11:25||NIFTY27JAN2624900PE,0.1213678351051202
20-01-2026 11:25||NIFTY27JAN2625200CE,0.1246536524891683
20-01-2026 11:25||NIFTY27JAN2625300CE,0.1207705143540007
20-01-2026 11:25||NIFTY27JAN2625700CE,0.1097031828352571
20-01-2026 11:25||NIFTY27JAN2626100CE,0.1184925295534093
20-01-2026 11:30||NIFTY27JAN2623900PE,0.2044030057908246
20-01-2026 11:30||NIFTY27JAN2624200PE,0.1760739256938043
20-01-2026 11:30||NIFTY27JAN2624900PE,0.123945593247292
20-01-2026 11:30||NIFTY27JAN2625200CE,0.1143464829110168
20-01-2026 11:30||NIFTY27JAN2625700CE,0.1065006761580809
20-01-2026 11:30||NIFTY27JAN2625800CE,0.1074827198328818
20-01-2026 11:30||NIFTY27JAN2626000CE,0.1125602897126818
20-01-2026 11:35||NIFTY27JAN2623800PE,0.2129953223172209
20-01-2026 11:35||NIFTY27JAN2625900CE,0.1078213744543357
20-01-2026 11:35||NIFTY27JAN2626300CE,0.128555810048199
20-01-2026 11:35||NIFTY27JAN2626500CE,0.142472872818628
20-01-2026 11:40||NIFTY27JAN2623800PE,0.2116886867130767
20-01-2026 11:40||NIFTY27JAN2624000PE,0.1942085943700982
20-01-2026 11:40||NIFTY27JAN2624100PE,0.1851534661524482
20-01-2026 11:40||NIFTY27JAN2624700PE,0.1339632579582974
20-01-2026 11:40||NIFTY27JAN2624800PE,0.1273981221861663
20-01-2026 11:40||NIFTY27JAN2625100PE,0.1126461905084603
20-01-2026 11:40||NIFTY27JAN2625300CE,0.1158149073126718
20-01-2026 11:45||NIFTY27JAN2623900PE,0.2042604617287259
20-01-2026 11:45||NIFTY27JAN2624500PE,0.1496069996667403
20-01-2026 11:45||NIFTY27JAN2625600CE,0.1072356107290458
20-01-2026 11:45||NIFTY27JAN2625800CE,0.1071732181866957
20-01-2026 11:45||NIFTY27JAN2625900CE,0.1089055500355666
20-01-2026 11:45||NIFTY27JAN2626000CE,0.1118488279091541
20-01-2026 11:50||NIFTY27JAN2624200PE,0.1766296762888059
20-01-2026 11:50||NIFTY27JAN2624600PE,0.1423493313082711
20-01-2026 11:50||NIFTY27JAN2624700PE,0.134908466861731
20-01-2026 11:50||NIFTY27JAN2624900PE,0.1220059743939739
20-01-2026 11:50||NIFTY27JAN2625400CE,0.1103145689896987
20-01-2026 11:50||NIFTY27JAN2625700CE,0.1053736793455544
20-01-2026 11:50||NIFTY27JAN2626300CE,0.1271714882611939
20-01-2026 11:55||NIFTY27JAN2623800PE,0.2181039912981566
20-01-2026 11:55||NIFTY27JAN2623900PE,0.208248308521308
20-01-2026 11:55||NIFTY27JAN2624000PE,0.1984427243925572
20-01-2026 11:55||NIFTY27JAN2624100PE,0.1886906780010675
20-01-2026 11:55||NIFTY27JAN2625800CE,0.1027811575911469
20-01-2026 11:55||NIFTY27JAN2625900CE,0.1054254197607988
20-01-2026 12:00||NIFTY27JAN2623800PE,0.2133683156600225
20-01-2026 12:00||NIFTY27JAN2624400PE,0.1598844702581222
20-01-2026 12:00||NIFTY27JAN2624600PE,0.143707541299878
20-01-2026 12:00||NIFTY27JAN2624700PE,0.1365634806407387
20-01-2026 12:00||NIFTY27JAN2625800CE,0.1027043651379458
20-01-2026 12:00||NIFTY27JAN2625900CE,0.1054479731297912
20-01-2026 12:05||NIFTY27JAN2624700PE,0.1364541525271499
20-01-2026 12:05||NIFTY27JAN2624900PE,0.1250099738466162
20-01-2026 12:05||NIFTY27JAN2625800CE,0.1029672790969363
20-01-2026 12:10||NIFTY27JAN2624200PE,0.1748900738558681
20-01-2026 12:10||NIFTY27JAN2624500PE,0.1488726815073756
20-01-2026 12:10||NIFTY27JAN2624600PE,0.1411277922059313
20-01-2026 12:10||NIFTY27JAN2624700PE,0.1339989577657779
20-01-2026 12:10||NIFTY27JAN2624800PE,0.1275741406075055
20-01-2026 12:10||NIFTY27JAN2624900PE,0.1219391127588994
20-01-2026 12:15||NIFTY27JAN2624300PE,0.1666842511098021
20-01-2026 12:15||NIFTY27JAN2624500PE,0.1495419498019437
20-01-2026 12:15||NIFTY27JAN2625000PE,0.1179815417970548
20-01-2026 12:15||NIFTY27JAN2625100PE,0.1127722757774033
20-01-2026 12:15||NIFTY27JAN2625400CE,0.103769170438376
20-01-2026 12:15||NIFTY27JAN2626400CE,0.139908964162858
20-01-2026 12:20||NIFTY27JAN2623900PE,0.204066492802375
20-01-2026 12:20||NIFTY27JAN2624000PE,0.194203481869148
20-01-2026 12:20||NIFTY27JAN2624100PE,0.1844769548356178
20-01-2026 12:20||NIFTY27JAN2625200CE,0.1066167174246516
20-01-2026 12:20||NIFTY27JAN2625300CE,0.105259884961888
20-01-2026 12:20||NIFTY27JAN2625700CE,0.1037069034148792
20-01-2026 12:20||NIFTY27JAN2625800CE,0.1057979417693835
20-01-2026 12:20||NIFTY27JAN2625900CE,0.1089404123336973
20-01-2026 12:25||NIFTY27JAN2623800PE,0.2096577999923908
20-01-2026 12:25||NIFTY27JAN2625000PE,0.1140450036476146
20-01-2026 12:25||NIFTY27JAN2625100PE,0.1083769986273855
20-01-2026 12:25||NIFTY27JAN2625700CE,0.1079366938978512
20-01-2026 12:25||NIFTY27JAN2626000CE,0.1145539736678037
20-01-2026 12:30||NIFTY27JAN2623800PE,0.2133579469401018
20-01-2026 12:30||NIFTY27JAN2623900PE,0.2036708394721047
20-01-2026 12:30||NIFTY27JAN2624900PE,0.1216311569180082
20-01-2026 12:30||NIFTY27JAN2625000PE,0.115414286638359
20-01-2026 12:30||NIFTY27JAN2625100PE,0.1093048726853363
20-01-2026 12:30||NIFTY27JAN2625300CE,0.1070854889827894
20-01-2026 12:30||NIFTY27JAN2626000CE,0.1128589334072258
20-01-2026 12:35||NIFTY27JAN2623800PE,0.209689306680339
20-01-2026 12:35||NIFTY27JAN2624200PE,0.1741659039387262
20-01-2026 12:35||NIFTY27JAN2625000PE,0.1167236566075438
20-01-2026 12:35||NIFTY27JAN2625200CE,0.1140878121463469
20-01-2026 12:35||NIFTY27JAN2625500CE,0.10718324100839
20-01-2026 12:35||NIFTY27JAN2625700CE,0.1068851041341298
20-01-2026 12:35||NIFTY27JAN2625800CE,0.1084201421472875
20-01-2026 12:35||NIFTY27JAN2626200CE,0.1261812954056708
20-01-2026 12:35||NIFTY27JAN2626300CE,0.1336061761422783
20-01-2026 12:40||NIFTY27JAN2623800PE,0.2099341342315274
20-01-2026 12:40||NIFTY27JAN2624000PE,0.1925551098060417
20-01-2026 12:40||NIFTY27JAN2624300PE,0.1651977935221706
20-01-2026 12:40||NIFTY27JAN2624600PE,0.141124724726225
20-01-2026 12:40||NIFTY27JAN2624700PE,0.1342589934906852
20-01-2026 12:40||NIFTY27JAN2625400CE,0.1046253599990444
20-01-2026 12:40||NIFTY27JAN2626100CE,0.1193746924495284
20-01-2026 12:45||NIFTY27JAN2623800PE,0.208405457030949
20-01-2026 12:45||NIFTY27JAN2624300PE,0.1640597663375758
20-01-2026 12:45||NIFTY27JAN2624400PE,0.1554433214183893
20-01-2026 12:45||NIFTY27JAN2625100PE,0.1125013659070616
20-01-2026 12:50||NIFTY27JAN2624200PE,0.1742727034167186
20-01-2026 12:50||NIFTY27JAN2625600CE,0.106351447559578
20-01-2026 12:50||NIFTY27JAN2626000CE,0.1135740701700191
20-01-2026 12:50||NIFTY27JAN2626200CE,0.1243915228597705
20-01-2026 12:55||NIFTY27JAN2624900PE,0.1212503254954373
20-01-2026 12:55||NIFTY27JAN2625400CE,0.1086444586328682
20-01-2026 13:00||NIFTY27JAN2623900PE,0.2033109709220318
20-01-2026 13:00||NIFTY27JAN2624200PE,0.1757183316499289
20-01-2026 13:00||NIFTY27JAN2625100PE,0.1130510088921201
20-01-2026 13:00||NIFTY27JAN2625800CE,0.1073711868352532
20-01-2026 13:00||NIFTY27JAN2625900CE,0.1100649345248495
20-01-2026 13:00||NIFTY27JAN2626400CE,0.1417467437258794
20-01-2026 13:05||NIFTY27JAN2624200PE,0.1752555325336078
20-01-2026 13:05||NIFTY27JAN2624900PE,0.122050648481559
20-01-2026 13:05||NIFTY27JAN2625300CE,0.1084733221037472
20-01-2026 13:05||NIFTY27JAN2625400CE,0.1063606306855357
20-01-2026 13:05||NIFTY27JAN2625600CE,0.104693839988225
20-01-2026 13:05||NIFTY27JAN2626500CE,0.1488955420936964
20-01-2026 13:10||NIFTY27JAN2624000PE,0.1939354932380847
20-01-2026 13:10||NIFTY27JAN2624400PE,0.1577968037656114
20-01-2026 13:10||NIFTY27JAN2624700PE,0.1344271102376723
20-01-2026 13:10||NIFTY27JAN2625000PE,0.1177278525125918
20-01-2026 13:10||NIFTY27JAN2626000CE,0.1131090852561242
20-01-2026 13:10||NIFTY27JAN2626400CE,0.1419121331153528
20-01-2026 13:15||NIFTY27JAN2623900PE,0.2025938132500465
20-01-2026 13:15||NIFTY27JAN2624600PE,0.1403080887687223
20-01-2026 13:15||NIFTY27JAN2624900PE,0.1208275873360274
20-01-2026 13:15||NIFTY27JAN2625000PE,0.1158999519860216
20-01-2026 13:15||NIFTY27JAN2625200CE,0.1170105069744096
20-01-2026 13:15||NIFTY27JAN2626000CE,0.1154764651902715
20-01-2026 13:15||NIFTY27JAN2626200CE,0.1265853723201643
20-01-2026 13:20||NIFTY27JAN2624200PE,0.176328944840188
20-01-2026 13:20||NIFTY27JAN2624600PE,0.1429152658660796
20-01-2026 13:20||NIFTY27JAN2625000PE,0.1193025563308585
20-01-2026 13:20||NIFTY27JAN2625700CE,0.1045587260684676
20-01-2026 13:20||NIFTY27JAN2626100CE,0.1170650916612087
20-01-2026 13:20||NIFTY27JAN2626200CE,0.1229495962502329
20-01-2026 13:25||NIFTY27JAN2623800PE,0.2109038115456669
20-01-2026 13:25||NIFTY27JAN2624100PE,0.1841892495256056
20-01-2026 13:25||NIFTY27JAN2624700PE,0.1339577495807764
20-01-2026 13:25||NIFTY27JAN2625000PE,0.1174773181683038
20-01-2026 13:25||NIFTY27JAN2625800CE,0.1081285232662949
20-01-2026 13:30||NIFTY27JAN2624100PE,0.1839948872642038
20-01-2026 13:30||NIFTY27JAN2624700PE,0.1346182685373914
20-01-2026 13:30||NIFTY27JAN2624900PE,0.1233553325684978
20-01-2026 13:30||NIFTY27JAN2626000CE,0.1135574887846361
20-01-2026 13:35||NIFTY27JAN2625100PE,0.1172482209874439
20-01-2026 13:35||NIFTY27JAN2625800CE,0.1088465834000063
20-01-2026 13:40||NIFTY27JAN2623800PE,0.2094616870258036
20-01-2026 13:40||NIFTY27JAN2624600PE,0.1395402537044976
20-01-2026 13:40||NIFTY27JAN2625000PE,0.1160522835539351
20-01-2026 13:45||NIFTY27JAN2624000PE,0.1932737898046527
20-01-2026 13:45||NIFTY27JAN2624400PE,0.1577446795671541
20-01-2026 13:45||NIFTY27JAN2624600PE,0.1422415188146703
20-01-2026 13:50||NIFTY27JAN2624000PE,0.1923978749475952
20-01-2026 13:50||NIFTY27JAN2624100PE,0.1830116360880981
20-01-2026 13:50||NIFTY27JAN2624200PE,0.1738323996817455
20-01-2026 13:50||NIFTY27JAN2624300PE,0.1649401702521158
20-01-2026 13:50||NIFTY27JAN2624500PE,0.1483268356650635
20-01-2026 13:50||NIFTY27JAN2625200CE,0.118337775408014
20-01-2026 13:50||NIFTY27JAN2625400CE,0.1118404897373535
20-01-2026 13:50||NIFTY27JAN2626000CE,0.1197788926014152
20-01-2026 13:50||NIFTY27JAN2626100CE,0.1253742341829716
20-01-2026 13:55||NIFTY27JAN2624400PE,0.1572629385679875
20-01-2026 13:55||NIFTY27JAN2625200CE,0.1191655518727454
20-01-2026 13:55||NIFTY27JAN2625400CE,0.1120902655723864
20-01-2026 13:55||NIFTY27JAN2625600CE,0.1091421640416473
20-01-2026 14:00||NIFTY27JAN2624100PE,0.1863745045528296
20-01-2026 14:00||NIFTY27JAN2624200PE,0.1766454032001991
20-01-2026 14:00||NIFTY27JAN2624800PE,0.129126190751594
20-01-2026 14:00||NIFTY27JAN2624900PE,0.1235577083759693
20-01-2026 14:00||NIFTY27JAN2625000PE,0.1181974367791058
20-01-2026 14:00||NIFTY27JAN2625100PE,0.1130717656233043
20-01-2026 14:00||NIFTY27JAN2625200CE,0.1153095890861317
20-01-2026 14:00||NIFTY27JAN2626100CE,0.125371349909054
20-01-2026 14:05||NIFTY27JAN2623800PE,0.2123255490765737
20-01-2026 14:05||NIFTY27JAN2625100PE,0.115516225477985
20-01-2026 14:05||NIFTY27JAN2625200CE,0.1141339535525158
20-01-2026 14:05||NIFTY27JAN2626100CE,0.1267185528062282
20-01-2026 14:05||NIFTY27JAN2626400CE,0.1497634470956658
20-01-2026 14:10||NIFTY27JAN2624000PE,0.194031597556636
20-01-2026 14:10||NIFTY27JAN2624200PE,0.1758176575732468
20-01-2026 14:10||NIFTY27JAN2624500PE,0.1504242203123215
20-01-2026 14:10||NIFTY27JAN2624900PE,0.1235098333784303
20-01-2026 14:10||NIFTY27JAN2625000PE,0.1185197364130581
20-01-2026 14:10||NIFTY27JAN2625500CE,0.1107513395630463
20-01-2026 14:10||NIFTY27JAN2625700CE,0.1117259248905235
20-01-2026 14:10||NIFTY27JAN2626100CE,0.1274573017692527
20-01-2026 14:10||NIFTY27JAN2626200CE,0.1340981868832193
20-01-2026 14:10||NIFTY27JAN2626300CE,0.1417684065458219
20-01-2026 14:15||NIFTY27JAN2623800PE,0.2111595335408427
20-01-2026 14:15||NIFTY27JAN2624100PE,0.1840622096511475
20-01-2026 14:15||NIFTY27JAN2624500PE,0.1506728936398556
20-01-2026 14:15||NIFTY27JAN2624600PE,0.1433488252615619
20-01-2026 14:15||NIFTY27JAN2624900PE,0.1250781301353737
20-01-2026 14:15||NIFTY27JAN2625200CE,0.1118163474365693
20-01-2026 14:15||NIFTY27JAN2625400CE,0.1080448416929175
20-01-2026 14:15||NIFTY27JAN2626000CE,0.1199539199752542
20-01-2026 14:15||NIFTY27JAN2626300CE,0.1403293513419758
20-01-2026 14:15||NIFTY27JAN2626500CE,0.1560013196501081
20-01-2026 14:20||NIFTY27JAN2625400CE,0.1146155292971751
20-01-2026 14:20||NIFTY27JAN2625700CE,0.1129243109734822
20-01-2026 14:20||NIFTY27JAN2626500CE,0.1571504244375864
20-01-2026 14:25||NIFTY27JAN2624100PE,0.1852009198700799
20-01-2026 14:25||NIFTY27JAN2624600PE,0.1425125280226158
20-01-2026 14:25||NIFTY27JAN2625400CE,0.1128957348196695
20-01-2026 14:25||NIFTY27JAN2625900CE,0.1158869793213541
20-01-2026 14:30||NIFTY27JAN2624000PE,0.1955959051822413
20-01-2026 14:30||NIFTY27JAN2624600PE,0.1451576551788175
20-01-2026 14:30||NIFTY27JAN2625400CE,0.1065117752763725
20-01-2026 14:30||NIFTY27JAN2625500CE,0.1057156969896888
20-01-2026 14:30||NIFTY27JAN2625800CE,0.1095270249157083
20-01-2026 14:30||NIFTY27JAN2626000CE,0.1174648515601958
20-01-2026 14:30||NIFTY27JAN2626400CE,0.1438926819046287
20-01-2026 14:30||NIFTY27JAN2626500CE,0.1509513613116467
20-01-2026 14:35||NIFTY27JAN2624600PE,0.1470365472420985
20-01-2026 14:35||NIFTY27JAN2624800PE,0.1338241111159432
20-01-2026 14:35||NIFTY27JAN2625600CE,0.1057582087524692
20-01-2026 14:35||NIFTY27JAN2626000CE,0.1169075549340832
20-01-2026 14:35||NIFTY27JAN2626300CE,0.1357371885604741
20-01-2026 14:40||NIFTY27JAN2623800PE,0.215810958235175
20-01-2026 14:40||NIFTY27JAN2625200CE,0.1109831959743665
20-01-2026 14:40||NIFTY27JAN2625500CE,0.1058874791709983
20-01-2026 14:45||NIFTY27JAN2624600PE,0.1454764391039001
20-01-2026 14:45||NIFTY27JAN2625500CE,0.1091486864123287
20-01-2026 14:45||NIFTY27JAN2626000CE,0.1201284042482582
20-01-2026 14:45||NIFTY27JAN2626100CE,0.1255479155358353
20-01-2026 14:50||NIFTY27JAN2624000PE,0.1990499455818148
20-01-2026 14:50||NIFTY27JAN2624200PE,0.1797912308145691
20-01-2026 14:50||NIFTY27JAN2624900PE,0.1272228472116572
20-01-2026 14:50||NIFTY27JAN2625100PE,0.1181109503675123
20-01-2026 14:50||NIFTY27JAN2625500CE,0.1029533460688009
20-01-2026 14:50||NIFTY27JAN2625900CE,0.1128023289096716
20-01-2026 14:55||NIFTY27JAN2623900PE,0.208910766936499
20-01-2026 14:55||NIFTY27JAN2624000PE,0.1986988046742134
20-01-2026 14:55||NIFTY27JAN2624100PE,0.1886978249899957
20-01-2026 14:55||NIFTY27JAN2626000CE,0.11762791271136
20-01-2026 15:00||NIFTY27JAN2624800PE,0.1290100089594605
20-01-2026 15:00||NIFTY27JAN2625600CE,0.1071442945124687
20-01-2026 15:00||NIFTY27JAN2626100CE,0.1308123570265513
20-01-2026 15:00||NIFTY27JAN2626200CE,0.1380094284538768
20-01-2026 15:00||NIFTY27JAN2626400CE,0.154661598282911
20-01-2026 15:05||NIFTY27JAN2623900PE,0.20621559114822
20-01-2026 15:05||NIFTY27JAN2624300PE,0.1671079315215336
20-01-2026 15:05||NIFTY27JAN2625000PE,0.1255160806268832
20-01-2026 15:05||NIFTY27JAN2625200CE,0.0974644461417481
20-01-2026 15:05||NIFTY27JAN2626100CE,0.1299694988298083
20-01-2026 15:05||NIFTY27JAN2626200CE,0.1370568812164744
20-01-2026 15:10||NIFTY27JAN2624300PE,0.1656303666891096
20-01-2026 15:10||NIFTY27JAN2625100PE,0.1289280910982007
20-01-2026 15:10||NIFTY27JAN2625300CE,0.1003789595909176
20-01-2026 15:10||NIFTY27JAN2625400CE,0.1023101066906977
20-01-2026 15:10||NIFTY27JAN2625900CE,0.1241540934001685
20-01-2026 15:10||NIFTY27JAN2626100CE,0.1371382893952953
20-01-2026 15:15||NIFTY27JAN2624000PE,0.2031699192568798
20-01-2026 15:15||NIFTY27JAN2624200PE,0.1815968088228174
20-01-2026 15:15||NIFTY27JAN2624500PE,0.1554279335794812
20-01-2026 15:15||NIFTY27JAN2624800PE,0.1373444467087954
20-01-2026 15:15||NIFTY27JAN2625000PE,0.1286530327827579
20-01-2026 15:15||NIFTY27JAN2625100PE,0.1241959354781694
20-01-2026 15:15||NIFTY27JAN2625700CE,0.1160995055305141
20-01-2026 15:15||NIFTY27JAN2625900CE,0.1261103300952904
20-01-2026 15:15||NIFTY27JAN2626000CE,0.1321104735390175
20-01-2026 15:15||NIFTY27JAN2626200CE,0.1458301021483096
20-01-2026 15:20||NIFTY27JAN2623800PE,0.2186574585750274
20-01-2026 15:20||NIFTY27JAN2624200PE,0.1779486711180269
20-01-2026 15:20||NIFTY27JAN2624500PE,0.1507273945063438
20-01-2026 15:20||NIFTY27JAN2625500CE,0.1180049057890678
20-01-2026 15:20||NIFTY27JAN2625700CE,0.1228226713414515
20-01-2026 15:20||NIFTY27JAN2626400CE,0.1647549503184466
20-01-2026 15:25||NIFTY27JAN2623800PE,0.2207076850476222
20-01-2026 15:25||NIFTY27JAN2625100PE,0.1098900457213613
20-01-2026 15:25||NIFTY27JAN2625200CE,0.1363420808912342
20-01-2026 15:25||NIFTY27JAN2625300CE,0.1328860969061216
20-01-2026 15:25||NIFTY27JAN2625900CE,0.1338093291263443
20-01-2026 15:25||NIFTY27JAN2626200CE,0.1510991482233756
21-01-2026 09:15||NIFTY27JAN2625200CE,0.159236395895557
21-01-2026 09:15||NIFTY27JAN2625400CE,0.1457186268387066
21-01-2026 09:15||NIFTY27JAN2625900CE,0.1427417918655835
21-01-2026 09:15||NIFTY27JAN2626200CE,0.1586876981647073
21-01-2026 09:20||NIFTY27JAN2623900PE,0.2196808638202655
21-01-2026 09:20||NIFTY27JAN2624300PE,0.1780012004317072
21-01-2026 09:20||NIFTY27JAN2624400PE,0.1683190757230718
21-01-2026 09:25||NIFTY27JAN2624000PE,0.2189438956289066
21-01-2026 09:25||NIFTY27JAN2624300PE,0.1882283163655768
21-01-2026 09:25||NIFTY27JAN2624400PE,0.1783422166383019
21-01-2026 09:25||NIFTY27JAN2625100PE,0.1267726030629004
21-01-2026 09:25||NIFTY27JAN2625300CE,0.1095503608057785
21-01-2026 09:25||NIFTY27JAN2625600CE,0.1108868258245877
21-01-2026 09:25||NIFTY27JAN2625800CE,0.1185739519086934
21-01-2026 09:30||NIFTY27JAN2623800PE,0.2357934993078099
21-01-2026 09:30||NIFTY27JAN2623900PE,0.225263315798484
21-01-2026 09:30||NIFTY27JAN2624000PE,0.2147651372831499
21-01-2026 09:30||NIFTY27JAN2624400PE,0.1724291021891993
21-01-2026 09:30||NIFTY27JAN2625300CE,0.1289097448851028
21-01-2026 09:30||NIFTY27JAN2625700CE,0.1220128879146211
21-01-2026 09:35||NIFTY27JAN2623900PE,0.2285635246113861
21-01-2026 09:35||NIFTY27JAN2624200PE,0.1964643118657962
21-01-2026 09:35||NIFTY27JAN2625200CE,0.1088748933965958
21-01-2026 09:35||NIFTY27JAN2625300CE,0.1085596745590607
21-01-2026 09:35||NIFTY27JAN2625600CE,0.1102720651796905
21-01-2026 09:35||NIFTY27JAN2626200CE,0.1466537277769448
21-01-2026 09:40||NIFTY27JAN2624400PE,0.1679746670541078
21-01-2026 09:40||NIFTY27JAN2625100PE,0.1077570326004918
21-01-2026 09:40||NIFTY27JAN2625200CE,0.1276368408651185
21-01-2026 09:40||NIFTY27JAN2625900CE,0.1309756453018098
21-01-2026 09:40||NIFTY27JAN2626300CE,0.1600024280897118
21-01-2026 09:40||NIFTY27JAN2626400CE,0.168309373251602
21-01-2026 09:45||NIFTY27JAN2623800PE,0.2302199931404542
21-01-2026 09:45||NIFTY27JAN2624100PE,0.1985469202049616
21-01-2026 09:45||NIFTY27JAN2624400PE,0.1677542555865585
21-01-2026 09:45||NIFTY27JAN2625200CE,0.126038157097239
21-01-2026 09:45||NIFTY27JAN2625600CE,0.1185204276431765
21-01-2026 09:45||NIFTY27JAN2626000CE,0.1367953862580794
21-01-2026 09:45||NIFTY27JAN2626300CE,0.1597335344089754
21-01-2026 09:50||NIFTY27JAN2624700PE,0.1384740436747767
21-01-2026 09:50||NIFTY27JAN2624900PE,0.123021571922492
21-01-2026 09:50||NIFTY27JAN2625400CE,0.1155487936890313
21-01-2026 09:50||NIFTY27JAN2625600CE,0.1168306798699257
21-01-2026 09:50||NIFTY27JAN2625800CE,0.124492495158942
21-01-2026 09:55||NIFTY27JAN2624100PE,0.1952333081336223
21-01-2026 09:55||NIFTY27JAN2624200PE,0.185391735543984
21-01-2026 09:55||NIFTY27JAN2624400PE,0.1663864010629297
21-01-2026 09:55||NIFTY27JAN2624800PE,0.1334723343326225
21-01-2026 09:55||NIFTY27JAN2625400CE,0.1106085121577819
21-01-2026 09:55||NIFTY27JAN2626000CE,0.1348860816324185
21-01-2026 09:55||NIFTY27JAN2626100CE,0.1426424983556238
21-01-2026 09:55||NIFTY27JAN2626200CE,0.1511578263661611
21-01-2026 09:55||NIFTY27JAN2626500CE,0.1784355428697149
21-01-2026 10:00||NIFTY27JAN2624000PE,0.2015935706647846
21-01-2026 10:00||NIFTY27JAN2625000PE,0.1145924134623443
21-01-2026 10:00||NIFTY27JAN2625300CE,0.1211524595774105
21-01-2026 10:00||NIFTY27JAN2625400CE,0.1189324275080066
21-01-2026 10:00||NIFTY27JAN2626500CE,0.1808101847010188
21-01-2026 10:05||NIFTY27JAN2625200CE,0.116760841236927
21-01-2026 10:05||NIFTY27JAN2625600CE,0.1166793011760049
21-01-2026 10:05||NIFTY27JAN2625700CE,0.1202350657899584
21-01-2026 10:05||NIFTY27JAN2625800CE,0.1250325653717006
21-01-2026 10:10||NIFTY27JAN2624000PE,0.1976841145170655
21-01-2026 10:10||NIFTY27JAN2624400PE,0.1586942093588297
21-01-2026 10:10||NIFTY27JAN2625800CE,0.1297079824532716
21-01-2026 10:10||NIFTY27JAN2626100CE,0.1493103150059617
21-01-2026 10:15||NIFTY27JAN2624000PE,0.1998868315617586
21-01-2026 10:15||NIFTY27JAN2624200PE,0.1796472988614094
21-01-2026 10:15||NIFTY27JAN2624500PE,0.1513572850644545
21-01-2026 10:15||NIFTY27JAN2624600PE,0.1427421344142849
21-01-2026 10:15||NIFTY27JAN2625500CE,0.1175962788953941
21-01-2026 10:15||NIFTY27JAN2626100CE,0.1479681446464453
21-01-2026 10:20||NIFTY27JAN2625700CE,0.119486462351432
21-01-2026 10:25||NIFTY27JAN2624300PE,0.1697596163296386
21-01-2026 10:25||NIFTY27JAN2625000PE,0.1177019938903481
21-01-2026 10:25||NIFTY27JAN2625700CE,0.1271374489494553
21-01-2026 10:25||NIFTY27JAN2626200CE,0.1615667073726031
21-01-2026 10:30||NIFTY27JAN2624200PE,0.1770151274836268
21-01-2026 10:30||NIFTY27JAN2624700PE,0.1339274408250302
21-01-2026 10:30||NIFTY27JAN2624800PE,0.126818273735775
21-01-2026 10:30||NIFTY27JAN2625200CE,0.1214472110398303
21-01-2026 10:30||NIFTY27JAN2625900CE,0.1400691962669929
21-01-2026 10:30||NIFTY27JAN2626300CE,0.1710038767340261
21-01-2026 10:30||NIFTY27JAN2626400CE,0.1788422827553797
21-01-2026 10:35||NIFTY27JAN2624400PE,0.1585917697426023
21-01-2026 10:35||NIFTY27JAN2625100PE,0.1144809205411967
21-01-2026 10:35||NIFTY27JAN2625500CE,0.1193226141089272
21-01-2026 10:35||NIFTY27JAN2625600CE,0.1227325334589602
21-01-2026 10:35||NIFTY27JAN2625800CE,0.1331001833432448
21-01-2026 10:35||NIFTY27JAN2625900CE,0.1396853732428881
21-01-2026 10:40||NIFTY27JAN2624200PE,0.1835452162229964
21-01-2026 10:40||NIFTY27JAN2624800PE,0.1421673564607324
21-01-2026 10:40||NIFTY27JAN2625200CE,0.1094826817200646
21-01-2026 10:40||NIFTY27JAN2625400CE,0.1153295769484231
21-01-2026 10:40||NIFTY27JAN2626300CE,0.1745308134612164
21-01-2026 10:45||NIFTY27JAN2624700PE,0.1360200863379321
21-01-2026 10:45||NIFTY27JAN2624800PE,0.1298584612001502
21-01-2026 10:45||NIFTY27JAN2625700CE,0.1415900093524982
21-01-2026 10:45||NIFTY27JAN2626400CE,0.1913672058149098
21-01-2026 10:45||NIFTY27JAN2626500CE,0.1982688197470899
21-01-2026 10:50||NIFTY27JAN2624100PE,0.1942150314915701
21-01-2026 10:50||NIFTY27JAN2624300PE,0.1770395554325524
21-01-2026 10:50||NIFTY27JAN2624400PE,0.1694113605048085
21-01-2026 10:50||NIFTY27JAN2624500PE,0.1625371260182527
21-01-2026 10:50||NIFTY27JAN2625400CE,0.1253685906804012
21-01-2026 10:50||NIFTY27JAN2625700CE,0.1408039156458762
21-01-2026 10:50||NIFTY27JAN2625900CE,0.1545699374102923
21-01-2026 10:50||NIFTY27JAN2626400CE,0.1940421647062358
21-01-2026 10:55||NIFTY27JAN2623900PE,0.2106275540929713
21-01-2026 10:55||NIFTY27JAN2624300PE,0.1720334374495186
21-01-2026 10:55||NIFTY27JAN2624800PE,0.1307041943823662
21-01-2026 10:55||NIFTY27JAN2625000PE,0.1161049720205764
21-01-2026 10:55||NIFTY27JAN2625100PE,0.1087488120397348
21-01-2026 10:55||NIFTY27JAN2625300CE,0.1416617423079208
21-01-2026 10:55||NIFTY27JAN2625900CE,0.1632044554394759
21-01-2026 10:55||NIFTY27JAN2626200CE,0.1846529443991589
21-01-2026 11:00||NIFTY27JAN2624000PE,0.203797048065811
21-01-2026 11:00||NIFTY27JAN2624300PE,0.1750710570868072
21-01-2026 11:00||NIFTY27JAN2624600PE,0.1506954757964311
21-01-2026 11:00||NIFTY27JAN2624800PE,0.137525549672704
21-01-2026 11:00||NIFTY27JAN2625100PE,0.1225278224114827
21-01-2026 11:00||NIFTY27JAN2625300CE,0.1341742248795431
21-01-2026 11:05||NIFTY27JAN2624000PE,0.1981172469667862
21-01-2026 11:05||NIFTY27JAN2624100PE,0.1879326128563309
21-01-2026 11:05||NIFTY27JAN2624400PE,0.1599697440164314
21-01-2026 11:05||NIFTY27JAN2625000PE,0.1177195188382504
21-01-2026 11:05||NIFTY27JAN2625200CE,0.1364780529378954
21-01-2026 11:10||NIFTY27JAN2624800PE,0.1258206870852564
21-01-2026 11:10||NIFTY27JAN2625200CE,0.138104326010039
21-01-2026 11:10||NIFTY27JAN2625300CE,0.1390973265219258
21-01-2026 11:10||NIFTY27JAN2625500CE,0.1410042322462834
21-01-2026 11:10||NIFTY27JAN2625900CE,0.1572134581304966
21-01-2026 11:10||NIFTY27JAN2626100CE,0.1704206127399312
21-01-2026 11:15||NIFTY27JAN2624300PE,0.171254034655746
21-01-2026 11:15||NIFTY27JAN2625100PE,0.1052540954566797
21-01-2026 11:15||NIFTY27JAN2625400CE,0.1387603124129457
21-01-2026 11:20||NIFTY27JAN2623900PE,0.2160566055659253
21-01-2026 11:20||NIFTY27JAN2625800CE,0.143273520290381
21-01-2026 11:20||NIFTY27JAN2626000CE,0.1559053686674439
21-01-2026 11:20||NIFTY27JAN2626100CE,0.1630302731244751
21-01-2026 11:20||NIFTY27JAN2626400CE,0.184749665036861
21-01-2026 11:20||NIFTY27JAN2626500CE,0.1917743040878835
21-01-2026 11:25||NIFTY27JAN2624600PE,0.1541165241751535
21-01-2026 11:25||NIFTY27JAN2624800PE,0.1395680126646509
21-01-2026 11:30||NIFTY27JAN2623900PE,0.2166977070978127
21-01-2026 11:30||NIFTY27JAN2624000PE,0.2066410603799406
21-01-2026 11:30||NIFTY27JAN2624100PE,0.1967683942665343
21-01-2026 11:30||NIFTY27JAN2624400PE,0.1687118081514111
21-01-2026 11:30||NIFTY27JAN2625400CE,0.1303986577584084
21-01-2026 11:30||NIFTY27JAN2625800CE,0.1447309758896217
21-01-2026 11:30||NIFTY27JAN2626000CE,0.1578244906264115
21-01-2026 11:30||NIFTY27JAN2626500CE,0.1948506001296067
21-01-2026 11:35||NIFTY27JAN2623900PE,0.2173872581459022
21-01-2026 11:35||NIFTY27JAN2624600PE,0.1530824799339805
21-01-2026 11:35||NIFTY27JAN2626100CE,0.1639558324766093
21-01-2026 11:35||NIFTY27JAN2626300CE,0.1792239198163311
21-01-2026 11:40||NIFTY27JAN2624800PE,0.1361758324208679
21-01-2026 11:40||NIFTY27JAN2625100PE,0.1177443560812507
21-01-2026 11:40||NIFTY27JAN2625200CE,0.1324747133302866
21-01-2026 11:40||NIFTY27JAN2625700CE,0.1394063881276709
21-01-2026 11:45||NIFTY27JAN2624600PE,0.1508693361667694
21-01-2026 11:45||NIFTY27JAN2625100PE,0.1159119245518293
21-01-2026 11:45||NIFTY27JAN2625200CE,0.1321821509086712
21-01-2026 11:45||NIFTY27JAN2625400CE,0.1314108551577675
21-01-2026 11:50||NIFTY27JAN2624000PE,0.2066956449275517
21-01-2026 11:50||NIFTY27JAN2624100PE,0.1966984810853608
21-01-2026 11:50||NIFTY27JAN2624300PE,0.1774257149415757
21-01-2026 11:55||NIFTY27JAN2624000PE,0.2070523611033322
21-01-2026 11:55||NIFTY27JAN2624600PE,0.1514591673724269
21-01-2026 11:55||NIFTY27JAN2624700PE,0.143655513284056
21-01-2026 11:55||NIFTY27JAN2624900PE,0.1297289316655789
21-01-2026 12:00||NIFTY27JAN2624100PE,0.1935084622490232
21-01-2026 12:00||NIFTY27JAN2624200PE,0.1833746775169792
21-01-2026 12:00||NIFTY27JAN2624700PE,0.1373100101001172
21-01-2026 12:00||NIFTY27JAN2624800PE,0.1288994946622081
21-01-2026 12:00||NIFTY27JAN2625600CE,0.1356174039983561
21-01-2026 12:00||NIFTY27JAN2625900CE,0.1474815432620835
21-01-2026 12:05||NIFTY27JAN2623800PE,0.2280772273231079
21-01-2026 12:05||NIFTY27JAN2624100PE,0.1988854184788249
21-01-2026 12:05||NIFTY27JAN2625500CE,0.1248631356683136
21-01-2026 12:05||NIFTY27JAN2626200CE,0.1610351899293739
21-01-2026 12:10||NIFTY27JAN2624100PE,0.1933328100656094
21-01-2026 12:10||NIFTY27JAN2624200PE,0.1834146546021469
21-01-2026 12:10||NIFTY27JAN2625000PE,0.1147953912007689
21-01-2026 12:10||NIFTY27JAN2625900CE,0.1431246061645278
21-01-2026 12:10||NIFTY27JAN2626500CE,0.1840610502951443
21-01-2026 12:15||NIFTY27JAN2623800PE,0.225683578295601
21-01-2026 12:15||NIFTY27JAN2624200PE,0.1851637284628893
21-01-2026 12:15||NIFTY27JAN2625400CE,0.1328968504979898
21-01-2026 12:15||NIFTY27JAN2625700CE,0.1342665019799941
21-01-2026 12:20||NIFTY27JAN2624200PE,0.1905072164674756
21-01-2026 12:20||NIFTY27JAN2625000PE,0.1205300359973495
21-01-2026 12:20||NIFTY27JAN2625400CE,0.1282693130263461
21-01-2026 12:20||NIFTY27JAN2625600CE,0.1277513676597833
21-01-2026 12:20||NIFTY27JAN2625700CE,0.1299671098323425
21-01-2026 12:20||NIFTY27JAN2626300CE,0.1631193218352189
21-01-2026 12:25||NIFTY27JAN2624000PE,0.2193318586326361
21-01-2026 12:25||NIFTY27JAN2624500PE,0.1726736474271556
21-01-2026 12:25||NIFTY27JAN2624600PE,0.1642963141571919
21-01-2026 12:25||NIFTY27JAN2624700PE,0.1564443808636705
21-01-2026 12:25||NIFTY27JAN2625700CE,0.1223232802361149
21-01-2026 12:25||NIFTY27JAN2626500CE,0.1763146463950321
21-01-2026 12:30||NIFTY27JAN2624100PE,0.2041414005593975
21-01-2026 12:30||NIFTY27JAN2624200PE,0.1942315552442741
21-01-2026 12:30||NIFTY27JAN2625300CE,0.1372507974027893
21-01-2026 12:30||NIFTY27JAN2625800CE,0.135059922130016
21-01-2026 12:35||NIFTY27JAN2624000PE,0.2144059572344952
21-01-2026 12:35||NIFTY27JAN2624100PE,0.2045301690287295
21-01-2026 12:35||NIFTY27JAN2625600CE,0.1317540688613111
21-01-2026 12:35||NIFTY27JAN2626400CE,0.1676772389193389
21-01-2026 12:40||NIFTY27JAN2624500PE,0.1748597854540782
21-01-2026 12:40||NIFTY27JAN2624700PE,0.1576163358875247
21-01-2026 12:40||NIFTY27JAN2624800PE,0.1494650954586311
21-01-2026 12:40||NIFTY27JAN2625200CE,0.1341439285201681
21-01-2026 12:40||NIFTY27JAN2625400CE,0.1273915882664833
21-01-2026 12:40||NIFTY27JAN2625900CE,0.1323309558751554
21-01-2026 12:45||NIFTY27JAN2623800PE,0.2440302754796624
21-01-2026 12:45||NIFTY27JAN2624400PE,0.1868755469115824
21-01-2026 12:45||NIFTY27JAN2625300CE,0.1405767992120705
21-01-2026 12:45||NIFTY27JAN2625800CE,0.13053084021726
21-01-2026 12:45||NIFTY27JAN2626200CE,0.1472104067050081
21-01-2026 12:50||NIFTY27JAN2623800PE,0.2473290699629644
21-01-2026 12:50||NIFTY27JAN2624100PE,0.2193397136546823
21-01-2026 12:50||NIFTY27JAN2625200CE,0.1496505699896548
21-01-2026 12:50||NIFTY27JAN2625500CE,0.1323689000485771
21-01-2026 12:50||NIFTY27JAN2625600CE,0.1302287380995131
21-01-2026 12:55||NIFTY27JAN2625300CE,0.1328971898910591
21-01-2026 12:55||NIFTY27JAN2625400CE,0.1285349156958257
21-01-2026 12:55||NIFTY27JAN2625600CE,0.1249271075765825
21-01-2026 12:55||NIFTY27JAN2625700CE,0.1253821669003181
21-01-2026 12:55||NIFTY27JAN2625800CE,0.1271491058114362
21-01-2026 12:55||NIFTY27JAN2625900CE,0.1300863740187048
21-01-2026 12:55||NIFTY27JAN2626500CE,0.1642726178371342
21-01-2026 13:00||NIFTY27JAN2624600PE,0.1751254029847465
21-01-2026 13:00||NIFTY27JAN2624700PE,0.1661651488143237
21-01-2026 13:00||NIFTY27JAN2626100CE,0.1384609431843039
21-01-2026 13:05||NIFTY27JAN2623800PE,0.2514613860505024
21-01-2026 13:05||NIFTY27JAN2623900PE,0.2422999256132702
21-01-2026 13:05||NIFTY27JAN2624100PE,0.2238149156345122
21-01-2026 13:05||NIFTY27JAN2625600CE,0.1165660003656375
21-01-2026 13:05||NIFTY27JAN2626300CE,0.1494946969573667
21-01-2026 13:05||NIFTY27JAN2626400CE,0.1573020471361989
21-01-2026 13:10||NIFTY27JAN2625800CE,0.1303231061471244
21-01-2026 13:10||NIFTY27JAN2626200CE,0.1493776505190484
21-01-2026 13:15||NIFTY27JAN2624400PE,0.1891864482516428
21-01-2026 13:15||NIFTY27JAN2625400CE,0.1251064536507584
21-01-2026 13:15||NIFTY27JAN2625800CE,0.126808975489326
21-01-2026 13:20||NIFTY27JAN2623800PE,0.2455284988884491
21-01-2026 13:20||NIFTY27JAN2623900PE,0.2366913307807836
21-01-2026 13:20||NIFTY27JAN2624600PE,0.1725153304413463
21-01-2026 13:20||NIFTY27JAN2624800PE,0.1559299202848578
21-01-2026 13:20||NIFTY27JAN2625400CE,0.1219098712162549
21-01-2026 13:20||NIFTY27JAN2626200CE,0.1467435958344391
21-01-2026 13:25||NIFTY27JAN2624200PE,0.2044290910754203
21-01-2026 13:25||NIFTY27JAN2624300PE,0.1948650105513656
21-01-2026 13:25||NIFTY27JAN2624900PE,0.1436885596519896
21-01-2026 13:25||NIFTY27JAN2625000PE,0.1367442303731833
21-01-2026 13:25||NIFTY27JAN2625200CE,0.1333831559304057
21-01-2026 13:25||NIFTY27JAN2625700CE,0.1264387111968772
21-01-2026 13:25||NIFTY27JAN2626000CE,0.1380685679105851
21-01-2026 13:25||NIFTY27JAN2626300CE,0.157257197776025
21-01-2026 13:30||NIFTY27JAN2624000PE,0.228582714721183
21-01-2026 13:30||NIFTY27JAN2624400PE,0.1911391833538727
21-01-2026 13:30||NIFTY27JAN2625200CE,0.1132067672825175
21-01-2026 13:30||NIFTY27JAN2625300CE,0.113445628715898
21-01-2026 13:30||NIFTY27JAN2625800CE,0.1230756342115703
21-01-2026 13:30||NIFTY27JAN2626200CE,0.1472714241099866
21-01-2026 13:30||NIFTY27JAN2626300CE,0.1547701235660908
21-01-2026 13:35||NIFTY27JAN2623800PE,0.2372708882480857
21-01-2026 13:35||NIFTY27JAN2624000PE,0.2182119708308274
21-01-2026 13:35||NIFTY27JAN2624700PE,0.1539474743569937
21-01-2026 13:35||NIFTY27JAN2624800PE,0.1454949970331068
21-01-2026 13:35||NIFTY27JAN2625800CE,0.1350826072567989
21-01-2026 13:35||NIFTY27JAN2626300CE,0.1600307266821666
21-01-2026 13:40||NIFTY27JAN2624600PE,0.1673140536108359
21-01-2026 13:40||NIFTY27JAN2624800PE,0.1512585410293544
21-01-2026 13:40||NIFTY27JAN2625300CE,0.1285702816565563
21-01-2026 13:40||NIFTY27JAN2625800CE,0.1299296195955285
21-01-2026 13:40||NIFTY27JAN2626200CE,0.1511868703209449
21-01-2026 13:45||NIFTY27JAN2624800PE,0.1506409511106949
21-01-2026 13:45||NIFTY27JAN2625400CE,0.1253705634799003
21-01-2026 13:45||NIFTY27JAN2625900CE,0.1332696611625397
21-01-2026 13:50||NIFTY27JAN2625100PE,0.1346543546786371
21-01-2026 13:50||NIFTY27JAN2626100CE,0.144920016116034
21-01-2026 13:55||NIFTY27JAN2624300PE,0.1928298960647437
21-01-2026 13:55||NIFTY27JAN2624400PE,0.1837839826827316
21-01-2026 13:55||NIFTY27JAN2625500CE,0.1218876109528494
21-01-2026 13:55||NIFTY27JAN2625700CE,0.1263083104476292
21-01-2026 14:00||NIFTY27JAN2623800PE,0.2335140651159127
21-01-2026 14:00||NIFTY27JAN2624200PE,0.1954208232533083
21-01-2026 14:00||NIFTY27JAN2624600PE,0.1605580874254202
21-01-2026 14:00||NIFTY27JAN2625000PE,0.1327066067305358
21-01-2026 14:00||NIFTY27JAN2625200CE,0.1315684706859446
21-01-2026 14:05||NIFTY27JAN2624500PE,0.1698010550618768
21-01-2026 14:05||NIFTY27JAN2625000PE,0.1356865961877299
21-01-2026 14:05||NIFTY27JAN2625400CE,0.1198138382149432
21-01-2026 14:05||NIFTY27JAN2626100CE,0.1448510756189263
21-01-2026 14:05||NIFTY27JAN2626500CE,0.177550170864246
21-01-2026 14:10||NIFTY27JAN2624000PE,0.211776229054715
21-01-2026 14:10||NIFTY27JAN2624100PE,0.2022208106924796
21-01-2026 14:10||NIFTY27JAN2624400PE,0.174696939202039
21-01-2026 14:10||NIFTY27JAN2624500PE,0.1661901648983352
21-01-2026 14:10||NIFTY27JAN2625000PE,0.1323057926442823
21-01-2026 14:10||NIFTY27JAN2625200CE,0.1220817859590173
21-01-2026 14:10||NIFTY27JAN2626000CE,0.1408134746601657
21-01-2026 14:10||NIFTY27JAN2626400CE,0.1710842085577676
21-01-2026 14:10||NIFTY27JAN2626500CE,0.179208642889209
21-01-2026 14:15||NIFTY27JAN2624700PE,0.1421464559847678
21-01-2026 14:15||NIFTY27JAN2625400CE,0.1315078570281138
21-01-2026 14:15||NIFTY27JAN2625800CE,0.1338116136546235
21-01-2026 14:15||NIFTY27JAN2626100CE,0.1484075488843563
21-01-2026 14:20||NIFTY27JAN2624000PE,0.2151312791476252
21-01-2026 14:20||NIFTY27JAN2624300PE,0.1874133377732795
21-01-2026 14:20||NIFTY27JAN2624700PE,0.1555265177521146
21-01-2026 14:20||NIFTY27JAN2625200CE,0.1115160338953604
21-01-2026 14:20||NIFTY27JAN2625600CE,0.1157796383375854
21-01-2026 14:20||NIFTY27JAN2626100CE,0.1422549625145042
21-01-2026 14:20||NIFTY27JAN2626500CE,0.1729411079533602
21-01-2026 14:25||NIFTY27JAN2623900PE,0.2210926138236862
21-01-2026 14:25||NIFTY27JAN2624800PE,0.1479020051587323
21-01-2026 14:25||NIFTY27JAN2624900PE,0.1426830947114962
21-01-2026 14:25||NIFTY27JAN2625100PE,0.1334859854177698
21-01-2026 14:25||NIFTY27JAN2626500CE,0.1782897465050952
21-01-2026 14:30||NIFTY27JAN2624500PE,0.159011761691111
21-01-2026 14:30||NIFTY27JAN2624600PE,0.150412939949931
21-01-2026 14:30||NIFTY27JAN2624800PE,0.1342574713332482
21-01-2026 14:30||NIFTY27JAN2625200CE,0.1330212835882329
21-01-2026 14:30||NIFTY27JAN2625300CE,0.1314331725350065
21-01-2026 14:30||NIFTY27JAN2626300CE,0.1635660756811307
21-01-2026 14:35||NIFTY27JAN2624200PE,0.1879890427866076
21-01-2026 14:35||NIFTY27JAN2624700PE,0.1449126885656628
21-01-2026 14:35||NIFTY27JAN2624800PE,0.1377538329452042
21-01-2026 14:35||NIFTY27JAN2625100PE,0.1195814264246811
21-01-2026 14:35||NIFTY27JAN2625200CE,0.1281333048272575
21-01-2026 14:35||NIFTY27JAN2625800CE,0.1315391351616304
21-01-2026 14:35||NIFTY27JAN2626100CE,0.1480892885142348
21-01-2026 14:40||NIFTY27JAN2624000PE,0.2082397573990183
21-01-2026 14:40||NIFTY27JAN2624200PE,0.1896720847407575
21-01-2026 14:40||NIFTY27JAN2624500PE,0.1642097768245361
21-01-2026 14:40||NIFTY27JAN2624600PE,0.1566039510826634
21-01-2026 14:40||NIFTY27JAN2624700PE,0.1495363572145129
21-01-2026 14:40||NIFTY27JAN2625100PE,0.126949239280511
21-01-2026 14:40||NIFTY27JAN2625200CE,0.1192099877532544
21-01-2026 14:40||NIFTY27JAN2625400CE,0.1181772420914231
21-01-2026 14:40||NIFTY27JAN2625800CE,0.1281192620988412
21-01-2026 14:40||NIFTY27JAN2626200CE,0.1527120558561389
21-01-2026 14:45||NIFTY27JAN2624500PE,0.1616216464428634
21-01-2026 14:45||NIFTY27JAN2625400CE,0.1217065922816394
21-01-2026 14:45||NIFTY27JAN2625900CE,0.1345270878481887
21-01-2026 14:45||NIFTY27JAN2626100CE,0.1464510963154845
21-01-2026 14:50||NIFTY27JAN2623900PE,0.2142333243427449
21-01-2026 14:50||NIFTY27JAN2624900PE,0.1346787578737786
21-01-2026 14:50||NIFTY27JAN2625200CE,0.1165425553215531
21-01-2026 14:50||NIFTY27JAN2625300CE,0.1172947672392609
21-01-2026 14:50||NIFTY27JAN2625500CE,0.1186685611686845
21-01-2026 14:50||NIFTY27JAN2625800CE,0.1273254793237257
21-01-2026 14:50||NIFTY27JAN2626300CE,0.1591638469702539
21-01-2026 14:55||NIFTY27JAN2624200PE,0.1868865732303548
21-01-2026 14:55||NIFTY27JAN2625300CE,0.1193454964287413
21-01-2026 14:55||NIFTY27JAN2625700CE,0.1238403904940398
21-01-2026 14:55||NIFTY27JAN2626100CE,0.1445503495969405
21-01-2026 15:00||NIFTY27JAN2623900PE,0.2148461968623865
21-01-2026 15:00||NIFTY27JAN2624100PE,0.1938886937789848
21-01-2026 15:00||NIFTY27JAN2624500PE,0.1568065130787844
21-01-2026 15:00||NIFTY27JAN2624800PE,0.1336277351826207
21-01-2026 15:00||NIFTY27JAN2625000PE,0.1205591883182555
21-01-2026 15:00||NIFTY27JAN2625200CE,0.1300704360053101
21-01-2026 15:00||NIFTY27JAN2625300CE,0.1279246938074495
21-01-2026 15:00||NIFTY27JAN2625600CE,0.1243999519528496
21-01-2026 15:00||NIFTY27JAN2626400CE,0.1668497181853916
21-01-2026 15:05||NIFTY27JAN2624300PE,0.1789792521944784
21-01-2026 15:05||NIFTY27JAN2625100PE,0.1274522475789813
21-01-2026 15:05||NIFTY27JAN2626200CE,0.149067374629596
21-01-2026 15:10||NIFTY27JAN2624300PE,0.179690164760298
21-01-2026 15:10||NIFTY27JAN2624500PE,0.1628452976225387
21-01-2026 15:10||NIFTY27JAN2624600PE,0.1552965532745971
21-01-2026 15:10||NIFTY27JAN2625700CE,0.1200444882335965
21-01-2026 15:10||NIFTY27JAN2625800CE,0.1245075016416268
21-01-2026 15:10||NIFTY27JAN2625900CE,0.1298869980636844
21-01-2026 15:10||NIFTY27JAN2626500CE,0.175434348390833
21-01-2026 15:15||NIFTY27JAN2624200PE,0.1862923465205808
21-01-2026 15:15||NIFTY27JAN2624300PE,0.1771259921849196
21-01-2026 15:15||NIFTY27JAN2624800PE,0.1393190557086183
21-01-2026 15:15||NIFTY27JAN2624900PE,0.1337225688933335
21-01-2026 15:15||NIFTY27JAN2625200CE,0.1172256376460591
21-01-2026 15:15||NIFTY27JAN2625300CE,0.1169851714065587
21-01-2026 15:15||NIFTY27JAN2625600CE,0.1186407372411836
21-01-2026 15:15||NIFTY27JAN2625700CE,0.1215743289655726
21-01-2026 15:15||NIFTY27JAN2625900CE,0.130926951817243
21-01-2026 15:15||NIFTY27JAN2626200CE,0.1518021631150058
21-01-2026 15:20||NIFTY27JAN2623800PE,0.222596311611154
21-01-2026 15:20||NIFTY27JAN2624800PE,0.1402880577348208
21-01-2026 15:20||NIFTY27JAN2625100PE,0.1269288375068075
21-01-2026 15:20||NIFTY27JAN2625400CE,0.1110479998732784
21-01-2026 15:20||NIFTY27JAN2625600CE,0.1149876028417957
21-01-2026 15:25||NIFTY27JAN2623800PE,0.2210691429088862
21-01-2026 15:25||NIFTY27JAN2624200PE,0.1813446441342302
21-01-2026 15:25||NIFTY27JAN2624500PE,0.1531393056254558
21-01-2026 15:25||NIFTY27JAN2624800PE,0.1300335746943057
21-01-2026 15:25||NIFTY27JAN2625100PE,0.1141216577085611
21-01-2026 15:25||NIFTY27JAN2626200CE,0.1495094995094831
22-01-2026 09:15||NIFTY27JAN2623800PE,0.2461026703222263
22-01-2026 09:15||NIFTY27JAN2625100PE,0.1254140146563964
22-01-2026 09:15||NIFTY27JAN2625300CE,0.104100252971749
22-01-2026 09:20||NIFTY27JAN2623900PE,0.2339005899783783
22-01-2026 09:20||NIFTY27JAN2624000PE,0.2221627469008928
22-01-2026 09:20||NIFTY27JAN2624300PE,0.188004877097056
22-01-2026 09:20||NIFTY27JAN2624500PE,0.1669040273017088
22-01-2026 09:20||NIFTY27JAN2624800PE,0.1392549322085724
22-01-2026 09:20||NIFTY27JAN2625200CE,0.1146753833748352
22-01-2026 09:20||NIFTY27JAN2626300CE,0.1499558877590186
22-01-2026 09:25||NIFTY27JAN2624700PE,0.1445965491188121
22-01-2026 09:25||NIFTY27JAN2625000PE,0.117390087549516
22-01-2026 09:25||NIFTY27JAN2625200CE,0.1453532038297444
22-01-2026 09:25||NIFTY27JAN2625500CE,0.1261929904889032
22-01-2026 09:25||NIFTY27JAN2625600CE,0.1234575957000092
22-01-2026 09:25||NIFTY27JAN2626200CE,0.143448471744342
22-01-2026 09:30||NIFTY27JAN2624600PE,0.2022902467607587
22-01-2026 09:30||NIFTY27JAN2624800PE,0.1734491803574365
22-01-2026 09:30||NIFTY27JAN2624900PE,0.1593765329579664
22-01-2026 09:30||NIFTY27JAN2625100PE,0.1320749421406904
22-01-2026 09:30||NIFTY27JAN2625500CE,0.1161120021304735
22-01-2026 09:30||NIFTY27JAN2625800CE,0.1189824881237721
22-01-2026 09:30||NIFTY27JAN2626000CE,0.1286302358871362
22-01-2026 09:30||NIFTY27JAN2626300CE,0.1508970302544746
22-01-2026 09:35||NIFTY27JAN2624100PE,0.2802219715702452
22-01-2026 09:40||NIFTY27JAN2624100PE,0.267485669670668
22-01-2026 09:40||NIFTY27JAN2624500PE,0.2175458088286253
22-01-2026 09:40||NIFTY27JAN2626000CE,0.1305217392329519
22-01-2026 09:40||NIFTY27JAN2626200CE,0.1446575599611239
22-01-2026 09:45||NIFTY27JAN2623900PE,0.2793157669513422
22-01-2026 09:45||NIFTY27JAN2624200PE,0.245926148926634
22-01-2026 09:50||NIFTY27JAN2623900PE,0.2742853182355932
22-01-2026 09:50||NIFTY27JAN2624100PE,0.2537605134782961
22-01-2026 09:50||NIFTY27JAN2624900PE,0.1638906761043376
22-01-2026 09:50||NIFTY27JAN2625000PE,0.1535292837113216
22-01-2026 09:50||NIFTY27JAN2625600CE,0.1076857443879955
22-01-2026 09:50||NIFTY27JAN2625800CE,0.1142970036677781
22-01-2026 09:50||NIFTY27JAN2625900CE,0.1192272761380842
22-01-2026 09:50||NIFTY27JAN2626300CE,0.1476046373159291
22-01-2026 09:50||NIFTY27JAN2626500CE,0.1625500441193809
22-01-2026 09:55||NIFTY27JAN2624700PE,0.1656347569715969
22-01-2026 09:55||NIFTY27JAN2624800PE,0.1549037032768952
22-01-2026 09:55||NIFTY27JAN2624900PE,0.1445478451833859
22-01-2026 09:55||NIFTY27JAN2625200CE,0.1363184803438681
22-01-2026 09:55||NIFTY27JAN2625500CE,0.1200623402329989
22-01-2026 10:00||NIFTY27JAN2624200PE,0.2190579637559665
22-01-2026 10:00||NIFTY27JAN2624700PE,0.1636694432976262
22-01-2026 10:00||NIFTY27JAN2625100PE,0.1296817937267034
22-01-2026 10:00||NIFTY27JAN2625400CE,0.1039601763354863
22-01-2026 10:00||NIFTY27JAN2625600CE,0.1048305173821825
22-01-2026 10:00||NIFTY27JAN2626100CE,0.1268222596542366
22-01-2026 10:00||NIFTY27JAN2626500CE,0.1581796102521178
22-01-2026 10:05||NIFTY27JAN2624500PE,0.1849582458238526
22-01-2026 10:05||NIFTY27JAN2624800PE,0.1528917741859731
22-01-2026 10:05||NIFTY27JAN2625000PE,0.1345606538568
22-01-2026 10:05||NIFTY27JAN2625400CE,0.1095901682536581
22-01-2026 10:05||NIFTY27JAN2625700CE,0.1102915240591451
22-01-2026 10:05||NIFTY27JAN2625800CE,0.1133532284151003
22-01-2026 10:05||NIFTY27JAN2626100CE,0.1293036930905377
22-01-2026 10:05||NIFTY27JAN2626400CE,0.1529636442218376
22-01-2026 10:10||NIFTY27JAN2623800PE,0.2582390899532625
22-01-2026 10:10||NIFTY27JAN2624200PE,0.2146733864202849
22-01-2026 10:10||NIFTY27JAN2624300PE,0.2034727311430247
22-01-2026 10:10||NIFTY27JAN2624500PE,0.1808131276547719
22-01-2026 10:10||NIFTY27JAN2624800PE,0.1482599506191163
22-01-2026 10:10||NIFTY27JAN2625300CE,0.1271139164422497
22-01-2026 10:10||NIFTY27JAN2625500CE,0.1170500433261033
22-01-2026 10:10||NIFTY27JAN2626200CE,0.1421570716540299
22-01-2026 10:10||NIFTY27JAN2626300CE,0.1495002578474468
22-01-2026 10:15||NIFTY27JAN2623900PE,0.2487128484881987
22-01-2026 10:15||NIFTY27JAN2624400PE,0.1973160480057967
22-01-2026 10:15||NIFTY27JAN2625000PE,0.139523972615622
22-01-2026 10:15||NIFTY27JAN2625300CE,0.0968363817793044
22-01-2026 10:15||NIFTY27JAN2625400CE,0.0972738028083697
22-01-2026 10:20||NIFTY27JAN2624000PE,0.2266047825578488
22-01-2026 10:20||NIFTY27JAN2625000PE,0.1243017011404266
22-01-2026 10:20||NIFTY27JAN2625100PE,0.115593458071884
22-01-2026 10:20||NIFTY27JAN2625400CE,0.1214932436783646
22-01-2026 10:20||NIFTY27JAN2625500CE,0.1183565105233035
22-01-2026 10:20||NIFTY27JAN2625600CE,0.1173414404272703
22-01-2026 10:20||NIFTY27JAN2625900CE,0.1248493063449793
22-01-2026 10:25||NIFTY27JAN2623900PE,0.2301325592419941
22-01-2026 10:25||NIFTY27JAN2624000PE,0.2202336177563436
22-01-2026 10:25||NIFTY27JAN2624200PE,0.1995936662689584
22-01-2026 10:25||NIFTY27JAN2625100PE,0.1279467555929598
22-01-2026 10:25||NIFTY27JAN2625900CE,0.1179250835784608
22-01-2026 10:25||NIFTY27JAN2626300CE,0.1484716010801687
22-01-2026 10:30||NIFTY27JAN2624300PE,0.1830726768739945
22-01-2026 10:30||NIFTY27JAN2625800CE,0.1255838336761904
22-01-2026 10:30||NIFTY27JAN2626100CE,0.1429516401008834
22-01-2026 10:35||NIFTY27JAN2625100PE,0.124098036914235
22-01-2026 10:35||NIFTY27JAN2625200CE,0.0970415295954694
22-01-2026 10:35||NIFTY27JAN2625300CE,0.099292013059546
22-01-2026 10:35||NIFTY27JAN2625400CE,0.1017500419944543
22-01-2026 10:35||NIFTY27JAN2625800CE,0.116536782687852
22-01-2026 10:40||NIFTY27JAN2624300PE,0.1827610261560854
22-01-2026 10:40||NIFTY27JAN2624600PE,0.1536868060878901
22-01-2026 10:40||NIFTY27JAN2625000PE,0.1231172764353019
22-01-2026 10:40||NIFTY27JAN2625800CE,0.1213370730952517
22-01-2026 10:40||NIFTY27JAN2625900CE,0.1266186958531507
22-01-2026 10:40||NIFTY27JAN2626000CE,0.1329713244798818
22-01-2026 10:45||NIFTY27JAN2623900PE,0.2265865012154231
22-01-2026 10:45||NIFTY27JAN2625000PE,0.1260548981482987
22-01-2026 10:45||NIFTY27JAN2625400CE,0.1108839914912455
22-01-2026 10:45||NIFTY27JAN2625500CE,0.1114571050052596
22-01-2026 10:45||NIFTY27JAN2625700CE,0.1164540753415151
22-01-2026 10:45||NIFTY27JAN2625900CE,0.1263155138883188
22-01-2026 10:45||NIFTY27JAN2626400CE,0.1665129525985628
22-01-2026 10:45||NIFTY27JAN2626500CE,0.1750901103995026
22-01-2026 10:50||NIFTY27JAN2623900PE,0.225756997731977
22-01-2026 10:50||NIFTY27JAN2624400PE,0.1735626033815431
22-01-2026 10:50||NIFTY27JAN2624500PE,0.1638776921306716
22-01-2026 10:50||NIFTY27JAN2624600PE,0.1546593986013286
22-01-2026 10:50||NIFTY27JAN2624900PE,0.1306706212749818
22-01-2026 10:50||NIFTY27JAN2625000PE,0.1241745176036138
22-01-2026 10:50||NIFTY27JAN2625300CE,0.1160939137905394
22-01-2026 10:50||NIFTY27JAN2625700CE,0.1194638169889467
22-01-2026 10:50||NIFTY27JAN2625900CE,0.1298209040295008
22-01-2026 10:50||NIFTY27JAN2626000CE,0.136506399513776
22-01-2026 10:50||NIFTY27JAN2626300CE,0.1604490187553579
22-01-2026 10:55||NIFTY27JAN2624000PE,0.2198901153218388
22-01-2026 10:55||NIFTY27JAN2624200PE,0.2002901063531701
22-01-2026 10:55||NIFTY27JAN2624600PE,0.1634892795162
22-01-2026 10:55||NIFTY27JAN2625900CE,0.1271283100219474
22-01-2026 11:00||NIFTY27JAN2624400PE,0.1737007925982726
22-01-2026 11:00||NIFTY27JAN2624800PE,0.1406898933950185
22-01-2026 11:00||NIFTY27JAN2626300CE,0.1641715828279021
22-01-2026 11:05||NIFTY27JAN2624500PE,0.1629314957770139
22-01-2026 11:05||NIFTY27JAN2624800PE,0.1385996790736822
22-01-2026 11:05||NIFTY27JAN2625500CE,0.1203818953039109
22-01-2026 11:05||NIFTY27JAN2625600CE,0.1224924104768677
22-01-2026 11:05||NIFTY27JAN2625900CE,0.1362649605821529
22-01-2026 11:05||NIFTY27JAN2626200CE,0.1577712223952503
22-01-2026 11:10||NIFTY27JAN2623800PE,0.2334476538976143
22-01-2026 11:10||NIFTY27JAN2624300PE,0.1838470720493999
22-01-2026 11:10||NIFTY27JAN2624600PE,0.1584676471400026
22-01-2026 11:10||NIFTY27JAN2624700PE,0.150872436143251
22-01-2026 11:10||NIFTY27JAN2625000PE,0.1302732425479685
22-01-2026 11:10||NIFTY27JAN2625100PE,0.1236189857842535
22-01-2026 11:10||NIFTY27JAN2625400CE,0.1156410457244163
22-01-2026 11:10||NIFTY27JAN2625800CE,0.1285423236878999
22-01-2026 11:10||NIFTY27JAN2626100CE,0.1484270496253176
22-01-2026 11:15||NIFTY27JAN2623900PE,0.2227416499118373
22-01-2026 11:15||NIFTY27JAN2624300PE,0.1823137640535234
22-01-2026 11:15||NIFTY27JAN2625600CE,0.1200948711514458
22-01-2026 11:15||NIFTY27JAN2625800CE,0.1290499596571793
22-01-2026 11:15||NIFTY27JAN2626100CE,0.1494335310547928
22-01-2026 11:15||NIFTY27JAN2626200CE,0.1576426137217686
22-01-2026 11:15||NIFTY27JAN2626400CE,0.1734832915620262
22-01-2026 11:15||NIFTY27JAN2626500CE,0.1812762315388207
22-01-2026 11:20||NIFTY27JAN2623900PE,0.2192613504705405
22-01-2026 11:20||NIFTY27JAN2624700PE,0.141171486716748
22-01-2026 11:20||NIFTY27JAN2624800PE,0.1333792914309991
22-01-2026 11:20||NIFTY27JAN2625600CE,0.1271775916861003
22-01-2026 11:20||NIFTY27JAN2625900CE,0.1388482718402205
22-01-2026 11:25||NIFTY27JAN2623800PE,0.2372042594383397
22-01-2026 11:25||NIFTY27JAN2623900PE,0.2268753770747852
22-01-2026 11:25||NIFTY27JAN2624000PE,0.2164685602151362
22-01-2026 11:25||NIFTY27JAN2624500PE,0.1675768198574134
22-01-2026 11:25||NIFTY27JAN2624600PE,0.1589273565415661
22-01-2026 11:25||NIFTY27JAN2625800CE,0.1241750239232385
22-01-2026 11:25||NIFTY27JAN2625900CE,0.129966096967331
22-01-2026 11:25||NIFTY27JAN2626500CE,0.175464586124633
22-01-2026 11:30||NIFTY27JAN2624300PE,0.1794433448686169
22-01-2026 11:30||NIFTY27JAN2625800CE,0.1308737156754809
22-01-2026 11:30||NIFTY27JAN2626000CE,0.1424961371863163
22-01-2026 11:35||NIFTY27JAN2624200PE,0.1923316318338464
22-01-2026 11:35||NIFTY27JAN2625500CE,0.1160681969623209
22-01-2026 11:35||NIFTY27JAN2625900CE,0.1330543721022467
22-01-2026 11:40||NIFTY27JAN2624200PE,0.1924599970282615
22-01-2026 11:40||NIFTY27JAN2624700PE,0.1503619311226895
22-01-2026 11:40||NIFTY27JAN2625200CE,0.1093447940797353
22-01-2026 11:40||NIFTY27JAN2626300CE,0.1667144972676201
22-01-2026 11:45||NIFTY27JAN2623900PE,0.2180964907030467
22-01-2026 11:45||NIFTY27JAN2624400PE,0.1673199962866456
22-01-2026 11:45||NIFTY27JAN2625000PE,0.1233889170494525
22-01-2026 11:45||NIFTY27JAN2626500CE,0.1869362831679538
22-01-2026 11:50||NIFTY27JAN2624500PE,0.1634460868566024
22-01-2026 11:50||NIFTY27JAN2624800PE,0.1414051916432895
22-01-2026 11:50||NIFTY27JAN2625200CE,0.117883948468265
22-01-2026 11:50||NIFTY27JAN2625700CE,0.1269605626861888
22-01-2026 11:50||NIFTY27JAN2626200CE,0.1598484224995186
22-01-2026 11:50||NIFTY27JAN2626300CE,0.1680775526074364
22-01-2026 11:55||NIFTY27JAN2624000PE,0.2094845308546981
22-01-2026 11:55||NIFTY27JAN2625000PE,0.1319016102742684
22-01-2026 12:00||NIFTY27JAN2623800PE,0.2282152849533486
22-01-2026 12:00||NIFTY27JAN2624300PE,0.1758112196294326
22-01-2026 12:00||NIFTY27JAN2625600CE,0.131352521884849
22-01-2026 12:00||NIFTY27JAN2625700CE,0.1345685818430995
22-01-2026 12:00||NIFTY27JAN2626100CE,0.1592430615823734
22-01-2026 12:00||NIFTY27JAN2626400CE,0.1838890664963055
22-01-2026 12:05||NIFTY27JAN2624300PE,0.1789759753017941
22-01-2026 12:05||NIFTY27JAN2625600CE,0.1265204315396294
22-01-2026 12:05||NIFTY27JAN2625700CE,0.1297076370316222
22-01-2026 12:05||NIFTY27JAN2626000CE,0.1463866409388319
22-01-2026 12:05||NIFTY27JAN2626300CE,0.1698897611032334
22-01-2026 12:10||NIFTY27JAN2624000PE,0.2086487105846045
22-01-2026 12:10||NIFTY27JAN2624500PE,0.158909194410532
22-01-2026 12:10||NIFTY27JAN2625500CE,0.1233364348216517
22-01-2026 12:10||NIFTY27JAN2625800CE,0.1333799469225439
22-01-2026 12:10||NIFTY27JAN2626100CE,0.1529161669529932
22-01-2026 12:15||NIFTY27JAN2623800PE,0.228535670229828
22-01-2026 12:15||NIFTY27JAN2624000PE,0.2073292683376596
22-01-2026 12:15||NIFTY27JAN2624500PE,0.157371855184347
22-01-2026 12:15||NIFTY27JAN2626100CE,0.1530248826242211
22-01-2026 12:15||NIFTY27JAN2626400CE,0.1772260601081844
22-01-2026 12:15||NIFTY27JAN2626500CE,0.1851873812229826
22-01-2026 12:20||NIFTY27JAN2624800PE,0.1446546304254435
22-01-2026 12:20||NIFTY27JAN2624900PE,0.1391115780808186
22-01-2026 12:20||NIFTY27JAN2625900CE,0.1306534341011704
22-01-2026 12:20||NIFTY27JAN2626000CE,0.1373020551954171
22-01-2026 12:20||NIFTY27JAN2626500CE,0.1796488219748492
22-01-2026 12:25||NIFTY27JAN2623900PE,0.2205890277315597
22-01-2026 12:25||NIFTY27JAN2624200PE,0.1887513004500858
22-01-2026 12:25||NIFTY27JAN2624700PE,0.1421730946882124
22-01-2026 12:25||NIFTY27JAN2624800PE,0.1346376413270678
22-01-2026 12:25||NIFTY27JAN2625300CE,0.1259627836094874
22-01-2026 12:30||NIFTY27JAN2624200PE,0.1890366645318001
22-01-2026 12:30||NIFTY27JAN2624400PE,0.1690952509952035
22-01-2026 12:30||NIFTY27JAN2624500PE,0.1597202824109871
22-01-2026 12:30||NIFTY27JAN2625100PE,0.1151444763476493
22-01-2026 12:30||NIFTY27JAN2625700CE,0.1253261262999365
22-01-2026 12:30||NIFTY27JAN2625800CE,0.1294572286668951
22-01-2026 12:30||NIFTY27JAN2625900CE,0.1348387728144822
22-01-2026 12:30||NIFTY27JAN2626400CE,0.1727279975476342
22-01-2026 12:35||NIFTY27JAN2623800PE,0.2335084487399231
22-01-2026 12:35||NIFTY27JAN2624400PE,0.1718405811405924
22-01-2026 12:35||NIFTY27JAN2626100CE,0.145284284127685
22-01-2026 12:35||NIFTY27JAN2626300CE,0.1626044632287608
22-01-2026 12:40||NIFTY27JAN2624100PE,0.1978690786305427
22-01-2026 12:40||NIFTY27JAN2626200CE,0.1572032400815068
22-01-2026 12:45||NIFTY27JAN2624700PE,0.1434948377364489
22-01-2026 12:45||NIFTY27JAN2624900PE,0.1299887989992209
22-01-2026 12:45||NIFTY27JAN2625200CE,0.1143528873180095
22-01-2026 12:45||NIFTY27JAN2625700CE,0.1203945281146392
22-01-2026 12:45||NIFTY27JAN2625800CE,0.1253400596826982
22-01-2026 12:45||NIFTY27JAN2626000CE,0.1381733042342398
22-01-2026 12:45||NIFTY27JAN2626100CE,0.1457896293746621
22-01-2026 12:45||NIFTY27JAN2626200CE,0.1540298477830315
22-01-2026 12:45||NIFTY27JAN2626300CE,0.1627656913402073
22-01-2026 12:45||NIFTY27JAN2626400CE,0.1718717455947186
22-01-2026 12:50||NIFTY27JAN2624200PE,0.1895567344261966
22-01-2026 12:50||NIFTY27JAN2624300PE,0.1794252621728017
22-01-2026 12:50||NIFTY27JAN2624900PE,0.1323611463433699
22-01-2026 12:50||NIFTY27JAN2625900CE,0.1305663981067751
22-01-2026 12:50||NIFTY27JAN2626200CE,0.1543194744227209
22-01-2026 12:50||NIFTY27JAN2626300CE,0.1634001797701721
22-01-2026 12:55||NIFTY27JAN2624400PE,0.1643034890506317
22-01-2026 12:55||NIFTY27JAN2625100PE,0.1194225698897184
22-01-2026 12:55||NIFTY27JAN2626100CE,0.1520679799737365
22-01-2026 12:55||NIFTY27JAN2626400CE,0.1792088702943945
22-01-2026 13:00||NIFTY27JAN2624000PE,0.204039046199513
22-01-2026 13:00||NIFTY27JAN2624400PE,0.1627813008673856
22-01-2026 13:00||NIFTY27JAN2624900PE,0.1253092522305486
22-01-2026 13:00||NIFTY27JAN2625700CE,0.125328861798476
22-01-2026 13:05||NIFTY27JAN2623800PE,0.2266439175261752
22-01-2026 13:05||NIFTY27JAN2624100PE,0.1933367007270534
22-01-2026 13:05||NIFTY27JAN2624400PE,0.1630065240094788
22-01-2026 13:05||NIFTY27JAN2625000PE,0.1228770529879844
22-01-2026 13:05||NIFTY27JAN2625300CE,0.1148306797198915
22-01-2026 13:05||NIFTY27JAN2625400CE,0.1150979878443567
22-01-2026 13:05||NIFTY27JAN2625700CE,0.124820971203688
22-01-2026 13:10||NIFTY27JAN2624200PE,0.1842186399914603
22-01-2026 13:10||NIFTY27JAN2625300CE,0.1110022987950276
22-01-2026 13:10||NIFTY27JAN2625500CE,0.114487949071966
22-01-2026 13:10||NIFTY27JAN2626000CE,0.1437331130638305
22-01-2026 13:10||NIFTY27JAN2626500CE,0.1900174640134561
22-01-2026 13:15||NIFTY27JAN2624200PE,0.1804782136883037
22-01-2026 13:15||NIFTY27JAN2624600PE,0.1427245718031855
22-01-2026 13:15||NIFTY27JAN2624700PE,0.1346306767745122
22-01-2026 13:15||NIFTY27JAN2625200CE,0.1269825013460368
22-01-2026 13:15||NIFTY27JAN2625600CE,0.1236035388176588
22-01-2026 13:20||NIFTY27JAN2623900PE,0.2146947346886855
22-01-2026 13:20||NIFTY27JAN2624700PE,0.1372307732057985
22-01-2026 13:20||NIFTY27JAN2624900PE,0.1243542315472985
22-01-2026 13:20||NIFTY27JAN2625200CE,0.1187164692516545
22-01-2026 13:20||NIFTY27JAN2625500CE,0.1178939217583286
22-01-2026 13:20||NIFTY27JAN2626100CE,0.1530414159369476
22-01-2026 13:25||NIFTY27JAN2624900PE,0.128952211121559
22-01-2026 13:25||NIFTY27JAN2625100PE,0.1204074926123133
22-01-2026 13:25||NIFTY27JAN2625800CE,0.13013639438851
22-01-2026 13:25||NIFTY27JAN2626100CE,0.1533898349093757
22-01-2026 13:25||NIFTY27JAN2626300CE,0.1721070124432598
22-01-2026 13:30||NIFTY27JAN2623800PE,0.2217567078571701
22-01-2026 13:30||NIFTY27JAN2624000PE,0.1997062118029763
22-01-2026 13:30||NIFTY27JAN2624100PE,0.1887374189964947
22-01-2026 13:30||NIFTY27JAN2624600PE,0.1386829757194575
22-01-2026 13:30||NIFTY27JAN2625100PE,0.0991543003204224
22-01-2026 13:30||NIFTY27JAN2625800CE,0.1367627586257557
22-01-2026 13:30||NIFTY27JAN2625900CE,0.1424886864490723
22-01-2026 13:35||NIFTY27JAN2623800PE,0.2252143351048909
22-01-2026 13:35||NIFTY27JAN2623900PE,0.2154694921717897
22-01-2026 13:35||NIFTY27JAN2624400PE,0.1668174023791847
22-01-2026 13:35||NIFTY27JAN2624600PE,0.1502012251894988
22-01-2026 13:35||NIFTY27JAN2624700PE,0.1430591747537157
22-01-2026 13:35||NIFTY27JAN2625300CE,0.1054157103245948
22-01-2026 13:35||NIFTY27JAN2625500CE,0.1103028236774516
22-01-2026 13:35||NIFTY27JAN2625700CE,0.1194768585343211
22-01-2026 13:35||NIFTY27JAN2626000CE,0.1399388336682875
22-01-2026 13:35||NIFTY27JAN2626100CE,0.1482539895300953
22-01-2026 13:35||NIFTY27JAN2626400CE,0.1767089894023945
22-01-2026 13:40||NIFTY27JAN2624000PE,0.2019186760502659
22-01-2026 13:40||NIFTY27JAN2624200PE,0.1806744193789346
22-01-2026 13:40||NIFTY27JAN2624300PE,0.1705825119590918
22-01-2026 13:40||NIFTY27JAN2624400PE,0.1609317413735367
22-01-2026 13:40||NIFTY27JAN2624900PE,0.1214682647171861
22-01-2026 13:40||NIFTY27JAN2625100PE,0.1096064588406052
22-01-2026 13:40||NIFTY27JAN2625300CE,0.1202389801785056
22-01-2026 13:40||NIFTY27JAN2625400CE,0.1189633476222262
22-01-2026 13:40||NIFTY27JAN2625600CE,0.1221962544709589
22-01-2026 13:40||NIFTY27JAN2626000CE,0.1456746230830307
22-01-2026 13:40||NIFTY27JAN2626300CE,0.1716577934962759
22-01-2026 13:45||NIFTY27JAN2624400PE,0.1588165940777252
22-01-2026 13:45||NIFTY27JAN2625200CE,0.1278956619073946
22-01-2026 13:45||NIFTY27JAN2625800CE,0.1336314037230462
22-01-2026 13:45||NIFTY27JAN2626100CE,0.155261468673046
22-01-2026 13:45||NIFTY27JAN2626300CE,0.1727819208468363
22-01-2026 13:50||NIFTY27JAN2623800PE,0.2251738426718494
22-01-2026 13:50||NIFTY27JAN2625200CE,0.1290188398238362
22-01-2026 13:50||NIFTY27JAN2626300CE,0.1706901328215533
22-01-2026 13:55||NIFTY27JAN2624500PE,0.1536106211815986
22-01-2026 13:55||NIFTY27JAN2624600PE,0.144455506114272
22-01-2026 13:55||NIFTY27JAN2624800PE,0.1284591920496406
22-01-2026 13:55||NIFTY27JAN2625400CE,0.1126012423173453
22-01-2026 13:55||NIFTY27JAN2625500CE,0.1135703972261287
22-01-2026 13:55||NIFTY27JAN2625900CE,0.1326164991079393
22-01-2026 13:55||NIFTY27JAN2626000CE,0.1402288781216378
22-01-2026 13:55||NIFTY27JAN2626400CE,0.1767421013404757
22-01-2026 14:00||NIFTY27JAN2623800PE,0.2279015393411646
22-01-2026 14:00||NIFTY27JAN2623900PE,0.2160275942452345
22-01-2026 14:00||NIFTY27JAN2624300PE,0.1703820797452913
22-01-2026 14:00||NIFTY27JAN2625000PE,0.116657091684689
22-01-2026 14:00||NIFTY27JAN2625300CE,0.1105786995935819
22-01-2026 14:00||NIFTY27JAN2625500CE,0.1117084860222268
22-01-2026 14:00||NIFTY27JAN2625600CE,0.114754488689109
22-01-2026 14:00||NIFTY27JAN2626500CE,0.185400866987071
22-01-2026 14:05||NIFTY27JAN2623800PE,0.2253519830032973
22-01-2026 14:05||NIFTY27JAN2624000PE,0.2027671467214119
22-01-2026 14:05||NIFTY27JAN2624200PE,0.1804047821574915
22-01-2026 14:05||NIFTY27JAN2624300PE,0.1699351256332763
22-01-2026 14:05||NIFTY27JAN2625200CE,0.1072101720618302
22-01-2026 14:05||NIFTY27JAN2626200CE,0.1582225418132427
22-01-2026 14:05||NIFTY27JAN2626400CE,0.1776315721537182
22-01-2026 14:10||NIFTY27JAN2623900PE,0.2126606182785305
22-01-2026 14:10||NIFTY27JAN2624200PE,0.1810959346182484
22-01-2026 14:10||NIFTY27JAN2625100PE,0.1202664780893058
22-01-2026 14:10||NIFTY27JAN2625900CE,0.1327240486533734
22-01-2026 14:15||NIFTY27JAN2623800PE,0.2212370249297605
22-01-2026 14:15||NIFTY27JAN2624600PE,0.1379394895151705
22-01-2026 14:15||NIFTY27JAN2625000PE,0.1118396361478301
22-01-2026 14:15||NIFTY27JAN2625100PE,0.1061263454087948
22-01-2026 14:15||NIFTY27JAN2626500CE,0.1927957973456833
22-01-2026 14:20||NIFTY27JAN2623800PE,0.2157777783050575
22-01-2026 14:20||NIFTY27JAN2623900PE,0.2055448634386272
22-01-2026 14:20||NIFTY27JAN2624000PE,0.1954112348510332
22-01-2026 14:20||NIFTY27JAN2624100PE,0.1853746734995302
22-01-2026 14:20||NIFTY27JAN2624400PE,0.1546184534953104
22-01-2026 14:20||NIFTY27JAN2624900PE,0.1161016185765783
22-01-2026 14:20||NIFTY27JAN2625400CE,0.1139197027812712
22-01-2026 14:20||NIFTY27JAN2625700CE,0.1232618612592203
22-01-2026 14:20||NIFTY27JAN2625800CE,0.1295497005125016
22-01-2026 14:20||NIFTY27JAN2625900CE,0.1369746363461469
22-01-2026 14:20||NIFTY27JAN2626100CE,0.1541985820539222
22-01-2026 14:20||NIFTY27JAN2626200CE,0.1634935562379598
22-01-2026 14:25||NIFTY27JAN2624200PE,0.1749370060696057
22-01-2026 14:25||NIFTY27JAN2624300PE,0.1639557102305341
22-01-2026 14:25||NIFTY27JAN2624600PE,0.1340624461792866
22-01-2026 14:25||NIFTY27JAN2624700PE,0.1251728736415779
22-01-2026 14:25||NIFTY27JAN2626500CE,0.1874138538402491
22-01-2026 14:30||NIFTY27JAN2623800PE,0.225679391176216
22-01-2026 14:30||NIFTY27JAN2624300PE,0.1677371587118196
22-01-2026 14:30||NIFTY27JAN2625600CE,0.1219041803173254
22-01-2026 14:30||NIFTY27JAN2625700CE,0.1237418358849932
22-01-2026 14:30||NIFTY27JAN2625900CE,0.1330714717538799
22-01-2026 14:30||NIFTY27JAN2626500CE,0.1807489209046437
22-01-2026 14:35||NIFTY27JAN2624000PE,0.2055181969281926
22-01-2026 14:35||NIFTY27JAN2624800PE,0.1235003396315055
22-01-2026 14:35||NIFTY27JAN2625500CE,0.1165964659708229
22-01-2026 14:40||NIFTY27JAN2623800PE,0.2301596399009949
22-01-2026 14:40||NIFTY27JAN2625200CE,0.1186082846610518
22-01-2026 14:40||NIFTY27JAN2625400CE,0.1113849086232826
22-01-2026 14:40||NIFTY27JAN2626100CE,0.1397540766147355
22-01-2026 14:40||NIFTY27JAN2626500CE,0.1722419644217936
22-01-2026 14:45||NIFTY27JAN2624000PE,0.2041637505488007
22-01-2026 14:45||NIFTY27JAN2626100CE,0.1378986094401151
22-01-2026 14:50||NIFTY27JAN2624400PE,0.1602941902718013
22-01-2026 14:50||NIFTY27JAN2624500PE,0.1503881767031904
22-01-2026 14:50||NIFTY27JAN2625400CE,0.1060584429201629
22-01-2026 14:50||NIFTY27JAN2625500CE,0.1056533693413091
22-01-2026 14:50||NIFTY27JAN2625600CE,0.1070255043654216
22-01-2026 14:50||NIFTY27JAN2626200CE,0.1435555403399113
22-01-2026 14:55||NIFTY27JAN2624300PE,0.1674407895920417
22-01-2026 14:55||NIFTY27JAN2625000PE,0.108625440340999
22-01-2026 14:55||NIFTY27JAN2626100CE,0.1341770717296428
22-01-2026 14:55||NIFTY27JAN2626500CE,0.1701073919000046
22-01-2026 15:00||NIFTY27JAN2624300PE,0.1667051889646334
22-01-2026 15:00||NIFTY27JAN2624600PE,0.1383027688479817
22-01-2026 15:00||NIFTY27JAN2624900PE,0.116997903732288
22-01-2026 15:00||NIFTY27JAN2625600CE,0.1057609349862871
22-01-2026 15:00||NIFTY27JAN2626400CE,0.1639614395067759
22-01-2026 15:05||NIFTY27JAN2625300CE,0.1293126312656479
22-01-2026 15:05||NIFTY27JAN2625400CE,0.1220940874315532
22-01-2026 15:05||NIFTY27JAN2625600CE,0.1161205089559702
22-01-2026 15:10||NIFTY27JAN2623800PE,0.2273676349255083
22-01-2026 15:10||NIFTY27JAN2624000PE,0.2040142558754873
22-01-2026 15:10||NIFTY27JAN2624200PE,0.1803814983732978
22-01-2026 15:10||NIFTY27JAN2625100PE,0.1034773602924203
22-01-2026 15:10||NIFTY27JAN2625600CE,0.1077639263592584
22-01-2026 15:10||NIFTY27JAN2626100CE,0.129526874061405
22-01-2026 15:15||NIFTY27JAN2623800PE,0.2249799236228614
22-01-2026 15:15||NIFTY27JAN2624200PE,0.1767688598691186
22-01-2026 15:15||NIFTY27JAN2624600PE,0.1343526912389925
22-01-2026 15:15||NIFTY27JAN2625400CE,0.1164126559187286
22-01-2026 15:15||NIFTY27JAN2625800CE,0.1127904111625426
22-01-2026 15:15||NIFTY27JAN2625900CE,0.1171591836295898
22-01-2026 15:15||NIFTY27JAN2626200CE,0.1385176333787074
22-01-2026 15:15||NIFTY27JAN2626300CE,0.1475154807113475
22-01-2026 15:20||NIFTY27JAN2624800PE,0.1180111732303024
22-01-2026 15:20||NIFTY27JAN2625200CE,0.1349629779996992
22-01-2026 15:20||NIFTY27JAN2626400CE,0.1562691323942273
22-01-2026 15:25||NIFTY27JAN2623800PE,0.2253377146816847
22-01-2026 15:25||NIFTY27JAN2624300PE,0.1668299137298778
22-01-2026 15:25||NIFTY27JAN2624700PE,0.1238033044531529
22-01-2026 15:25||NIFTY27JAN2625100PE,0.0969934115664308
22-01-2026 15:25||NIFTY27JAN2625200CE,0.1233291256297953
22-01-2026 15:25||NIFTY27JAN2625300CE,0.1184955660102914
22-01-2026 15:25||NIFTY27JAN2625600CE,0.1075884708343933
22-01-2026 15:25||NIFTY27JAN2625900CE,0.1148092018084242
22-01-2026 15:25||NIFTY27JAN2626000CE,0.1207925432779875
22-01-2026 15:25||NIFTY27JAN2626400CE,0.1566811307881088
23-01-2026 09:15||NIFTY27JAN2624100PE,0.2083205453224498
23-01-2026 09:15||NIFTY27JAN2624200PE,0.195906851735297
23-01-2026 09:15||NIFTY27JAN2624300PE,0.1839678589757605
23-01-2026 09:15||NIFTY27JAN2625500CE,0.1139705986672253
23-01-2026 09:15||NIFTY27JAN2626000CE,0.1307992999593394
23-01-2026 09:15||NIFTY27JAN2626100CE,0.1390362924203909
23-01-2026 09:15||NIFTY27JAN2626200CE,0.1491389859483106
23-01-2026 09:15||NIFTY27JAN2626300CE,0.1612060039224161
23-01-2026 09:15||NIFTY27JAN2626500CE,0.1850909403886838
23-01-2026 09:20||NIFTY27JAN2623900PE,0.2336138520517164
23-01-2026 09:20||NIFTY27JAN2624400PE,0.1689431944315891
23-01-2026 09:20||NIFTY27JAN2625500CE,0.1263441304090797
23-01-2026 09:20||NIFTY27JAN2626200CE,0.1519757297782006
23-01-2026 09:20||NIFTY27JAN2626400CE,0.1755883331723653
23-01-2026 09:25||NIFTY27JAN2623800PE,0.2534632661400392
23-01-2026 09:25||NIFTY27JAN2625100PE,0.112060643181621
23-01-2026 09:25||NIFTY27JAN2626100CE,0.1314941520870256
23-01-2026 09:25||NIFTY27JAN2626200CE,0.1414106864560811
23-01-2026 09:25||NIFTY27JAN2626400CE,0.1664778914447728
23-01-2026 09:30||NIFTY27JAN2623900PE,0.2425909617518668
23-01-2026 09:30||NIFTY27JAN2624000PE,0.2302271080592282
23-01-2026 09:30||NIFTY27JAN2624400PE,0.1803662820631688
23-01-2026 09:30||NIFTY27JAN2624500PE,0.1687842510509598
23-01-2026 09:30||NIFTY27JAN2624600PE,0.1579324774207362
23-01-2026 09:30||NIFTY27JAN2624700PE,0.1479913609863852
23-01-2026 09:30||NIFTY27JAN2625200CE,0.1062712026067511
23-01-2026 09:30||NIFTY27JAN2626300CE,0.1549010568926204
23-01-2026 09:35||NIFTY27JAN2623900PE,0.2395279094276227
23-01-2026 09:35||NIFTY27JAN2624000PE,0.2266893849470289
23-01-2026 09:35||NIFTY27JAN2624400PE,0.175771685735874
23-01-2026 09:35||NIFTY27JAN2625500CE,0.1078856076000286
23-01-2026 09:35||NIFTY27JAN2626100CE,0.135282392177676
23-01-2026 09:40||NIFTY27JAN2625400CE,0.104020588871899
23-01-2026 09:40||NIFTY27JAN2625500CE,0.1029188868690952
23-01-2026 09:40||NIFTY27JAN2626000CE,0.1254366149109294
23-01-2026 09:45||NIFTY27JAN2623900PE,0.2360002588441254
23-01-2026 09:45||NIFTY27JAN2624100PE,0.2092427149449052
23-01-2026 09:45||NIFTY27JAN2624300PE,0.1834275775429573
23-01-2026 09:45||NIFTY27JAN2624800PE,0.1280644114201729
23-01-2026 09:45||NIFTY27JAN2624900PE,0.1192872728464799
23-01-2026 09:45||NIFTY27JAN2626100CE,0.1393456399340257
23-01-2026 09:45||NIFTY27JAN2626400CE,0.1773415998107373
23-01-2026 09:50||NIFTY27JAN2623900PE,0.239022469700145
23-01-2026 09:50||NIFTY27JAN2624200PE,0.2013049547318853
23-01-2026 09:50||NIFTY27JAN2624400PE,0.1768515713848353
23-01-2026 09:50||NIFTY27JAN2624700PE,0.1447454455384308
23-01-2026 09:50||NIFTY27JAN2625200CE,0.1047548570685809
23-01-2026 09:50||NIFTY27JAN2625300CE,0.1027168272704245
23-01-2026 09:50||NIFTY27JAN2625700CE,0.1038742029172035
23-01-2026 09:50||NIFTY27JAN2625800CE,0.109574097524206
23-01-2026 09:55||NIFTY27JAN2623800PE,0.2496525249332563
23-01-2026 09:55||NIFTY27JAN2624200PE,0.1976065817078929
23-01-2026 09:55||NIFTY27JAN2624800PE,0.1296894689423207
23-01-2026 09:55||NIFTY27JAN2625000PE,0.11463578527701
23-01-2026 09:55||NIFTY27JAN2625200CE,0.1198549037080984
23-01-2026 09:55||NIFTY27JAN2625700CE,0.1085741901812922
23-01-2026 09:55||NIFTY27JAN2626300CE,0.1606997540055214
23-01-2026 10:00||NIFTY27JAN2624700PE,0.1419512184888946
23-01-2026 10:00||NIFTY27JAN2625900CE,0.1148645480010705
23-01-2026 10:00||NIFTY27JAN2626000CE,0.1228340336989454
23-01-2026 10:00||NIFTY27JAN2626100CE,0.1324799691753588
23-01-2026 10:00||NIFTY27JAN2626300CE,0.1563681439860389
23-01-2026 10:05||NIFTY27JAN2623800PE,0.2498794418083709
23-01-2026 10:05||NIFTY27JAN2624100PE,0.2123430410067998
23-01-2026 10:05||NIFTY27JAN2624600PE,0.1511911536891606
23-01-2026 10:05||NIFTY27JAN2624800PE,0.131883244251127
23-01-2026 10:05||NIFTY27JAN2626200CE,0.146117867639629
23-01-2026 10:10||NIFTY27JAN2623800PE,0.2492465030880124
23-01-2026 10:10||NIFTY27JAN2624000PE,0.224249781668087
23-01-2026 10:10||NIFTY27JAN2624400PE,0.1723311972290446
23-01-2026 10:10||NIFTY27JAN2624600PE,0.1494823230434534
23-01-2026 10:10||NIFTY27JAN2624800PE,0.1301498456952965
23-01-2026 10:10||NIFTY27JAN2625300CE,0.1048358818860377
23-01-2026 10:15||NIFTY27JAN2624700PE,0.1420999308589958
23-01-2026 10:15||NIFTY27JAN2625700CE,0.103455421016526
23-01-2026 10:15||NIFTY27JAN2625900CE,0.1167874491084182
23-01-2026 10:15||NIFTY27JAN2626000CE,0.1257898057582544
23-01-2026 10:15||NIFTY27JAN2626400CE,0.1767046894738599
23-01-2026 10:20||NIFTY27JAN2625700CE,0.1071309967156373
23-01-2026 10:20||NIFTY27JAN2625800CE,0.1128371881627322
23-01-2026 10:20||NIFTY27JAN2626100CE,0.1405453081710485
23-01-2026 10:20||NIFTY27JAN2626500CE,0.1870158568870237
23-01-2026 10:25||NIFTY27JAN2623800PE,0.2477730462060304
23-01-2026 10:25||NIFTY27JAN2624400PE,0.1688713433908576
23-01-2026 10:25||NIFTY27JAN2624600PE,0.1443342073703487
23-01-2026 10:25||NIFTY27JAN2625100PE,0.0993880609218398
23-01-2026 10:25||NIFTY27JAN2625400CE,0.1125666936561901
23-01-2026 10:25||NIFTY27JAN2626000CE,0.1276656910948308
23-01-2026 10:30||NIFTY27JAN2624100PE,0.2138840111967297
23-01-2026 10:30||NIFTY27JAN2624400PE,0.1744508605677052
23-01-2026 10:30||NIFTY27JAN2624600PE,0.14968816048663
23-01-2026 10:30||NIFTY27JAN2625100PE,0.1058159815391254
23-01-2026 10:35||NIFTY27JAN2624000PE,0.2283828586880449
23-01-2026 10:35||NIFTY27JAN2624100PE,0.2156136322582078
23-01-2026 10:35||NIFTY27JAN2624200PE,0.2025442118510666
23-01-2026 10:35||NIFTY27JAN2624500PE,0.1640659677616944
23-01-2026 10:35||NIFTY27JAN2624900PE,0.1234053781701071
23-01-2026 10:35||NIFTY27JAN2625100PE,0.1091203282027886
23-01-2026 10:35||NIFTY27JAN2625600CE,0.0983558730019738
23-01-2026 10:40||NIFTY27JAN2624000PE,0.2258566719847803
23-01-2026 10:40||NIFTY27JAN2624600PE,0.150578341747101
23-01-2026 10:40||NIFTY27JAN2624800PE,0.1299397186289195
23-01-2026 10:40||NIFTY27JAN2625300CE,0.1047016807849271
23-01-2026 10:40||NIFTY27JAN2625800CE,0.107539508732391
23-01-2026 10:45||NIFTY27JAN2624100PE,0.2138647807323773
23-01-2026 10:45||NIFTY27JAN2625100PE,0.1107617366005841
23-01-2026 10:45||NIFTY27JAN2625900CE,0.1115597372628596
23-01-2026 10:45||NIFTY27JAN2626200CE,0.1447190888891192
23-01-2026 10:45||NIFTY27JAN2626500CE,0.1813860911593044
23-01-2026 10:50||NIFTY27JAN2623900PE,0.2381167058278676
23-01-2026 10:50||NIFTY27JAN2625400CE,0.0985755592330673
23-01-2026 10:50||NIFTY27JAN2625700CE,0.1021576747768473
23-01-2026 10:50||NIFTY27JAN2626200CE,0.1458189954388242
23-01-2026 10:50||NIFTY27JAN2626300CE,0.1583017040188277
23-01-2026 10:50||NIFTY27JAN2626400CE,0.1715681300879656
23-01-2026 10:55||NIFTY27JAN2623800PE,0.2499072214551981
23-01-2026 10:55||NIFTY27JAN2624600PE,0.1475100572259836
23-01-2026 10:55||NIFTY27JAN2624900PE,0.1174090977403171
23-01-2026 10:55||NIFTY27JAN2626200CE,0.1469070103064687
23-01-2026 11:00||NIFTY27JAN2625100PE,0.1071224274067795
23-01-2026 11:00||NIFTY27JAN2625400CE,0.0935728333421044
23-01-2026 11:00||NIFTY27JAN2625800CE,0.1072714104773677
23-01-2026 11:00||NIFTY27JAN2626100CE,0.1357731040331304
23-01-2026 11:05||NIFTY27JAN2624200PE,0.1960131920837139
23-01-2026 11:05||NIFTY27JAN2625600CE,0.1007561215642505
23-01-2026 11:05||NIFTY27JAN2625700CE,0.1042520261967076
23-01-2026 11:05||NIFTY27JAN2626200CE,0.150250535619962
23-01-2026 11:05||NIFTY27JAN2626500CE,0.1871962784423393
23-01-2026 11:10||NIFTY27JAN2624000PE,0.2237636941668062
23-01-2026 11:10||NIFTY27JAN2624100PE,0.2105810313662696
23-01-2026 11:10||NIFTY27JAN2625300CE,0.1002954912299722
23-01-2026 11:10||NIFTY27JAN2626300CE,0.160999438356563
23-01-2026 11:15||NIFTY27JAN2624200PE,0.1962902908582611
23-01-2026 11:15||NIFTY27JAN2624800PE,0.1278751545583455
23-01-2026 11:15||NIFTY27JAN2624900PE,0.1196197937730287
23-01-2026 11:15||NIFTY27JAN2625300CE,0.0901989582201417
23-01-2026 11:15||NIFTY27JAN2625400CE,0.0883595972426008
23-01-2026 11:15||NIFTY27JAN2625500CE,0.0894849462251222
23-01-2026 11:15||NIFTY27JAN2625700CE,0.0991378363864565
23-01-2026 11:15||NIFTY27JAN2626300CE,0.1619330899975594
23-01-2026 11:20||NIFTY27JAN2624100PE,0.208070413132503
23-01-2026 11:20||NIFTY27JAN2624400PE,0.1686495554481921
23-01-2026 11:20||NIFTY27JAN2624800PE,0.1230922243499389
23-01-2026 11:20||NIFTY27JAN2625100PE,0.0998772321386683
23-01-2026 11:20||NIFTY27JAN2626000CE,0.1269558300180369
23-01-2026 11:20||NIFTY27JAN2626300CE,0.1632393212065567
23-01-2026 11:25||NIFTY27JAN2623800PE,0.2458286656968563
23-01-2026 11:25||NIFTY27JAN2623900PE,0.2335651848104105
23-01-2026 11:25||NIFTY27JAN2624900PE,0.1140483568454999
23-01-2026 11:25||NIFTY27JAN2625200CE,0.1062763215088524
23-01-2026 11:25||NIFTY27JAN2625800CE,0.1086398802484299
23-01-2026 11:25||NIFTY27JAN2626400CE,0.1758759237325798
23-01-2026 11:30||NIFTY27JAN2624700PE,0.1372721797507619
23-01-2026 11:30||NIFTY27JAN2624900PE,0.1194988000068008
23-01-2026 11:30||NIFTY27JAN2625000PE,0.1126720532749744
23-01-2026 11:30||NIFTY27JAN2625500CE,0.0900753408921856
23-01-2026 11:30||NIFTY27JAN2625800CE,0.1059911373161639
23-01-2026 11:30||NIFTY27JAN2626000CE,0.1245516816862545
23-01-2026 11:30||NIFTY27JAN2626200CE,0.1480813420528124
23-01-2026 11:30||NIFTY27JAN2626400CE,0.1754460704972081
23-01-2026 11:35||NIFTY27JAN2624900PE,0.1206832246537032
23-01-2026 11:35||NIFTY27JAN2625400CE,0.0901315047246292
23-01-2026 11:35||NIFTY27JAN2626000CE,0.1289914636906189
23-01-2026 11:40||NIFTY27JAN2623900PE,0.2276879541991672
23-01-2026 11:40||NIFTY27JAN2624300PE,0.1753039339228624
23-01-2026 11:40||NIFTY27JAN2624900PE,0.1152642635004898
23-01-2026 11:40||NIFTY27JAN2625500CE,0.0975890824826461
23-01-2026 11:40||NIFTY27JAN2626300CE,0.175731239947144
23-01-2026 11:40||NIFTY27JAN2626500CE,0.1951211954936184
23-01-2026 11:45||NIFTY27JAN2625300CE,0.0952056299644384
23-01-2026 11:45||NIFTY27JAN2626100CE,0.151138308114622
23-01-2026 11:45||NIFTY27JAN2626400CE,0.1884010766651787
23-01-2026 11:50||NIFTY27JAN2624100PE,0.1941265708820809
23-01-2026 11:50||NIFTY27JAN2624500PE,0.1464639152633095
23-01-2026 11:50||NIFTY27JAN2625400CE,0.1046599834240959
23-01-2026 11:50||NIFTY27JAN2625500CE,0.1058183269929924
23-01-2026 11:50||NIFTY27JAN2625700CE,0.1155099451521977
23-01-2026 11:55||NIFTY27JAN2624800PE,0.1197207274255849
23-01-2026 11:55||NIFTY27JAN2625100PE,0.1017934011774932
23-01-2026 11:55||NIFTY27JAN2625700CE,0.1128481143809388
23-01-2026 11:55||NIFTY27JAN2626200CE,0.1636547432813475
23-01-2026 11:55||NIFTY27JAN2626500CE,0.1957818935506539
23-01-2026 12:00||NIFTY27JAN2624000PE,0.2102913129640238
23-01-2026 12:00||NIFTY27JAN2624300PE,0.1709736757450108
23-01-2026 12:00||NIFTY27JAN2624800PE,0.1185391028522413
23-01-2026 12:00||NIFTY27JAN2625200CE,0.1070830269408168
23-01-2026 12:00||NIFTY27JAN2625800CE,0.120538078170637
23-01-2026 12:00||NIFTY27JAN2625900CE,0.130068521974061
23-01-2026 12:00||NIFTY27JAN2626400CE,0.1875952564721431
23-01-2026 12:05||NIFTY27JAN2624600PE,0.139386581105826
23-01-2026 12:05||NIFTY27JAN2625300CE,0.0949327400576337
23-01-2026 12:05||NIFTY27JAN2625400CE,0.0955154744191448
23-01-2026 12:05||NIFTY27JAN2626400CE,0.1885720632856861
23-01-2026 12:10||NIFTY27JAN2623900PE,0.2208053255742247
23-01-2026 12:10||NIFTY27JAN2624000PE,0.2073878665008673
23-01-2026 12:10||NIFTY27JAN2625000PE,0.1062343444084884
23-01-2026 12:10||NIFTY27JAN2625700CE,0.1152389826927218
23-01-2026 12:10||NIFTY27JAN2626200CE,0.1672596284267102
23-01-2026 12:10||NIFTY27JAN2626500CE,0.1992181477201647
23-01-2026 12:15||NIFTY27JAN2625500CE,0.1081513251540658
23-01-2026 12:15||NIFTY27JAN2626100CE,0.153682024627646
23-01-2026 12:15||NIFTY27JAN2626300CE,0.177650561586094
23-01-2026 12:20||NIFTY27JAN2624200PE,0.1850847232986353
23-01-2026 12:20||NIFTY27JAN2625200CE,0.0918556139197392
23-01-2026 12:20||NIFTY27JAN2625300CE,0.0940507397443937
23-01-2026 12:20||NIFTY27JAN2625400CE,0.096767229529095
23-01-2026 12:20||NIFTY27JAN2625800CE,0.1182643539127935
23-01-2026 12:20||NIFTY27JAN2626100CE,0.1525815814212374
23-01-2026 12:25||NIFTY27JAN2624300PE,0.1699500144962344
23-01-2026 12:25||NIFTY27JAN2624500PE,0.1458829313239786
23-01-2026 12:25||NIFTY27JAN2624600PE,0.1349187021570498
23-01-2026 12:25||NIFTY27JAN2624900PE,0.1079398544763605
23-01-2026 12:25||NIFTY27JAN2625400CE,0.1024204939905419
23-01-2026 12:25||NIFTY27JAN2625600CE,0.1072011607725063
23-01-2026 12:25||NIFTY27JAN2626400CE,0.189333525503264
23-01-2026 12:30||NIFTY27JAN2623800PE,0.2355608553317663
23-01-2026 12:30||NIFTY27JAN2624100PE,0.1960542979798686
23-01-2026 12:30||NIFTY27JAN2624200PE,0.1826917351916721
23-01-2026 12:30||NIFTY27JAN2624500PE,0.1450429226970978
23-01-2026 12:30||NIFTY27JAN2625900CE,0.1295534494414794
23-01-2026 12:30||NIFTY27JAN2626100CE,0.1514867707345734
23-01-2026 12:30||NIFTY27JAN2626200CE,0.1635180589200143
23-01-2026 12:35||NIFTY27JAN2624100PE,0.1967102896291094
23-01-2026 12:35||NIFTY27JAN2624400PE,0.1572888703547386
23-01-2026 12:35||NIFTY27JAN2625100PE,0.0902197688960879
23-01-2026 12:35||NIFTY27JAN2625300CE,0.1072082530497849
23-01-2026 12:35||NIFTY27JAN2626100CE,0.1520740374320801
23-01-2026 12:40||NIFTY27JAN2624500PE,0.143949652654267
23-01-2026 12:40||NIFTY27JAN2624600PE,0.1322858520807896
23-01-2026 12:40||NIFTY27JAN2624900PE,0.1029205646323621
23-01-2026 12:40||NIFTY27JAN2625300CE,0.1080918130094075
23-01-2026 12:45||NIFTY27JAN2623800PE,0.2362542251330279
23-01-2026 12:45||NIFTY27JAN2623900PE,0.2239566637654819
23-01-2026 12:45||NIFTY27JAN2624600PE,0.1383353397887442
23-01-2026 12:45||NIFTY27JAN2625900CE,0.1229840537793493
23-01-2026 12:50||NIFTY27JAN2623800PE,0.2356984500955134
23-01-2026 12:50||NIFTY27JAN2624400PE,0.1554931126853717
23-01-2026 12:50||NIFTY27JAN2624800PE,0.1105110631360642
23-01-2026 12:50||NIFTY27JAN2625300CE,0.1099792648744933
23-01-2026 12:50||NIFTY27JAN2625600CE,0.107449830116533
23-01-2026 12:50||NIFTY27JAN2625700CE,0.1124945065011767
23-01-2026 12:50||NIFTY27JAN2626000CE,0.1392194143846914
23-01-2026 12:50||NIFTY27JAN2626400CE,0.1866862222597045
23-01-2026 12:55||NIFTY27JAN2624200PE,0.1855644060583397
23-01-2026 12:55||NIFTY27JAN2625400CE,0.0909420980637472
23-01-2026 12:55||NIFTY27JAN2625600CE,0.099643467276785
23-01-2026 12:55||NIFTY27JAN2625800CE,0.1158498488130716
23-01-2026 12:55||NIFTY27JAN2626400CE,0.1859436673512233
23-01-2026 13:00||NIFTY27JAN2624900PE,0.1033432148973416
23-01-2026 13:00||NIFTY27JAN2625700CE,0.1131149516610719
23-01-2026 13:00||NIFTY27JAN2626000CE,0.1431234098154465
23-01-2026 13:05||NIFTY27JAN2623800PE,0.2318770328254117
23-01-2026 13:05||NIFTY27JAN2625200CE,0.1025193000269185
23-01-2026 13:05||NIFTY27JAN2625900CE,0.1317964819166384
23-01-2026 13:10||NIFTY27JAN2623900PE,0.2219191653220913
23-01-2026 13:10||NIFTY27JAN2624000PE,0.2091029535097202
23-01-2026 13:10||NIFTY27JAN2624100PE,0.1958136652579088
23-01-2026 13:10||NIFTY27JAN2624700PE,0.1209008780713029
23-01-2026 13:10||NIFTY27JAN2625100PE,0.0911060903357779
23-01-2026 13:10||NIFTY27JAN2625800CE,0.1205830847684419
23-01-2026 13:10||NIFTY27JAN2626000CE,0.1422212198382024
23-01-2026 13:15||NIFTY27JAN2623800PE,0.2281853417456336
23-01-2026 13:15||NIFTY27JAN2624200PE,0.1778540810303203
23-01-2026 13:15||NIFTY27JAN2625300CE,0.0937793412894157
23-01-2026 13:15||NIFTY27JAN2625600CE,0.1076971646913143
23-01-2026 13:15||NIFTY27JAN2625900CE,0.136901144217783
23-01-2026 13:15||NIFTY27JAN2626000CE,0.1484607423187698
23-01-2026 13:20||NIFTY27JAN2624700PE,0.1229752438479281
23-01-2026 13:20||NIFTY27JAN2624800PE,0.1154891797006564
23-01-2026 13:20||NIFTY27JAN2625700CE,0.1224735209966483
23-01-2026 13:20||NIFTY27JAN2626200CE,0.1773157712345009
23-01-2026 13:20||NIFTY27JAN2626500CE,0.2104007241850599
23-01-2026 13:25||NIFTY27JAN2624100PE,0.1863543300674378
23-01-2026 13:25||NIFTY27JAN2624500PE,0.1386142603122018
23-01-2026 13:25||NIFTY27JAN2625000PE,0.1018368138840701
23-01-2026 13:25||NIFTY27JAN2625400CE,0.1022134782669196
23-01-2026 13:30||NIFTY27JAN2624700PE,0.1282490318882923
23-01-2026 13:30||NIFTY27JAN2624800PE,0.1223879135375712
23-01-2026 13:30||NIFTY27JAN2625000PE,0.1153753479205779
23-01-2026 13:30||NIFTY27JAN2625400CE,0.1092393613779344
23-01-2026 13:30||NIFTY27JAN2625700CE,0.1320963167426339
23-01-2026 13:30||NIFTY27JAN2626000CE,0.1651288970304013
23-01-2026 13:35||NIFTY27JAN2623900PE,0.2096287793802411
23-01-2026 13:35||NIFTY27JAN2624100PE,0.1824492460428567
23-01-2026 13:35||NIFTY27JAN2624900PE,0.1102720185186704
23-01-2026 13:35||NIFTY27JAN2625600CE,0.1244191815627606
23-01-2026 13:35||NIFTY27JAN2626000CE,0.1663601054102695
23-01-2026 13:35||NIFTY27JAN2626200CE,0.1899054235309192
23-01-2026 13:35||NIFTY27JAN2626500CE,0.2218813234217738
23-01-2026 13:40||NIFTY27JAN2623900PE,0.213407604049216
23-01-2026 13:40||NIFTY27JAN2624600PE,0.1364333046050055
23-01-2026 13:40||NIFTY27JAN2624900PE,0.1211294731499792
23-01-2026 13:40||NIFTY27JAN2625700CE,0.1341764833268188
23-01-2026 13:40||NIFTY27JAN2625800CE,0.1446682569181061
23-01-2026 13:40||NIFTY27JAN2626300CE,0.2016874342432597
23-01-2026 13:45||NIFTY27JAN2623900PE,0.206668715938195
23-01-2026 13:45||NIFTY27JAN2624000PE,0.1930315771781633
23-01-2026 13:45||NIFTY27JAN2624500PE,0.1352338152180101
23-01-2026 13:45||NIFTY27JAN2624600PE,0.1262427489854909
23-01-2026 13:45||NIFTY27JAN2625000PE,0.1010162359372651
23-01-2026 13:45||NIFTY27JAN2625300CE,0.1129181408865875
23-01-2026 13:45||NIFTY27JAN2626100CE,0.1831027242941262
23-01-2026 13:45||NIFTY27JAN2626300CE,0.2062192541988287
23-01-2026 13:50||NIFTY27JAN2624000PE,0.1941491135545388
23-01-2026 13:50||NIFTY27JAN2624500PE,0.1348074776144422
23-01-2026 13:50||NIFTY27JAN2625100PE,0.0969569948376466
23-01-2026 13:50||NIFTY27JAN2626400CE,0.2179202562382602
23-01-2026 13:55||NIFTY27JAN2625500CE,0.122387258080003
23-01-2026 13:55||NIFTY27JAN2625700CE,0.1382360206220209
23-01-2026 13:55||NIFTY27JAN2625800CE,0.1480452748428285
23-01-2026 13:55||NIFTY27JAN2626400CE,0.2160394865384931
23-01-2026 13:55||NIFTY27JAN2626500CE,0.2271563274579583
23-01-2026 14:00||NIFTY27JAN2624200PE,0.1665928768665756
23-01-2026 14:00||NIFTY27JAN2624300PE,0.1547551120966928
23-01-2026 14:00||NIFTY27JAN2625300CE,0.1142788235984963
23-01-2026 14:00||NIFTY27JAN2625400CE,0.1168817564263007
23-01-2026 14:00||NIFTY27JAN2625500CE,0.1218338835462216
23-01-2026 14:00||NIFTY27JAN2625800CE,0.147093442919028
23-01-2026 14:05||NIFTY27JAN2624200PE,0.1684783351781225
23-01-2026 14:05||NIFTY27JAN2624800PE,0.1115457747429361
23-01-2026 14:05||NIFTY27JAN2626300CE,0.2013306305990997
23-01-2026 14:10||NIFTY27JAN2623900PE,0.2103682981910041
23-01-2026 14:10||NIFTY27JAN2625800CE,0.1464011611049652
23-01-2026 14:10||NIFTY27JAN2626400CE,0.213741887610222
23-01-2026 14:15||NIFTY27JAN2625000PE,0.1127589082396463
23-01-2026 14:15||NIFTY27JAN2625400CE,0.1073557445692043
23-01-2026 14:15||NIFTY27JAN2626400CE,0.207222885904419
23-01-2026 14:20||NIFTY27JAN2624100PE,0.1829294415207796
23-01-2026 14:20||NIFTY27JAN2624800PE,0.1154202447386157
23-01-2026 14:20||NIFTY27JAN2625400CE,0.111824554134251
23-01-2026 14:20||NIFTY27JAN2625600CE,0.1254063917464743
23-01-2026 14:20||NIFTY27JAN2625800CE,0.1444847059975249
23-01-2026 14:20||NIFTY27JAN2626400CE,0.210228686456489
23-01-2026 14:20||NIFTY27JAN2626500CE,0.2210703145610412
23-01-2026 14:25||NIFTY27JAN2624200PE,0.1636044532891841
23-01-2026 14:25||NIFTY27JAN2624400PE,0.1398703582436532
23-01-2026 14:25||NIFTY27JAN2624500PE,0.1294841895207011
23-01-2026 14:25||NIFTY27JAN2625200CE,0.1131954347478687
23-01-2026 14:25||NIFTY27JAN2626200CE,0.188368679170674
23-01-2026 14:25||NIFTY27JAN2626300CE,0.1996733865537235
23-01-2026 14:25||NIFTY27JAN2626400CE,0.2105396734918329
23-01-2026 14:30||NIFTY27JAN2624600PE,0.1232096333906424
23-01-2026 14:30||NIFTY27JAN2625700CE,0.133047092294961
23-01-2026 14:35||NIFTY27JAN2623900PE,0.2124644796716111
23-01-2026 14:35||NIFTY27JAN2624500PE,0.1341995167736409
23-01-2026 14:35||NIFTY27JAN2624700PE,0.1158375519491377
23-01-2026 14:35||NIFTY27JAN2625400CE,0.1096401757049928
23-01-2026 14:35||NIFTY27JAN2625600CE,0.1206604231498623
23-01-2026 14:35||NIFTY27JAN2625800CE,0.138220781391621
23-01-2026 14:35||NIFTY27JAN2625900CE,0.1486594299472701
23-01-2026 14:35||NIFTY27JAN2626000CE,0.1597945570364669
23-01-2026 14:35||NIFTY27JAN2626300CE,0.1944305328266708
23-01-2026 14:40||NIFTY27JAN2623900PE,0.2135972034542957
23-01-2026 14:40||NIFTY27JAN2624300PE,0.1605351136778512
23-01-2026 14:40||NIFTY27JAN2624400PE,0.1480779649008839
23-01-2026 14:40||NIFTY27JAN2625000PE,0.1000663926120828
23-01-2026 14:40||NIFTY27JAN2625100PE,0.0949958615698487
23-01-2026 14:40||NIFTY27JAN2625200CE,0.1013676220315981
23-01-2026 14:40||NIFTY27JAN2625700CE,0.1311234313824542
23-01-2026 14:40||NIFTY27JAN2625800CE,0.1408121123801205
23-01-2026 14:40||NIFTY27JAN2626400CE,0.2059622930418349
23-01-2026 14:45||NIFTY27JAN2624400PE,0.1486581430264269
23-01-2026 14:45||NIFTY27JAN2624700PE,0.1209739181088006
23-01-2026 14:45||NIFTY27JAN2625100PE,0.1039694029364224
23-01-2026 14:45||NIFTY27JAN2625400CE,0.1083141453027345
23-01-2026 14:45||NIFTY27JAN2625600CE,0.1224640005298093
23-01-2026 14:45||NIFTY27JAN2626000CE,0.1638866142517459
23-01-2026 14:45||NIFTY27JAN2626200CE,0.1866111299883865
23-01-2026 14:50||NIFTY27JAN2623800PE,0.2190165161161263
23-01-2026 14:50||NIFTY27JAN2624500PE,0.1297058566064307
23-01-2026 14:50||NIFTY27JAN2624800PE,0.1037230277367991
23-01-2026 14:50||NIFTY27JAN2625200CE,0.1072551620050387
23-01-2026 14:50||NIFTY27JAN2625300CE,0.1120845712318658
23-01-2026 14:50||NIFTY27JAN2625500CE,0.1218285008334157
23-01-2026 14:55||NIFTY27JAN2623900PE,0.2127215394738411
23-01-2026 14:55||NIFTY27JAN2624400PE,0.145705409999241
23-01-2026 14:55||NIFTY27JAN2625200CE,0.101359682163417
23-01-2026 14:55||NIFTY27JAN2625900CE,0.1493853664397199
23-01-2026 14:55||NIFTY27JAN2626200CE,0.1835420657510849
23-01-2026 15:00||NIFTY27JAN2623900PE,0.2114097975883383
23-01-2026 15:00||NIFTY27JAN2624100PE,0.1827517427475115
23-01-2026 15:00||NIFTY27JAN2624300PE,0.1568656706025992
23-01-2026 15:00||NIFTY27JAN2624600PE,0.1254598881154366
23-01-2026 15:05||NIFTY27JAN2623900PE,0.208651681807175
23-01-2026 15:05||NIFTY27JAN2624800PE,0.1191361600804362
23-01-2026 15:05||NIFTY27JAN2626200CE,0.1943025395713048
23-01-2026 15:10||NIFTY27JAN2623800PE,0.2185691521799717
23-01-2026 15:10||NIFTY27JAN2624000PE,0.1931954344657776
23-01-2026 15:10||NIFTY27JAN2624200PE,0.1661423580057359
23-01-2026 15:10||NIFTY27JAN2624600PE,0.1227798021923469
23-01-2026 15:10||NIFTY27JAN2625000PE,0.0987562872696122
23-01-2026 15:10||NIFTY27JAN2625300CE,0.1122292355598073
23-01-2026 15:10||NIFTY27JAN2625700CE,0.1396226894827302
23-01-2026 15:10||NIFTY27JAN2626100CE,0.1845761515037855
23-01-2026 15:10||NIFTY27JAN2626200CE,0.1961057439132492
23-01-2026 15:10||NIFTY27JAN2626300CE,0.2071346548527446
23-01-2026 15:15||NIFTY27JAN2624100PE,0.1793583234792423
23-01-2026 15:15||NIFTY27JAN2624200PE,0.1656349110482393
23-01-2026 15:15||NIFTY27JAN2625000PE,0.1028514196820326
23-01-2026 15:20||NIFTY27JAN2623800PE,0.2225769486401344
23-01-2026 15:20||NIFTY27JAN2623900PE,0.2080148840917131
23-01-2026 15:20||NIFTY27JAN2624800PE,0.1037202746738421
23-01-2026 15:20||NIFTY27JAN2625400CE,0.1199683935069431
23-01-2026 15:20||NIFTY27JAN2625500CE,0.1258381793558567
23-01-2026 15:20||NIFTY27JAN2625700CE,0.142350745799798
23-01-2026 15:20||NIFTY27JAN2625900CE,0.1631640000584761
23-01-2026 15:20||NIFTY27JAN2626200CE,0.1972739213784378
23-01-2026 15:25||NIFTY27JAN2624500PE,0.1272689857607783
23-01-2026 15:25||NIFTY27JAN2624600PE,0.1179978889906588
23-01-2026 15:25||NIFTY27JAN2625700CE,0.1401165881751848
27-01-2026 09:15||NIFTY27JAN2626200CE,0.6697145416135108
27-01-2026 09:15||NIFTY27JAN2626400CE,0.7567027278680295
27-01-2026 09:15||NIFTY27JAN2626500CE,0.8021968009457866
27-01-2026 09:20||NIFTY27JAN2624400PE,0.4339565099929823
27-01-2026 09:20||NIFTY27JAN2624900PE,0.3923296962062512
27-01-2026 09:20||NIFTY27JAN2625100PE,0.4286969514221186
27-01-2026 09:20||NIFTY27JAN2625400CE,0.4013626916699385
27-01-2026 09:20||NIFTY27JAN2625500CE,0.4309055215350253
27-01-2026 09:20||NIFTY27JAN2625600CE,0.4679963144220737
27-01-2026 09:20||NIFTY27JAN2625700CE,0.5109943612218976
27-01-2026 09:20||NIFTY27JAN2626500CE,0.8924663678393021
27-01-2026 09:25||NIFTY27JAN2623900PE,0.663916344590487
27-01-2026 09:25||NIFTY27JAN2624600PE,0.3523853293344078
27-01-2026 09:25||NIFTY27JAN2625100PE,0.2668819652793601
27-01-2026 09:25||NIFTY27JAN2625500CE,0.4557621084852067
27-01-2026 09:25||NIFTY27JAN2625900CE,0.6363265809139531
27-01-2026 09:25||NIFTY27JAN2626500CE,0.919319473023121
27-01-2026 09:30||NIFTY27JAN2624400PE,0.3945435505591959
27-01-2026 09:30||NIFTY27JAN2624800PE,0.2780126220050375
27-01-2026 09:30||NIFTY27JAN2624900PE,0.2473892401328333
27-01-2026 09:30||NIFTY27JAN2625400CE,0.4387432978351359
27-01-2026 09:30||NIFTY27JAN2625600CE,0.4940773058770096
27-01-2026 09:30||NIFTY27JAN2625800CE,0.582789608750829
27-01-2026 09:30||NIFTY27JAN2626100CE,0.7417120696190043
27-01-2026 09:30||NIFTY27JAN2626400CE,0.8841011401565213
27-01-2026 09:35||NIFTY27JAN2623800PE,0.7576661622896359
27-01-2026 09:35||NIFTY27JAN2624500PE,0.3973379163007504
27-01-2026 09:35||NIFTY27JAN2625700CE,0.4818838156280249
27-01-2026 09:35||NIFTY27JAN2626200CE,0.729300140065241
27-01-2026 09:45||NIFTY27JAN2623800PE,0.8253065027451129
27-01-2026 09:45||NIFTY27JAN2624000PE,0.7323585167871851
27-01-2026 09:45||NIFTY27JAN2624500PE,0.4827785707263956
27-01-2026 09:45||NIFTY27JAN2625000PE,0.3186433819146498
27-01-2026 09:45||NIFTY27JAN2625600CE,0.3693748419546989
27-01-2026 09:45||NIFTY27JAN2626200CE,0.6493648561090675
27-01-2026 09:45||NIFTY27JAN2626300CE,0.699993674976607
27-01-2026 09:50||NIFTY27JAN2623800PE,0.8286387244290628
27-01-2026 09:50||NIFTY27JAN2624200PE,0.6137516406762619
27-01-2026 09:50||NIFTY27JAN2624800PE,0.3861918012128297
27-01-2026 09:50||NIFTY27JAN2624900PE,0.3595896784850652
27-01-2026 09:50||NIFTY27JAN2626300CE,0.7033699563683126
27-01-2026 09:55||NIFTY27JAN2624100PE,0.6565282697447626
27-01-2026 09:55||NIFTY27JAN2624700PE,0.4118361801455382
27-01-2026 09:55||NIFTY27JAN2624800PE,0.3866637784299035
27-01-2026 09:55||NIFTY27JAN2625000PE,0.3502316619090533
27-01-2026 09:55||NIFTY27JAN2625700CE,0.4044237992013916
27-01-2026 09:55||NIFTY27JAN2626000CE,0.5612009390224989
27-01-2026 09:55||NIFTY27JAN2626200CE,0.6694699488788188
27-01-2026 10:00||NIFTY27JAN2624000PE,0.731778213260891
27-01-2026 10:00||NIFTY27JAN2625300CE,0.3047668606096321
27-01-2026 10:00||NIFTY27JAN2625400CE,0.3063411807547315
27-01-2026 10:00||NIFTY27JAN2625600CE,0.358710004230274
27-01-2026 10:00||NIFTY27JAN2625800CE,0.4535540202925967
27-01-2026 10:00||NIFTY27JAN2626100CE,0.6174235210745644
27-01-2026 10:00||NIFTY27JAN2626400CE,0.7499006242138097
27-01-2026 10:00||NIFTY27JAN2626500CE,0.7911306878145681
27-01-2026 10:05||NIFTY27JAN2623800PE,0.844902450555679
27-01-2026 10:05||NIFTY27JAN2623900PE,0.7898699123839176
27-01-2026 10:05||NIFTY27JAN2624100PE,0.6863641915209382
27-01-2026 10:05||NIFTY27JAN2626400CE,0.7643111582880873
27-01-2026 10:10||NIFTY27JAN2624200PE,0.5856536998589973
27-01-2026 10:10||NIFTY27JAN2624900PE,0.2987367151162379
27-01-2026 10:10||NIFTY27JAN2625300CE,0.3701479534017716
27-01-2026 10:10||NIFTY27JAN2625600CE,0.3893863714845157
27-01-2026 10:15||NIFTY27JAN2625800CE,0.4561526020766089
27-01-2026 10:20||NIFTY27JAN2623900PE,0.8332710039343634
27-01-2026 10:20||NIFTY27JAN2624500PE,0.5182252386367461
27-01-2026 10:20||NIFTY27JAN2624600PE,0.472017181741886
27-01-2026 10:20||NIFTY27JAN2624800PE,0.3904573880536762
27-01-2026 10:20||NIFTY27JAN2625000PE,0.3271437500513783
27-01-2026 10:20||NIFTY27JAN2625400CE,0.2997703028039806
27-01-2026 10:20||NIFTY27JAN2625800CE,0.4341124494406045
27-01-2026 10:25||NIFTY27JAN2624600PE,0.4717780305674091
27-01-2026 10:25||NIFTY27JAN2624900PE,0.3879763387652116
27-01-2026 10:25||NIFTY27JAN2626000CE,0.5568869723715698
27-01-2026 10:25||NIFTY27JAN2626300CE,0.7186731362308397
27-01-2026 10:25||NIFTY27JAN2626400CE,0.7631153747162491
27-01-2026 10:30||NIFTY27JAN2624100PE,0.689452473190566
27-01-2026 10:30||NIFTY27JAN2624800PE,0.3695118331989341
27-01-2026 10:30||NIFTY27JAN2625400CE,0.3201081436724245
27-01-2026 10:30||NIFTY27JAN2625600CE,0.3766972000702926
27-01-2026 10:30||NIFTY27JAN2625900CE,0.531079200305163
27-01-2026 10:30||NIFTY27JAN2626200CE,0.7034820604813008
27-01-2026 10:35||NIFTY27JAN2624300PE,0.5836802912589472
27-01-2026 10:35||NIFTY27JAN2624400PE,0.5344362052978728
27-01-2026 10:35||NIFTY27JAN2624800PE,0.380387154545997
27-01-2026 10:35||NIFTY27JAN2625200CE,0.2540763285224975
27-01-2026 10:35||NIFTY27JAN2625300CE,0.28009013325785
27-01-2026 10:35||NIFTY27JAN2625700CE,0.4274284038990271
27-01-2026 10:40||NIFTY27JAN2624400PE,0.5060514083627403
27-01-2026 10:40||NIFTY27JAN2625200CE,0.2468771454149907
27-01-2026 10:40||NIFTY27JAN2625700CE,0.4509503730005929
27-01-2026 10:40||NIFTY27JAN2626100CE,0.6866760332977131
27-01-2026 10:40||NIFTY27JAN2626200CE,0.7403337488844148
27-01-2026 10:45||NIFTY27JAN2624000PE,0.6948013384026843
27-01-2026 10:45||NIFTY27JAN2624700PE,0.3592803898746838
27-01-2026 10:45||NIFTY27JAN2624900PE,0.3080477197107864
27-01-2026 10:45||NIFTY27JAN2625500CE,0.3937775092909542
27-01-2026 10:45||NIFTY27JAN2626200CE,0.7885191159102202
27-01-2026 10:45||NIFTY27JAN2626400CE,0.870710913338352
27-01-2026 10:50||NIFTY27JAN2623900PE,0.7814499557309438
27-01-2026 10:50||NIFTY27JAN2624000PE,0.7120771307720788
27-01-2026 10:50||NIFTY27JAN2624600PE,0.4017901807847824
27-01-2026 10:50||NIFTY27JAN2625000PE,0.3822844346786294
27-01-2026 10:50||NIFTY27JAN2625200CE,0.2905475254562268
27-01-2026 10:50||NIFTY27JAN2625400CE,0.3706327741747557
27-01-2026 10:50||NIFTY27JAN2625700CE,0.5204724340287876
27-01-2026 10:55||NIFTY27JAN2623900PE,0.7671537444971241
27-01-2026 10:55||NIFTY27JAN2624400PE,0.461820094664344
27-01-2026 10:55||NIFTY27JAN2624900PE,0.3460053750056351
27-01-2026 10:55||NIFTY27JAN2625000PE,0.3589185593450871
27-01-2026 10:55||NIFTY27JAN2625300CE,0.3531568225394083
27-01-2026 10:55||NIFTY27JAN2625400CE,0.3885021911530656
27-01-2026 10:55||NIFTY27JAN2625600CE,0.4806609237088807
27-01-2026 10:55||NIFTY27JAN2626400CE,0.9239048664103556
27-01-2026 11:00||NIFTY27JAN2623800PE,0.8693558477285196
27-01-2026 11:00||NIFTY27JAN2623900PE,0.7883493286095934
27-01-2026 11:00||NIFTY27JAN2624300PE,0.4815501559838827
27-01-2026 11:00||NIFTY27JAN2625200CE,0.2940524771662317
27-01-2026 11:00||NIFTY27JAN2625300CE,0.3433536800338234
27-01-2026 11:00||NIFTY27JAN2625400CE,0.3931317679434837
27-01-2026 11:00||NIFTY27JAN2626300CE,0.891144337194478
27-01-2026 11:05||NIFTY27JAN2623800PE,0.8143713220909746
27-01-2026 11:05||NIFTY27JAN2624100PE,0.6451521832471103
27-01-2026 11:05||NIFTY27JAN2624200PE,0.577553517713042
27-01-2026 11:05||NIFTY27JAN2624900PE,0.3084265475975724
27-01-2026 11:05||NIFTY27JAN2625300CE,0.3716275808683371
27-01-2026 11:05||NIFTY27JAN2625700CE,0.5383752009504486
27-01-2026 11:10||NIFTY27JAN2624200PE,0.5867465745028602
27-01-2026 11:10||NIFTY27JAN2624400PE,0.471739252747148
27-01-2026 11:10||NIFTY27JAN2624900PE,0.3004029221952899
27-01-2026 11:10||NIFTY27JAN2625300CE,0.3672112072189476
27-01-2026 11:10||NIFTY27JAN2625500CE,0.4340122720487386
27-01-2026 11:10||NIFTY27JAN2625800CE,0.5987837150524045
27-01-2026 11:10||NIFTY27JAN2626500CE,0.9865199482734692
27-01-2026 11:15||NIFTY27JAN2624300PE,0.5469809621464996
27-01-2026 11:15||NIFTY27JAN2625000PE,0.283504854900042
27-01-2026 11:15||NIFTY27JAN2625100PE,0.2713007472831306
27-01-2026 11:15||NIFTY27JAN2626400CE,0.930237132736595
27-01-2026 11:20||NIFTY27JAN2625300CE,0.3377333710087282
27-01-2026 11:20||NIFTY27JAN2626100CE,0.766167909860112
27-01-2026 11:25||NIFTY27JAN2623800PE,0.8695834743862708
27-01-2026 11:25||NIFTY27JAN2624000PE,0.7624758014065858
27-01-2026 11:25||NIFTY27JAN2624200PE,0.6195673423086407
27-01-2026 11:25||NIFTY27JAN2624900PE,0.2821222921120472
27-01-2026 11:25||NIFTY27JAN2625600CE,0.4686302304531631
27-01-2026 11:25||NIFTY27JAN2626500CE,0.979618548398174
27-01-2026 11:30||NIFTY27JAN2624200PE,0.6659460472201286
27-01-2026 11:30||NIFTY27JAN2625100PE,0.3286234068003156
27-01-2026 11:30||NIFTY27JAN2625600CE,0.439253474869705
27-01-2026 11:30||NIFTY27JAN2625900CE,0.6178838552411494
27-01-2026 11:30||NIFTY27JAN2626200CE,0.8029197484746831
27-01-2026 11:35||NIFTY27JAN2624000PE,0.7940235963252661
27-01-2026 11:35||NIFTY27JAN2624900PE,0.301661086677449
27-01-2026 11:35||NIFTY27JAN2625200CE,0.3232659970507676
27-01-2026 11:40||NIFTY27JAN2623800PE,0.932563631217887
27-01-2026 11:40||NIFTY27JAN2624000PE,0.8227466956850805
27-01-2026 11:40||NIFTY27JAN2626000CE,0.6604332345569632
27-01-2026 11:40||NIFTY27JAN2626300CE,0.8292491865384718
27-01-2026 11:45||NIFTY27JAN2624300PE,0.6519138495026902
27-01-2026 11:45||NIFTY27JAN2624400PE,0.5918575872471112
27-01-2026 11:45||NIFTY27JAN2624500PE,0.5377083013520404
27-01-2026 11:45||NIFTY27JAN2626100CE,0.6695089902992857
27-01-2026 11:45||NIFTY27JAN2626400CE,0.8311477930422122
27-01-2026 11:50||NIFTY27JAN2624700PE,0.4227647319073838
27-01-2026 11:50||NIFTY27JAN2624900PE,0.3694711219252936
27-01-2026 11:50||NIFTY27JAN2625700CE,0.4681876098244971
27-01-2026 11:50||NIFTY27JAN2626000CE,0.6522054864050602
27-01-2026 11:55||NIFTY27JAN2623900PE,0.9070583638389592
27-01-2026 11:55||NIFTY27JAN2624000PE,0.8189480325788747
27-01-2026 11:55||NIFTY27JAN2624400PE,0.544461204248816
27-01-2026 11:55||NIFTY27JAN2624500PE,0.4920238015602982
27-01-2026 11:55||NIFTY27JAN2624800PE,0.3635239788437138
27-01-2026 11:55||NIFTY27JAN2625200CE,0.3629263359814713
27-01-2026 11:55||NIFTY27JAN2625400CE,0.3823014508571241
27-01-2026 11:55||NIFTY27JAN2626500CE,0.9703708898622988
27-01-2026 12:00||NIFTY27JAN2624200PE,0.6943293654784677
27-01-2026 12:00||NIFTY27JAN2624300PE,0.6291806322882905
27-01-2026 12:00||NIFTY27JAN2624500PE,0.5087831977947399
27-01-2026 12:00||NIFTY27JAN2625100PE,0.2943264670074688
27-01-2026 12:00||NIFTY27JAN2625500CE,0.4042667519507098
27-01-2026 12:00||NIFTY27JAN2626100CE,0.7244186206119814
27-01-2026 12:00||NIFTY27JAN2626400CE,0.8742380247562861
27-01-2026 12:00||NIFTY27JAN2626500CE,0.9204967241667216
27-01-2026 12:05||NIFTY27JAN2624500PE,0.5315240976662124
27-01-2026 12:05||NIFTY27JAN2624700PE,0.4326940852283462
27-01-2026 12:05||NIFTY27JAN2625100PE,0.3348120818271945
27-01-2026 12:05||NIFTY27JAN2625900CE,0.5938153654895434
27-01-2026 12:05||NIFTY27JAN2626500CE,0.964662758021408
27-01-2026 12:10||NIFTY27JAN2624400PE,0.5949253250568618
27-01-2026 12:10||NIFTY27JAN2625700CE,0.4788019158933482
27-01-2026 12:10||NIFTY27JAN2626400CE,0.9005170000800748
27-01-2026 12:15||NIFTY27JAN2624500PE,0.5507008422491458
27-01-2026 12:15||NIFTY27JAN2624600PE,0.5003871542013385
27-01-2026 12:15||NIFTY27JAN2626000CE,0.6913439063235158
27-01-2026 12:15||NIFTY27JAN2626200CE,0.8165346814723259
27-01-2026 12:20||NIFTY27JAN2624000PE,0.8781564636026218
27-01-2026 12:20||NIFTY27JAN2624200PE,0.7449696828317578
27-01-2026 12:20||NIFTY27JAN2625000PE,0.2887059764202414
27-01-2026 12:20||NIFTY27JAN2625300CE,0.3750481927827502
27-01-2026 12:20||NIFTY27JAN2625600CE,0.4455925213097155
27-01-2026 12:25||NIFTY27JAN2624100PE,0.8425269939427323
27-01-2026 12:25||NIFTY27JAN2624700PE,0.4702084654859629
27-01-2026 12:25||NIFTY27JAN2625400CE,0.331134310957946
27-01-2026 12:25||NIFTY27JAN2625900CE,0.6212043195155887
27-01-2026 12:30||NIFTY27JAN2625300CE,0.3449485489311662
27-01-2026 12:35||NIFTY27JAN2624100PE,0.8512227786706139
27-01-2026 12:35||NIFTY27JAN2624400PE,0.6388399227198498
27-01-2026 12:35||NIFTY27JAN2624900PE,0.3840880599054312
27-01-2026 12:35||NIFTY27JAN2625100PE,0.3467015468445508
27-01-2026 12:35||NIFTY27JAN2625800CE,0.5968500326802162
27-01-2026 12:35||NIFTY27JAN2626100CE,0.8106543968613493
27-01-2026 12:40||NIFTY27JAN2624200PE,0.7753547947093233
27-01-2026 12:40||NIFTY27JAN2624700PE,0.4388029195165702
27-01-2026 12:40||NIFTY27JAN2624800PE,0.3931512663313559
27-01-2026 12:40||NIFTY27JAN2624900PE,0.3599550302313096
27-01-2026 12:40||NIFTY27JAN2625100PE,0.3065514100462772
27-01-2026 12:40||NIFTY27JAN2625200CE,0.3308527752417577
27-01-2026 12:40||NIFTY27JAN2625900CE,0.6833099735280035
27-01-2026 12:40||NIFTY27JAN2626000CE,0.7529516390777964
27-01-2026 12:40||NIFTY27JAN2626300CE,0.9444807430581024
27-01-2026 12:45||NIFTY27JAN2625200CE,0.2922347284565601
27-01-2026 12:45||NIFTY27JAN2625700CE,0.5616778907687581
27-01-2026 12:45||NIFTY27JAN2625900CE,0.6980098163673545
27-01-2026 12:45||NIFTY27JAN2626200CE,0.8986523704071427
27-01-2026 12:50||NIFTY27JAN2624600PE,0.4772834417058844
27-01-2026 12:50||NIFTY27JAN2625000PE,0.2731790509632429
27-01-2026 12:50||NIFTY27JAN2625100PE,0.2301388077361149
27-01-2026 12:50||NIFTY27JAN2625900CE,0.7358337507489154
27-01-2026 12:50||NIFTY27JAN2626200CE,0.9365791058598056
27-01-2026 12:50||NIFTY27JAN2626500CE,1.090894172928491
27-01-2026 12:55||NIFTY27JAN2623900PE,1.0444812054970245
27-01-2026 12:55||NIFTY27JAN2624000PE,0.9636454966820852
27-01-2026 12:55||NIFTY27JAN2625500CE,0.4410811172256804
27-01-2026 12:55||NIFTY27JAN2625600CE,0.5010296839275807
27-01-2026 12:55||NIFTY27JAN2625800CE,0.6402445021139662
27-01-2026 12:55||NIFTY27JAN2626200CE,0.9300434833917914
27-01-2026 13:00||NIFTY27JAN2624100PE,0.8805279967974757
27-01-2026 13:00||NIFTY27JAN2624500PE,0.5838328742419275
27-01-2026 13:00||NIFTY27JAN2625400CE,0.3975240654367973
27-01-2026 13:00||NIFTY27JAN2626000CE,0.8115207010127086
27-01-2026 13:05||NIFTY27JAN2623900PE,1.054694475690197
27-01-2026 13:05||NIFTY27JAN2624500PE,0.5808975678090655
27-01-2026 13:05||NIFTY27JAN2624800PE,0.3973108989507335
27-01-2026 13:10||NIFTY27JAN2624200PE,0.8233694248702326
27-01-2026 13:10||NIFTY27JAN2624500PE,0.6065384916297267
27-01-2026 13:10||NIFTY27JAN2624600PE,0.5394990757511559
27-01-2026 13:10||NIFTY27JAN2624700PE,0.4757606779246907
27-01-2026 13:15||NIFTY27JAN2624400PE,0.684176198301182
27-01-2026 13:15||NIFTY27JAN2625000PE,0.3092956023349357
27-01-2026 13:15||NIFTY27JAN2625200CE,0.3798446887219919
27-01-2026 13:15||NIFTY27JAN2626300CE,1.0525657524543688
27-01-2026 13:20||NIFTY27JAN2624000PE,1.0145681639385118
27-01-2026 13:20||NIFTY27JAN2624200PE,0.8523770984787458
27-01-2026 13:20||NIFTY27JAN2624600PE,0.5391851936101169
27-01-2026 13:20||NIFTY27JAN2624900PE,0.3432310903731061
27-01-2026 13:20||NIFTY27JAN2625700CE,0.6209049141268081
27-01-2026 13:20||NIFTY27JAN2625900CE,0.7765775952563703
27-01-2026 13:25||NIFTY27JAN2623800PE,1.156052399363373
27-01-2026 13:25||NIFTY27JAN2625100PE,0.2568674532413362
27-01-2026 13:25||NIFTY27JAN2625700CE,0.6264736194621879
27-01-2026 13:30||NIFTY27JAN2624100PE,1.022306197859892
27-01-2026 13:30||NIFTY27JAN2624300PE,0.8507082790146718
27-01-2026 13:30||NIFTY27JAN2625100PE,0.3170992421806141
27-01-2026 13:30||NIFTY27JAN2625400CE,0.428805309714396
27-01-2026 13:30||NIFTY27JAN2626300CE,1.1059240558073746
27-01-2026 13:35||NIFTY27JAN2623900PE,1.1549710078994773
27-01-2026 13:35||NIFTY27JAN2624300PE,0.8497259139185495
27-01-2026 13:35||NIFTY27JAN2624400PE,0.7638505135026162
27-01-2026 13:35||NIFTY27JAN2624600PE,0.6150201900872758
27-01-2026 13:35||NIFTY27JAN2624800PE,0.5277309179935386
27-01-2026 13:35||NIFTY27JAN2625300CE,0.3488367855803603
27-01-2026 13:35||NIFTY27JAN2625600CE,0.5771743398539945
27-01-2026 13:35||NIFTY27JAN2626000CE,0.9095027887098162
27-01-2026 13:35||NIFTY27JAN2626200CE,1.0693572607832478
27-01-2026 13:35||NIFTY27JAN2626300CE,1.144358230525691
27-01-2026 13:35||NIFTY27JAN2626400CE,1.214857637459513
27-01-2026 13:40||NIFTY27JAN2625500CE,0.5683965716603664
27-01-2026 13:40||NIFTY27JAN2626300CE,1.2078096752233205
27-01-2026 13:45||NIFTY27JAN2623800PE,1.2596732676864515
27-01-2026 13:45||NIFTY27JAN2623900PE,1.1724491619539408
27-01-2026 13:45||NIFTY27JAN2624100PE,1.011422226460427
27-01-2026 13:45||NIFTY27JAN2624700PE,0.4857608471613872
27-01-2026 13:45||NIFTY27JAN2625300CE,0.4661307634046723
27-01-2026 13:45||NIFTY27JAN2625600CE,0.6573961486404873
27-01-2026 13:45||NIFTY27JAN2625700CE,0.7367040814614962
27-01-2026 13:45||NIFTY27JAN2625800CE,0.8199955833123669
27-01-2026 13:45||NIFTY27JAN2625900CE,0.9050728884587786
27-01-2026 13:45||NIFTY27JAN2626000CE,0.9897885625767888
27-01-2026 13:45||NIFTY27JAN2626300CE,1.2210230468915964
27-01-2026 13:45||NIFTY27JAN2626400CE,1.2837857684163856
27-01-2026 13:50||NIFTY27JAN2623900PE,1.2440806910967852
27-01-2026 13:50||NIFTY27JAN2624800PE,0.4464380421031455
27-01-2026 13:50||NIFTY27JAN2625000PE,0.3594816648111531
27-01-2026 13:50||NIFTY27JAN2626200CE,1.1910815258679224
27-01-2026 13:55||NIFTY27JAN2623800PE,1.3225433736058627
27-01-2026 13:55||NIFTY27JAN2624000PE,1.1683827588757552
27-01-2026 13:55||NIFTY27JAN2624100PE,1.062175463089554
27-01-2026 13:55||NIFTY27JAN2624300PE,0.8582464485644288
27-01-2026 13:55||NIFTY27JAN2624400PE,0.7614444003507177
27-01-2026 13:55||NIFTY27JAN2624600PE,0.580377824858221
27-01-2026 13:55||NIFTY27JAN2624900PE,0.3464280296508066
27-01-2026 13:55||NIFTY27JAN2625400CE,0.5218520917024458
27-01-2026 13:55||NIFTY27JAN2625700CE,0.7890811745642864
27-01-2026 14:00||NIFTY27JAN2623800PE,1.384432444016329
27-01-2026 14:00||NIFTY27JAN2624300PE,0.9114108915456396
27-01-2026 14:00||NIFTY27JAN2624500PE,0.6990043058097899
27-01-2026 14:00||NIFTY27JAN2625000PE,0.390369182170632
27-01-2026 14:00||NIFTY27JAN2625100PE,0.3657675940021532
27-01-2026 14:05||NIFTY27JAN2624000PE,1.1816314921991555
27-01-2026 14:05||NIFTY27JAN2624800PE,0.4164173257467967
27-01-2026 14:05||NIFTY27JAN2625400CE,0.5779659965986813
27-01-2026 14:05||NIFTY27JAN2625700CE,0.8727085388164987
27-01-2026 14:05||NIFTY27JAN2625800CE,0.972096892910461
27-01-2026 14:05||NIFTY27JAN2626100CE,1.2567715159524253
27-01-2026 14:05||NIFTY27JAN2626200CE,1.343323794053103
27-01-2026 14:05||NIFTY27JAN2626400CE,1.497280698912862
27-01-2026 14:10||NIFTY27JAN2623900PE,1.3251135693568137
27-01-2026 14:10||NIFTY27JAN2624000PE,1.2402555938441238
27-01-2026 14:10||NIFTY27JAN2624600PE,0.6087911962366703
27-01-2026 14:10||NIFTY27JAN2625500CE,0.6581151940341056
27-01-2026 14:10||NIFTY27JAN2626000CE,1.1557498586372348
27-01-2026 14:10||NIFTY27JAN2626200CE,1.3356438174612988
27-01-2026 14:15||NIFTY27JAN2624000PE,1.2780361784047722
27-01-2026 14:15||NIFTY27JAN2624400PE,0.839042663224987
27-01-2026 14:15||NIFTY27JAN2624900PE,0.3599839224673121
27-01-2026 14:15||NIFTY27JAN2625600CE,0.7760403648907539
27-01-2026 14:15||NIFTY27JAN2625800CE,0.992614849799346
27-01-2026 14:20||NIFTY27JAN2624100PE,1.1879412731807957
27-01-2026 14:20||NIFTY27JAN2625500CE,0.6896308563043394
27-01-2026 14:20||NIFTY27JAN2626000CE,1.2110124904375166
27-01-2026 14:20||NIFTY27JAN2626100CE,1.3125003921640253
27-01-2026 14:20||NIFTY27JAN2626500CE,1.7176320339190467
27-01-2026 14:25||NIFTY27JAN2623800PE,1.563892080988939
27-01-2026 14:25||NIFTY27JAN2623900PE,1.452765234633576
27-01-2026 14:25||NIFTY27JAN2624000PE,1.340463377395804
27-01-2026 14:25||NIFTY27JAN2624200PE,1.117524261603375
27-01-2026 14:25||NIFTY27JAN2624300PE,1.0030648064779195
27-01-2026 14:25||NIFTY27JAN2624800PE,0.4158743194571565
27-01-2026 14:25||NIFTY27JAN2624900PE,0.3083518700751037
27-01-2026 14:25||NIFTY27JAN2625000PE,0.2082264715992973
27-01-2026 14:25||NIFTY27JAN2625700CE,0.946365183201618
27-01-2026 14:30||NIFTY27JAN2624000PE,1.428556417102076
27-01-2026 14:30||NIFTY27JAN2624200PE,1.211772518982614
27-01-2026 14:30||NIFTY27JAN2624600PE,0.6839379574367125
27-01-2026 14:30||NIFTY27JAN2625100PE,0.2466027417691479
27-01-2026 14:30||NIFTY27JAN2626400CE,1.7622051714911775
27-01-2026 14:35||NIFTY27JAN2624000PE,1.466389345008876
27-01-2026 14:35||NIFTY27JAN2624200PE,1.2509747616816846
27-01-2026 14:35||NIFTY27JAN2624900PE,0.3423526207343047
27-01-2026 14:35||NIFTY27JAN2625000PE,0.2197160684938026
27-01-2026 14:35||NIFTY27JAN2626200CE,1.6029545704811343
27-01-2026 14:40||NIFTY27JAN2624000PE,1.59253864347679
27-01-2026 14:40||NIFTY27JAN2624800PE,0.537565319472326
27-01-2026 14:40||NIFTY27JAN2626200CE,1.517427867811643
27-01-2026 14:40||NIFTY27JAN2626400CE,1.7292447383236194
27-01-2026 14:45||NIFTY27JAN2624000PE,1.663972212320896
27-01-2026 14:45||NIFTY27JAN2624200PE,1.430861217461246
27-01-2026 14:45||NIFTY27JAN2624700PE,0.7193005868183995
27-01-2026 14:45||NIFTY27JAN2625400CE,0.551224712554226
27-01-2026 14:45||NIFTY27JAN2626400CE,1.8232379267718368
27-01-2026 14:45||NIFTY27JAN2626500CE,1.937310817037706
27-01-2026 14:50||NIFTY27JAN2623800PE,2.02153072356648
27-01-2026 14:50||NIFTY27JAN2624000PE,1.7783440820601786
27-01-2026 14:50||NIFTY27JAN2624200PE,1.5251278441769789
27-01-2026 14:50||NIFTY27JAN2624800PE,0.6259356171679076
27-01-2026 14:50||NIFTY27JAN2625200CE,0.3079717338319329
27-01-2026 14:50||NIFTY27JAN2625900CE,1.236389258722179
27-01-2026 14:55||NIFTY27JAN2623800PE,2.165203855138567
27-01-2026 14:55||NIFTY27JAN2624000PE,1.9724918885709373
27-01-2026 14:55||NIFTY27JAN2624800PE,0.7437775193913241
27-01-2026 14:55||NIFTY27JAN2625500CE,0.6569819226929656
27-01-2026 14:55||NIFTY27JAN2625800CE,1.1394569740388725
27-01-2026 14:55||NIFTY27JAN2626400CE,1.8414886812235167
27-01-2026 15:00||NIFTY27JAN2624100PE,1.8399192021087585
27-01-2026 15:00||NIFTY27JAN2624700PE,0.8642257727972507
27-01-2026 15:00||NIFTY27JAN2625100PE,0.1325306188974611
27-01-2026 15:00||NIFTY27JAN2625400CE,0.5980842683328884
27-01-2026 15:05||NIFTY27JAN2624000PE,2.175489486748566
27-01-2026 15:05||NIFTY27JAN2624100PE,1.9861837578746904
27-01-2026 15:05||NIFTY27JAN2624200PE,1.8068729220821669
27-01-2026 15:05||NIFTY27JAN2624500PE,1.29600659688157
27-01-2026 15:05||NIFTY27JAN2626300CE,2.0347938737246443
27-01-2026 15:10||NIFTY27JAN2623900PE,2.5747985185133104
27-01-2026 15:10||NIFTY27JAN2624000PE,2.401249090186323
27-01-2026 15:10||NIFTY27JAN2624900PE,0.6052158882739492
27-01-2026 15:10||NIFTY27JAN2625400CE,0.6134031876539968
27-01-2026 15:10||NIFTY27JAN2625600CE,1.006871753392732
27-01-2026 15:10||NIFTY27JAN2625800CE,1.3702346257389575
27-01-2026 15:10||NIFTY27JAN2626000CE,1.7187811494227283
27-01-2026 15:15||NIFTY27JAN2625000PE,0.4994242321348563
27-01-2026 15:15||NIFTY27JAN2625900CE,1.693209004498358
27-01-2026 15:15||NIFTY27JAN2626000CE,1.895596394970144
27-01-2026 15:15||NIFTY27JAN2626400CE,2.752134276681146
27-01-2026 15:20||NIFTY27JAN2623800PE,3.966526866477471
27-01-2026 15:20||NIFTY27JAN2623900PE,3.686530070660934
27-01-2026 15:20||NIFTY27JAN2624900PE,0.9590030299543344
27-01-2026 15:20||NIFTY27JAN2625500CE,0.9795248965635868
27-01-2026 15:20||NIFTY27JAN2626000CE,2.275616152912036
27-01-2026 15:20||NIFTY27JAN2626300CE,3.105362529762207
27-01-2026 15:20||NIFTY27JAN2626400CE,3.41894867315462
27-01-2026 15:25||NIFTY27JAN2623800PE,4.53750269999999
27-01-2026 15:25||NIFTY27JAN2624900PE,1.2859737000000009
27-01-2026 15:25||NIFTY27JAN2625100PE,0.6862882628031675
27-01-2026 15:25||NIFTY27JAN2626100CE,3.3893134718540963
27-01-2026 15:25||NIFTY27JAN2626300CE,4.087380230669869
27-01-2026 15:25||NIFTY27JAN2626400CE,4.432359814135072
27-01-2026 15:25||NIFTY27JAN2626500CE,4.772503581684603
